solid RotatedNeedle_9cm
  facet normal -6.797345e-01 2.055647e-01 -7.040626e-01
    outer loop
      vertex   -2.886243e+01 1.289756e+01 -1.835268e+01
      vertex   -2.883776e+01 1.289351e+01 -1.837768e+01
      vertex   -2.899089e+01 1.247277e+01 -1.835268e+01
    endloop
  endfacet
  facet normal -6.797345e-01 2.055647e-01 -7.040626e-01
    outer loop
      vertex   -2.899089e+01 1.247277e+01 -1.835268e+01
      vertex   -2.883776e+01 1.289351e+01 -1.837768e+01
      vertex   -2.896811e+01 1.246247e+01 -1.837768e+01
    endloop
  endfacet
  facet normal -6.033691e-01 3.744885e-01 -7.040626e-01
    outer loop
      vertex   -2.899089e+01 1.247277e+01 -1.835268e+01
      vertex   -2.896811e+01 1.246247e+01 -1.837768e+01
      vertex   -2.922492e+01 1.209571e+01 -1.835268e+01
    endloop
  endfacet
  facet normal -6.033691e-01 3.744885e-01 -7.040626e-01
    outer loop
      vertex   -2.922492e+01 1.209571e+01 -1.835268e+01
      vertex   -2.896811e+01 1.246247e+01 -1.837768e+01
      vertex   -2.920558e+01 1.207986e+01 -1.837768e+01
    endloop
  endfacet
  facet normal -4.858850e-01 5.178915e-01 -7.040626e-01
    outer loop
      vertex   -2.922492e+01 1.209571e+01 -1.835268e+01
      vertex   -2.920558e+01 1.207986e+01 -1.837768e+01
      vertex   -2.954857e+01 1.179206e+01 -1.835268e+01
    endloop
  endfacet
  facet normal -4.858850e-01 5.178915e-01 -7.040626e-01
    outer loop
      vertex   -2.954857e+01 1.179206e+01 -1.835268e+01
      vertex   -2.920558e+01 1.207986e+01 -1.837768e+01
      vertex   -2.953399e+01 1.177175e+01 -1.837768e+01
    endloop
  endfacet
  facet normal -3.352887e-01 6.260011e-01 -7.040626e-01
    outer loop
      vertex   -2.954857e+01 1.179206e+01 -1.835268e+01
      vertex   -2.953399e+01 1.177175e+01 -1.837768e+01
      vertex   -2.993978e+01 1.158253e+01 -1.835268e+01
    endloop
  endfacet
  facet normal -3.352887e-01 6.260011e-01 -7.040626e-01
    outer loop
      vertex   -2.993978e+01 1.158253e+01 -1.835268e+01
      vertex   -2.953399e+01 1.177175e+01 -1.837768e+01
      vertex   -2.993095e+01 1.155914e+01 -1.837768e+01
    endloop
  endfacet
  facet normal -1.618430e-01 6.914497e-01 -7.040626e-01
    outer loop
      vertex   -2.993978e+01 1.158253e+01 -1.835268e+01
      vertex   -2.993095e+01 1.155914e+01 -1.837768e+01
      vertex   -3.037189e+01 1.148139e+01 -1.835268e+01
    endloop
  endfacet
  facet normal -1.618430e-01 6.914497e-01 -7.040626e-01
    outer loop
      vertex   -3.037189e+01 1.148139e+01 -1.835268e+01
      vertex   -2.993095e+01 1.155914e+01 -1.837768e+01
      vertex   -3.036942e+01 1.145651e+01 -1.837768e+01
    endloop
  endfacet
  facet normal 2.263199e-02 7.097772e-01 -7.040626e-01
    outer loop
      vertex   -3.037189e+01 1.148139e+01 -1.835268e+01
      vertex   -3.036942e+01 1.145651e+01 -1.837768e+01
      vertex   -3.081545e+01 1.149553e+01 -1.835268e+01
    endloop
  endfacet
  facet normal 2.263199e-02 7.097772e-01 -7.040626e-01
    outer loop
      vertex   -3.081545e+01 1.149553e+01 -1.835268e+01
      vertex   -3.036942e+01 1.145651e+01 -1.837768e+01
      vertex   -3.081950e+01 1.147086e+01 -1.837768e+01
    endloop
  endfacet
  facet normal 2.055647e-01 6.797345e-01 -7.040626e-01
    outer loop
      vertex   -3.081545e+01 1.149553e+01 -1.835268e+01
      vertex   -3.081950e+01 1.147086e+01 -1.837768e+01
      vertex   -3.124024e+01 1.162399e+01 -1.835268e+01
    endloop
  endfacet
  facet normal 2.055647e-01 6.797345e-01 -7.040626e-01
    outer loop
      vertex   -3.124024e+01 1.162399e+01 -1.835268e+01
      vertex   -3.081950e+01 1.147086e+01 -1.837768e+01
      vertex   -3.125054e+01 1.160121e+01 -1.837768e+01
    endloop
  endfacet
  facet normal 3.744885e-01 6.033691e-01 -7.040626e-01
    outer loop
      vertex   -3.124024e+01 1.162399e+01 -1.835268e+01
      vertex   -3.125054e+01 1.160121e+01 -1.837768e+01
      vertex   -3.161731e+01 1.185802e+01 -1.835268e+01
    endloop
  endfacet
  facet normal 3.744885e-01 6.033691e-01 -7.040626e-01
    outer loop
      vertex   -3.161731e+01 1.185802e+01 -1.835268e+01
      vertex   -3.125054e+01 1.160121e+01 -1.837768e+01
      vertex   -3.163315e+01 1.183869e+01 -1.837768e+01
    endloop
  endfacet
  facet normal 5.178915e-01 4.858850e-01 -7.040626e-01
    outer loop
      vertex   -3.161731e+01 1.185802e+01 -1.835268e+01
      vertex   -3.163315e+01 1.183869e+01 -1.837768e+01
      vertex   -3.192095e+01 1.218167e+01 -1.835268e+01
    endloop
  endfacet
  facet normal 5.178915e-01 4.858850e-01 -7.040626e-01
    outer loop
      vertex   -3.192095e+01 1.218167e+01 -1.835268e+01
      vertex   -3.163315e+01 1.183869e+01 -1.837768e+01
      vertex   -3.194126e+01 1.216709e+01 -1.837768e+01
    endloop
  endfacet
  facet normal 6.260011e-01 3.352887e-01 -7.040626e-01
    outer loop
      vertex   -3.192095e+01 1.218167e+01 -1.835268e+01
      vertex   -3.194126e+01 1.216709e+01 -1.837768e+01
      vertex   -3.213049e+01 1.257288e+01 -1.835268e+01
    endloop
  endfacet
  facet normal 6.260011e-01 3.352887e-01 -7.040626e-01
    outer loop
      vertex   -3.213049e+01 1.257288e+01 -1.835268e+01
      vertex   -3.194126e+01 1.216709e+01 -1.837768e+01
      vertex   -3.215388e+01 1.256406e+01 -1.837768e+01
    endloop
  endfacet
  facet normal 6.914497e-01 1.618430e-01 -7.040626e-01
    outer loop
      vertex   -3.213049e+01 1.257288e+01 -1.835268e+01
      vertex   -3.215388e+01 1.256406e+01 -1.837768e+01
      vertex   -3.223163e+01 1.300499e+01 -1.835268e+01
    endloop
  endfacet
  facet normal 6.914497e-01 1.618430e-01 -7.040626e-01
    outer loop
      vertex   -3.223163e+01 1.300499e+01 -1.835268e+01
      vertex   -3.215388e+01 1.256406e+01 -1.837768e+01
      vertex   -3.225651e+01 1.300252e+01 -1.837768e+01
    endloop
  endfacet
  facet normal 7.097772e-01 -2.263199e-02 -7.040626e-01
    outer loop
      vertex   -3.223163e+01 1.300499e+01 -1.835268e+01
      vertex   -3.225651e+01 1.300252e+01 -1.837768e+01
      vertex   -3.221748e+01 1.344856e+01 -1.835268e+01
    endloop
  endfacet
  facet normal 7.097772e-01 -2.263199e-02 -7.040626e-01
    outer loop
      vertex   -3.221748e+01 1.344856e+01 -1.835268e+01
      vertex   -3.225651e+01 1.300252e+01 -1.837768e+01
      vertex   -3.224215e+01 1.345261e+01 -1.837768e+01
    endloop
  endfacet
  facet normal 6.797345e-01 -2.055647e-01 -7.040626e-01
    outer loop
      vertex   -3.221748e+01 1.344856e+01 -1.835268e+01
      vertex   -3.224215e+01 1.345261e+01 -1.837768e+01
      vertex   -3.208902e+01 1.387334e+01 -1.835268e+01
    endloop
  endfacet
  facet normal 6.797345e-01 -2.055647e-01 -7.040626e-01
    outer loop
      vertex   -3.208902e+01 1.387334e+01 -1.835268e+01
      vertex   -3.224215e+01 1.345261e+01 -1.837768e+01
      vertex   -3.211180e+01 1.388364e+01 -1.837768e+01
    endloop
  endfacet
  facet normal 6.033691e-01 -3.744885e-01 -7.040626e-01
    outer loop
      vertex   -3.208902e+01 1.387334e+01 -1.835268e+01
      vertex   -3.211180e+01 1.388364e+01 -1.837768e+01
      vertex   -3.185499e+01 1.425041e+01 -1.835268e+01
    endloop
  endfacet
  facet normal 6.033691e-01 -3.744885e-01 -7.040626e-01
    outer loop
      vertex   -3.185499e+01 1.425041e+01 -1.835268e+01
      vertex   -3.211180e+01 1.388364e+01 -1.837768e+01
      vertex   -3.187433e+01 1.426625e+01 -1.837768e+01
    endloop
  endfacet
  facet normal 4.858850e-01 -5.178915e-01 -7.040626e-01
    outer loop
      vertex   -3.185499e+01 1.425041e+01 -1.835268e+01
      vertex   -3.187433e+01 1.426625e+01 -1.837768e+01
      vertex   -3.153134e+01 1.455406e+01 -1.835268e+01
    endloop
  endfacet
  facet normal 4.858850e-01 -5.178915e-01 -7.040626e-01
    outer loop
      vertex   -3.153134e+01 1.455406e+01 -1.835268e+01
      vertex   -3.187433e+01 1.426625e+01 -1.837768e+01
      vertex   -3.154592e+01 1.457436e+01 -1.837768e+01
    endloop
  endfacet
  facet normal 3.352887e-01 -6.260011e-01 -7.040626e-01
    outer loop
      vertex   -3.153134e+01 1.455406e+01 -1.835268e+01
      vertex   -3.154592e+01 1.457436e+01 -1.837768e+01
      vertex   -3.114013e+01 1.476359e+01 -1.835268e+01
    endloop
  endfacet
  facet normal 3.352887e-01 -6.260011e-01 -7.040626e-01
    outer loop
      vertex   -3.114013e+01 1.476359e+01 -1.835268e+01
      vertex   -3.154592e+01 1.457436e+01 -1.837768e+01
      vertex   -3.114896e+01 1.478698e+01 -1.837768e+01
    endloop
  endfacet
  facet normal 1.618430e-01 -6.914497e-01 -7.040626e-01
    outer loop
      vertex   -3.114013e+01 1.476359e+01 -1.835268e+01
      vertex   -3.114896e+01 1.478698e+01 -1.837768e+01
      vertex   -3.070802e+01 1.486473e+01 -1.835268e+01
    endloop
  endfacet
  facet normal 1.618430e-01 -6.914497e-01 -7.040626e-01
    outer loop
      vertex   -3.070802e+01 1.486473e+01 -1.835268e+01
      vertex   -3.114896e+01 1.478698e+01 -1.837768e+01
      vertex   -3.071049e+01 1.488961e+01 -1.837768e+01
    endloop
  endfacet
  facet normal -2.263199e-02 -7.097772e-01 -7.040626e-01
    outer loop
      vertex   -3.070802e+01 1.486473e+01 -1.835268e+01
      vertex   -3.071049e+01 1.488961e+01 -1.837768e+01
      vertex   -3.026446e+01 1.485059e+01 -1.835268e+01
    endloop
  endfacet
  facet normal -2.263199e-02 -7.097772e-01 -7.040626e-01
    outer loop
      vertex   -3.026446e+01 1.485059e+01 -1.835268e+01
      vertex   -3.071049e+01 1.488961e+01 -1.837768e+01
      vertex   -3.026041e+01 1.487526e+01 -1.837768e+01
    endloop
  endfacet
  facet normal -2.055647e-01 -6.797345e-01 -7.040626e-01
    outer loop
      vertex   -3.026446e+01 1.485059e+01 -1.835268e+01
      vertex   -3.026041e+01 1.487526e+01 -1.837768e+01
      vertex   -2.983967e+01 1.472212e+01 -1.835268e+01
    endloop
  endfacet
  facet normal -2.055647e-01 -6.797345e-01 -7.040626e-01
    outer loop
      vertex   -2.983967e+01 1.472212e+01 -1.835268e+01
      vertex   -3.026041e+01 1.487526e+01 -1.837768e+01
      vertex   -2.982937e+01 1.474490e+01 -1.837768e+01
    endloop
  endfacet
  facet normal -3.744885e-01 -6.033691e-01 -7.040626e-01
    outer loop
      vertex   -2.983967e+01 1.472212e+01 -1.835268e+01
      vertex   -2.982937e+01 1.474490e+01 -1.837768e+01
      vertex   -2.946260e+01 1.448809e+01 -1.835268e+01
    endloop
  endfacet
  facet normal -3.744885e-01 -6.033691e-01 -7.040626e-01
    outer loop
      vertex   -2.946260e+01 1.448809e+01 -1.835268e+01
      vertex   -2.982937e+01 1.474490e+01 -1.837768e+01
      vertex   -2.944676e+01 1.450743e+01 -1.837768e+01
    endloop
  endfacet
  facet normal -5.178915e-01 -4.858850e-01 -7.040626e-01
    outer loop
      vertex   -2.946260e+01 1.448809e+01 -1.835268e+01
      vertex   -2.944676e+01 1.450743e+01 -1.837768e+01
      vertex   -2.915896e+01 1.416444e+01 -1.835268e+01
    endloop
  endfacet
  facet normal -5.178915e-01 -4.858850e-01 -7.040626e-01
    outer loop
      vertex   -2.915896e+01 1.416444e+01 -1.835268e+01
      vertex   -2.944676e+01 1.450743e+01 -1.837768e+01
      vertex   -2.913865e+01 1.417902e+01 -1.837768e+01
    endloop
  endfacet
  facet normal -6.260011e-01 -3.352887e-01 -7.040626e-01
    outer loop
      vertex   -2.915896e+01 1.416444e+01 -1.835268e+01
      vertex   -2.913865e+01 1.417902e+01 -1.837768e+01
      vertex   -2.894942e+01 1.377323e+01 -1.835268e+01
    endloop
  endfacet
  facet normal -6.260011e-01 -3.352887e-01 -7.040626e-01
    outer loop
      vertex   -2.894942e+01 1.377323e+01 -1.835268e+01
      vertex   -2.913865e+01 1.417902e+01 -1.837768e+01
      vertex   -2.892603e+01 1.378206e+01 -1.837768e+01
    endloop
  endfacet
  facet normal -6.914497e-01 -1.618430e-01 -7.040626e-01
    outer loop
      vertex   -2.894942e+01 1.377323e+01 -1.835268e+01
      vertex   -2.892603e+01 1.378206e+01 -1.837768e+01
      vertex   -2.884828e+01 1.334112e+01 -1.835268e+01
    endloop
  endfacet
  facet normal -6.914497e-01 -1.618430e-01 -7.040626e-01
    outer loop
      vertex   -2.884828e+01 1.334112e+01 -1.835268e+01
      vertex   -2.892603e+01 1.378206e+01 -1.837768e+01
      vertex   -2.882341e+01 1.334360e+01 -1.837768e+01
    endloop
  endfacet
  facet normal -7.097772e-01 2.263199e-02 -7.040626e-01
    outer loop
      vertex   -2.884828e+01 1.334112e+01 -1.835268e+01
      vertex   -2.882341e+01 1.334360e+01 -1.837768e+01
      vertex   -2.886243e+01 1.289756e+01 -1.835268e+01
    endloop
  endfacet
  facet normal -7.097772e-01 2.263199e-02 -7.040626e-01
    outer loop
      vertex   -2.886243e+01 1.289756e+01 -1.835268e+01
      vertex   -2.882341e+01 1.334360e+01 -1.837768e+01
      vertex   -2.883776e+01 1.289351e+01 -1.837768e+01
    endloop
  endfacet
  facet normal -6.457940e-02 9.979125e-01 3.117120e-04
    outer loop
      vertex   -3.041254e+01 1.147780e+01 -1.528021e+01
      vertex   -3.037189e+01 1.148139e+01 -1.835268e+01
      vertex   -3.042888e+01 1.147669e+01 -1.512768e+01
    endloop
  endfacet
  facet normal 3.186979e-02 9.994900e-01 2.018532e-03
    outer loop
      vertex   -3.042888e+01 1.147669e+01 -1.512768e+01
      vertex   -3.037189e+01 1.148139e+01 -1.835268e+01
      vertex   -3.081545e+01 1.149553e+01 -1.835268e+01
    endloop
  endfacet
  facet normal 5.707528e-02 9.983694e-01 -1.009303e-03
    outer loop
      vertex   -3.042888e+01 1.147669e+01 -1.512768e+01
      vertex   -3.081545e+01 1.149553e+01 -1.835268e+01
      vertex   -3.084363e+01 1.150040e+01 -1.512768e+01
    endloop
  endfacet
  facet normal 2.894713e-01 9.571861e-01 1.083354e-03
    outer loop
      vertex   -3.084363e+01 1.150040e+01 -1.512768e+01
      vertex   -3.081545e+01 1.149553e+01 -1.835268e+01
      vertex   -3.124024e+01 1.162399e+01 -1.835268e+01
    endloop
  endfacet
  facet normal 2.975114e-01 9.547183e-01 -1.118726e-15
    outer loop
      vertex   -3.084363e+01 1.150040e+01 -1.512768e+01
      vertex   -3.124024e+01 1.162399e+01 -1.835268e+01
      vertex   -3.124024e+01 1.162399e+01 -1.512768e+01
    endloop
  endfacet
  facet normal 5.201817e-01 8.540556e-01 -1.625614e-16
    outer loop
      vertex   -3.124024e+01 1.162399e+01 -1.512768e+01
      vertex   -3.124024e+01 1.162399e+01 -1.835268e+01
      vertex   -3.159504e+01 1.184009e+01 -1.512768e+01
    endloop
  endfacet
  facet normal 5.273458e-01 8.496501e-01 1.083354e-03
    outer loop
      vertex   -3.159504e+01 1.184009e+01 -1.512768e+01
      vertex   -3.124024e+01 1.162399e+01 -1.835268e+01
      vertex   -3.161731e+01 1.185802e+01 -1.835268e+01
    endloop
  endfacet
  facet normal 7.117889e-01 7.023927e-01 -1.009303e-03
    outer loop
      vertex   -3.159504e+01 1.184009e+01 -1.512768e+01
      vertex   -3.161731e+01 1.185802e+01 -1.835268e+01
      vertex   -3.188683e+01 1.213578e+01 -1.512768e+01
    endloop
  endfacet
  facet normal 7.547800e-01 6.559450e-01 6.583929e-03
    outer loop
      vertex   -3.188683e+01 1.213578e+01 -1.512768e+01
      vertex   -3.161731e+01 1.185802e+01 -1.835268e+01
      vertex   -3.189680e+01 1.214879e+01 -1.528021e+01
    endloop
  endfacet
  facet normal 7.292821e-01 6.842113e-01 1.589514e-03
    outer loop
      vertex   -3.189680e+01 1.214879e+01 -1.528021e+01
      vertex   -3.161731e+01 1.185802e+01 -1.835268e+01
      vertex   -3.192095e+01 1.218167e+01 -1.835268e+01
    endloop
  endfacet
  facet normal 8.066658e-01 5.910078e-01 -1.650318e-05
    outer loop
      vertex   -3.189680e+01 1.214879e+01 -1.528021e+01
      vertex   -3.192095e+01 1.218167e+01 -1.835268e+01
      vertex   -3.192350e+01 1.218523e+01 -1.542593e+01
    endloop
  endfacet
  facet normal 8.392177e-01 5.437956e-01 6.924385e-05
    outer loop
      vertex   -3.192350e+01 1.218523e+01 -1.542593e+01
      vertex   -3.192095e+01 1.218167e+01 -1.835268e+01
      vertex   -3.200705e+01 1.231421e+01 -1.569899e+01
    endloop
  endfacet
  facet normal 8.900250e-01 4.558708e-01 6.109118e-03
    outer loop
      vertex   -3.200705e+01 1.231421e+01 -1.569899e+01
      vertex   -3.192095e+01 1.218167e+01 -1.835268e+01
      vertex   -3.210055e+01 1.250007e+01 -1.594724e+01
    endloop
  endfacet
  facet normal 8.815156e-01 4.721433e-01 3.319831e-03
    outer loop
      vertex   -3.210055e+01 1.250007e+01 -1.594724e+01
      vertex   -3.192095e+01 1.218167e+01 -1.835268e+01
      vertex   -3.213049e+01 1.257288e+01 -1.835268e+01
    endloop
  endfacet
  facet normal 9.435295e-01 3.312841e-01 -1.715432e-03
    outer loop
      vertex   -3.210055e+01 1.250007e+01 -1.594724e+01
      vertex   -3.213049e+01 1.257288e+01 -1.835268e+01
      vertex   -3.217947e+01 1.272374e+01 -1.616362e+01
    endloop
  endfacet
  facet normal 9.736657e-01 2.278994e-01 6.083590e-03
    outer loop
      vertex   -3.217947e+01 1.272374e+01 -1.616362e+01
      vertex   -3.213049e+01 1.257288e+01 -1.835268e+01
      vertex   -3.223163e+01 1.300499e+01 -1.835268e+01
    endloop
  endfacet
  facet normal 9.819534e-01 1.891210e-01 9.038024e-04
    outer loop
      vertex   -3.217947e+01 1.272374e+01 -1.616362e+01
      vertex   -3.223163e+01 1.300499e+01 -1.835268e+01
      vertex   -3.222862e+01 1.297979e+01 -1.634795e+01
    endloop
  endfacet
  facet normal 9.995866e-01 2.872706e-02 -1.139222e-03
    outer loop
      vertex   -3.222862e+01 1.297979e+01 -1.634795e+01
      vertex   -3.223163e+01 1.300499e+01 -1.835268e+01
      vertex   -3.223715e+01 1.327063e+01 -1.649794e+01
    endloop
  endfacet
  facet normal 9.994636e-01 -3.186895e-02 7.539214e-03
    outer loop
      vertex   -3.223715e+01 1.327063e+01 -1.649794e+01
      vertex   -3.223163e+01 1.300499e+01 -1.835268e+01
      vertex   -3.221748e+01 1.344856e+01 -1.835268e+01
    endloop
  endfacet
  facet normal 9.885871e-01 -1.505982e-01 -3.965524e-03
    outer loop
      vertex   -3.223715e+01 1.327063e+01 -1.649794e+01
      vertex   -3.221748e+01 1.344856e+01 -1.835268e+01
      vertex   -3.219097e+01 1.357631e+01 -1.659428e+01
    endloop
  endfacet
  facet normal 9.599894e-01 -2.799749e-01 5.865211e-03
    outer loop
      vertex   -3.219097e+01 1.357631e+01 -1.659428e+01
      vertex   -3.221748e+01 1.344856e+01 -1.835268e+01
      vertex   -3.214674e+01 1.372744e+01 -1.661921e+01
    endloop
  endfacet
  facet normal 9.571597e-01 -2.894633e-01 7.507205e-03
    outer loop
      vertex   -3.214674e+01 1.372744e+01 -1.661921e+01
      vertex   -3.221748e+01 1.344856e+01 -1.835268e+01
      vertex   -3.208902e+01 1.387334e+01 -1.835268e+01
    endloop
  endfacet
  facet normal 9.298800e-01 -3.678631e-01 4.967061e-15
    outer loop
      vertex   -3.214674e+01 1.372744e+01 -1.661921e+01
      vertex   -3.208902e+01 1.387334e+01 -1.835268e+01
      vertex   -3.208902e+01 1.387334e+01 -1.662768e+01
    endloop
  endfacet
  facet normal 8.904612e-01 -4.550593e-01 5.073710e-15
    outer loop
      vertex   -3.208902e+01 1.387334e+01 -1.662768e+01
      vertex   -3.208902e+01 1.387334e+01 -1.835268e+01
      vertex   -3.201762e+01 1.401306e+01 -1.661921e+01
    endloop
  endfacet
  facet normal 8.496266e-01 -5.273313e-01 7.507205e-03
    outer loop
      vertex   -3.201762e+01 1.401306e+01 -1.661921e+01
      vertex   -3.208902e+01 1.387334e+01 -1.835268e+01
      vertex   -3.185499e+01 1.425041e+01 -1.835268e+01
    endloop
  endfacet
  facet normal 8.443729e-01 -5.357238e-01 5.865211e-03
    outer loop
      vertex   -3.201762e+01 1.401306e+01 -1.661921e+01
      vertex   -3.185499e+01 1.425041e+01 -1.835268e+01
      vertex   -3.193338e+01 1.414611e+01 -1.659428e+01
    endloop
  endfacet
  facet normal 7.661397e-01 -6.426619e-01 -3.965524e-03
    outer loop
      vertex   -3.193338e+01 1.414611e+01 -1.659428e+01
      vertex   -3.185499e+01 1.425041e+01 -1.835268e+01
      vertex   -3.173441e+01 1.438271e+01 -1.649794e+01
    endloop
  endfacet
  facet normal 6.841928e-01 -7.292623e-01 7.539214e-03
    outer loop
      vertex   -3.173441e+01 1.438271e+01 -1.649794e+01
      vertex   -3.185499e+01 1.425041e+01 -1.835268e+01
      vertex   -3.153134e+01 1.455406e+01 -1.835268e+01
    endloop
  endfacet
  facet normal 6.387835e-01 -7.693857e-01 -1.139222e-03
    outer loop
      vertex   -3.173441e+01 1.438271e+01 -1.649794e+01
      vertex   -3.153134e+01 1.455406e+01 -1.835268e+01
      vertex   -3.151043e+01 1.456845e+01 -1.634795e+01
    endloop
  endfacet
  facet normal 5.067239e-01 -8.621079e-01 9.038024e-04
    outer loop
      vertex   -3.151043e+01 1.456845e+01 -1.634795e+01
      vertex   -3.153134e+01 1.455406e+01 -1.835268e+01
      vertex   -3.128574e+01 1.470071e+01 -1.616362e+01
    endloop
  endfacet
  facet normal 4.721372e-01 -8.815041e-01 6.083590e-03
    outer loop
      vertex   -3.128574e+01 1.470071e+01 -1.616362e+01
      vertex   -3.153134e+01 1.455406e+01 -1.835268e+01
      vertex   -3.114013e+01 1.476359e+01 -1.835268e+01
    endloop
  endfacet
  facet normal 3.746158e-01 -9.271785e-01 -1.715432e-03
    outer loop
      vertex   -3.128574e+01 1.470071e+01 -1.616362e+01
      vertex   -3.114013e+01 1.476359e+01 -1.835268e+01
      vertex   -3.106570e+01 1.478921e+01 -1.594724e+01
    endloop
  endfacet
  facet normal 2.498186e-01 -9.682892e-01 2.584246e-03
    outer loop
      vertex   -3.106570e+01 1.478921e+01 -1.594724e+01
      vertex   -3.114013e+01 1.476359e+01 -1.835268e+01
      vertex   -3.086440e+01 1.484181e+01 -1.569899e+01
    endloop
  endfacet
  facet normal 2.279008e-01 -9.736714e-01 5.020261e-03
    outer loop
      vertex   -3.086440e+01 1.484181e+01 -1.569899e+01
      vertex   -3.114013e+01 1.476359e+01 -1.835268e+01
      vertex   -3.070802e+01 1.486473e+01 -1.835268e+01
    endloop
  endfacet
  facet normal 1.461688e-01 -9.892597e-01 6.924385e-05
    outer loop
      vertex   -3.086440e+01 1.484181e+01 -1.569899e+01
      vertex   -3.070802e+01 1.486473e+01 -1.835268e+01
      vertex   -3.071238e+01 1.486429e+01 -1.542593e+01
    endloop
  endfacet
  facet normal 8.922120e-02 -9.960118e-01 -1.650318e-05
    outer loop
      vertex   -3.071238e+01 1.486429e+01 -1.542593e+01
      vertex   -3.070802e+01 1.486473e+01 -1.835268e+01
      vertex   -3.066738e+01 1.486832e+01 -1.528021e+01
    endloop
  endfacet
  facet normal 6.457940e-02 -9.979125e-01 3.117120e-04
    outer loop
      vertex   -3.066738e+01 1.486832e+01 -1.528021e+01
      vertex   -3.070802e+01 1.486473e+01 -1.835268e+01
      vertex   -3.065103e+01 1.486943e+01 -1.512768e+01
    endloop
  endfacet
  facet normal -3.186979e-02 -9.994900e-01 2.018532e-03
    outer loop
      vertex   -3.065103e+01 1.486943e+01 -1.512768e+01
      vertex   -3.070802e+01 1.486473e+01 -1.835268e+01
      vertex   -3.026446e+01 1.485059e+01 -1.835268e+01
    endloop
  endfacet
  facet normal -5.707528e-02 -9.983694e-01 -1.009303e-03
    outer loop
      vertex   -3.065103e+01 1.486943e+01 -1.512768e+01
      vertex   -3.026446e+01 1.485059e+01 -1.835268e+01
      vertex   -3.023628e+01 1.484572e+01 -1.512768e+01
    endloop
  endfacet
  facet normal -2.894713e-01 -9.571861e-01 1.083354e-03
    outer loop
      vertex   -3.023628e+01 1.484572e+01 -1.512768e+01
      vertex   -3.026446e+01 1.485059e+01 -1.835268e+01
      vertex   -2.983967e+01 1.472212e+01 -1.835268e+01
    endloop
  endfacet
  facet normal -2.975114e-01 -9.547183e-01 5.956179e-16
    outer loop
      vertex   -3.023628e+01 1.484572e+01 -1.512768e+01
      vertex   -2.983967e+01 1.472212e+01 -1.835268e+01
      vertex   -2.983967e+01 1.472212e+01 -1.512768e+01
    endloop
  endfacet
  facet normal -5.201817e-01 -8.540556e-01 -3.078596e-16
    outer loop
      vertex   -2.983967e+01 1.472212e+01 -1.512768e+01
      vertex   -2.983967e+01 1.472212e+01 -1.835268e+01
      vertex   -2.948488e+01 1.450603e+01 -1.512768e+01
    endloop
  endfacet
  facet normal -5.273458e-01 -8.496501e-01 1.083354e-03
    outer loop
      vertex   -2.948488e+01 1.450603e+01 -1.512768e+01
      vertex   -2.983967e+01 1.472212e+01 -1.835268e+01
      vertex   -2.946260e+01 1.448809e+01 -1.835268e+01
    endloop
  endfacet
  facet normal -7.117889e-01 -7.023927e-01 -1.009303e-03
    outer loop
      vertex   -2.948488e+01 1.450603e+01 -1.512768e+01
      vertex   -2.946260e+01 1.448809e+01 -1.835268e+01
      vertex   -2.919308e+01 1.421033e+01 -1.512768e+01
    endloop
  endfacet
  facet normal -7.547800e-01 -6.559450e-01 6.583929e-03
    outer loop
      vertex   -2.919308e+01 1.421033e+01 -1.512768e+01
      vertex   -2.946260e+01 1.448809e+01 -1.835268e+01
      vertex   -2.918312e+01 1.419733e+01 -1.528021e+01
    endloop
  endfacet
  facet normal -7.292821e-01 -6.842113e-01 1.589514e-03
    outer loop
      vertex   -2.918312e+01 1.419733e+01 -1.528021e+01
      vertex   -2.946260e+01 1.448809e+01 -1.835268e+01
      vertex   -2.915896e+01 1.416444e+01 -1.835268e+01
    endloop
  endfacet
  facet normal -8.066658e-01 -5.910078e-01 -1.650318e-05
    outer loop
      vertex   -2.918312e+01 1.419733e+01 -1.528021e+01
      vertex   -2.915896e+01 1.416444e+01 -1.835268e+01
      vertex   -2.915641e+01 1.416089e+01 -1.542593e+01
    endloop
  endfacet
  facet normal -8.392177e-01 -5.437956e-01 6.924385e-05
    outer loop
      vertex   -2.915641e+01 1.416089e+01 -1.542593e+01
      vertex   -2.915896e+01 1.416444e+01 -1.835268e+01
      vertex   -2.907286e+01 1.403191e+01 -1.569899e+01
    endloop
  endfacet
  facet normal -8.900250e-01 -4.558708e-01 6.109118e-03
    outer loop
      vertex   -2.907286e+01 1.403191e+01 -1.569899e+01
      vertex   -2.915896e+01 1.416444e+01 -1.835268e+01
      vertex   -2.897936e+01 1.384604e+01 -1.594724e+01
    endloop
  endfacet
  facet normal -8.815156e-01 -4.721433e-01 3.319831e-03
    outer loop
      vertex   -2.897936e+01 1.384604e+01 -1.594724e+01
      vertex   -2.915896e+01 1.416444e+01 -1.835268e+01
      vertex   -2.894942e+01 1.377323e+01 -1.835268e+01
    endloop
  endfacet
  facet normal -9.435295e-01 -3.312841e-01 -1.715432e-03
    outer loop
      vertex   -2.897936e+01 1.384604e+01 -1.594724e+01
      vertex   -2.894942e+01 1.377323e+01 -1.835268e+01
      vertex   -2.890044e+01 1.362238e+01 -1.616362e+01
    endloop
  endfacet
  facet normal -9.736657e-01 -2.278994e-01 6.083590e-03
    outer loop
      vertex   -2.890044e+01 1.362238e+01 -1.616362e+01
      vertex   -2.894942e+01 1.377323e+01 -1.835268e+01
      vertex   -2.884828e+01 1.334112e+01 -1.835268e+01
    endloop
  endfacet
  facet normal -9.819534e-01 -1.891210e-01 9.038024e-04
    outer loop
      vertex   -2.890044e+01 1.362238e+01 -1.616362e+01
      vertex   -2.884828e+01 1.334112e+01 -1.835268e+01
      vertex   -2.885129e+01 1.336633e+01 -1.634795e+01
    endloop
  endfacet
  facet normal -9.995866e-01 -2.872706e-02 -1.139222e-03
    outer loop
      vertex   -2.885129e+01 1.336633e+01 -1.634795e+01
      vertex   -2.884828e+01 1.334112e+01 -1.835268e+01
      vertex   -2.884276e+01 1.307548e+01 -1.649794e+01
    endloop
  endfacet
  facet normal -9.994636e-01 3.186895e-02 7.539214e-03
    outer loop
      vertex   -2.884276e+01 1.307548e+01 -1.649794e+01
      vertex   -2.884828e+01 1.334112e+01 -1.835268e+01
      vertex   -2.886243e+01 1.289756e+01 -1.835268e+01
    endloop
  endfacet
  facet normal -9.885871e-01 1.505982e-01 -3.965524e-03
    outer loop
      vertex   -2.884276e+01 1.307548e+01 -1.649794e+01
      vertex   -2.886243e+01 1.289756e+01 -1.835268e+01
      vertex   -2.888894e+01 1.276981e+01 -1.659428e+01
    endloop
  endfacet
  facet normal -9.599894e-01 2.799749e-01 5.865211e-03
    outer loop
      vertex   -2.888894e+01 1.276981e+01 -1.659428e+01
      vertex   -2.886243e+01 1.289756e+01 -1.835268e+01
      vertex   -2.893317e+01 1.261868e+01 -1.661921e+01
    endloop
  endfacet
  facet normal -9.571597e-01 2.894633e-01 7.507205e-03
    outer loop
      vertex   -2.893317e+01 1.261868e+01 -1.661921e+01
      vertex   -2.886243e+01 1.289756e+01 -1.835268e+01
      vertex   -2.899089e+01 1.247277e+01 -1.835268e+01
    endloop
  endfacet
  facet normal -9.298800e-01 3.678631e-01 -4.588923e-15
    outer loop
      vertex   -2.893317e+01 1.261868e+01 -1.661921e+01
      vertex   -2.899089e+01 1.247277e+01 -1.835268e+01
      vertex   -2.899089e+01 1.247277e+01 -1.662768e+01
    endloop
  endfacet
  facet normal -8.904612e-01 4.550593e-01 -4.605103e-15
    outer loop
      vertex   -2.899089e+01 1.247277e+01 -1.662768e+01
      vertex   -2.899089e+01 1.247277e+01 -1.835268e+01
      vertex   -2.906229e+01 1.233305e+01 -1.661921e+01
    endloop
  endfacet
  facet normal -8.496266e-01 5.273313e-01 7.507205e-03
    outer loop
      vertex   -2.906229e+01 1.233305e+01 -1.661921e+01
      vertex   -2.899089e+01 1.247277e+01 -1.835268e+01
      vertex   -2.922492e+01 1.209571e+01 -1.835268e+01
    endloop
  endfacet
  facet normal -8.443729e-01 5.357238e-01 5.865211e-03
    outer loop
      vertex   -2.906229e+01 1.233305e+01 -1.661921e+01
      vertex   -2.922492e+01 1.209571e+01 -1.835268e+01
      vertex   -2.914653e+01 1.220001e+01 -1.659428e+01
    endloop
  endfacet
  facet normal -7.661397e-01 6.426619e-01 -3.965524e-03
    outer loop
      vertex   -2.914653e+01 1.220001e+01 -1.659428e+01
      vertex   -2.922492e+01 1.209571e+01 -1.835268e+01
      vertex   -2.934550e+01 1.196341e+01 -1.649794e+01
    endloop
  endfacet
  facet normal -6.841928e-01 7.292623e-01 7.539214e-03
    outer loop
      vertex   -2.934550e+01 1.196341e+01 -1.649794e+01
      vertex   -2.922492e+01 1.209571e+01 -1.835268e+01
      vertex   -2.954857e+01 1.179206e+01 -1.835268e+01
    endloop
  endfacet
  facet normal -6.387835e-01 7.693857e-01 -1.139222e-03
    outer loop
      vertex   -2.934550e+01 1.196341e+01 -1.649794e+01
      vertex   -2.954857e+01 1.179206e+01 -1.835268e+01
      vertex   -2.956948e+01 1.177767e+01 -1.634795e+01
    endloop
  endfacet
  facet normal -5.067239e-01 8.621079e-01 9.038024e-04
    outer loop
      vertex   -2.956948e+01 1.177767e+01 -1.634795e+01
      vertex   -2.954857e+01 1.179206e+01 -1.835268e+01
      vertex   -2.979417e+01 1.164541e+01 -1.616362e+01
    endloop
  endfacet
  facet normal -4.721372e-01 8.815041e-01 6.083590e-03
    outer loop
      vertex   -2.979417e+01 1.164541e+01 -1.616362e+01
      vertex   -2.954857e+01 1.179206e+01 -1.835268e+01
      vertex   -2.993978e+01 1.158253e+01 -1.835268e+01
    endloop
  endfacet
  facet normal -3.746158e-01 9.271785e-01 -1.715432e-03
    outer loop
      vertex   -2.979417e+01 1.164541e+01 -1.616362e+01
      vertex   -2.993978e+01 1.158253e+01 -1.835268e+01
      vertex   -3.001421e+01 1.155690e+01 -1.594724e+01
    endloop
  endfacet
  facet normal -2.498186e-01 9.682892e-01 2.584246e-03
    outer loop
      vertex   -3.001421e+01 1.155690e+01 -1.594724e+01
      vertex   -2.993978e+01 1.158253e+01 -1.835268e+01
      vertex   -3.021551e+01 1.150431e+01 -1.569899e+01
    endloop
  endfacet
  facet normal -2.279008e-01 9.736714e-01 5.020261e-03
    outer loop
      vertex   -3.021551e+01 1.150431e+01 -1.569899e+01
      vertex   -2.993978e+01 1.158253e+01 -1.835268e+01
      vertex   -3.037189e+01 1.148139e+01 -1.835268e+01
    endloop
  endfacet
  facet normal -1.461688e-01 9.892597e-01 6.924385e-05
    outer loop
      vertex   -3.021551e+01 1.150431e+01 -1.569899e+01
      vertex   -3.037189e+01 1.148139e+01 -1.835268e+01
      vertex   -3.036753e+01 1.148183e+01 -1.542593e+01
    endloop
  endfacet
  facet normal -8.922120e-02 9.960118e-01 -1.650318e-05
    outer loop
      vertex   -3.036753e+01 1.148183e+01 -1.542593e+01
      vertex   -3.037189e+01 1.148139e+01 -1.835268e+01
      vertex   -3.041254e+01 1.147780e+01 -1.528021e+01
    endloop
  endfacet
  facet normal -6.797345e-01 2.055647e-01 -7.040626e-01
    outer loop
      vertex   -3.573298e+01 1.600354e+01 -1.835268e+01
      vertex   -3.570831e+01 1.599948e+01 -1.837768e+01
      vertex   -3.586145e+01 1.557875e+01 -1.835268e+01
    endloop
  endfacet
  facet normal -6.797345e-01 2.055647e-01 -7.040626e-01
    outer loop
      vertex   -3.586145e+01 1.557875e+01 -1.835268e+01
      vertex   -3.570831e+01 1.599948e+01 -1.837768e+01
      vertex   -3.583867e+01 1.556845e+01 -1.837768e+01
    endloop
  endfacet
  facet normal -6.033691e-01 3.744885e-01 -7.040626e-01
    outer loop
      vertex   -3.586145e+01 1.557875e+01 -1.835268e+01
      vertex   -3.583867e+01 1.556845e+01 -1.837768e+01
      vertex   -3.609548e+01 1.520168e+01 -1.835268e+01
    endloop
  endfacet
  facet normal -6.033691e-01 3.744885e-01 -7.040626e-01
    outer loop
      vertex   -3.609548e+01 1.520168e+01 -1.835268e+01
      vertex   -3.583867e+01 1.556845e+01 -1.837768e+01
      vertex   -3.607614e+01 1.518584e+01 -1.837768e+01
    endloop
  endfacet
  facet normal -4.858850e-01 5.178915e-01 -7.040626e-01
    outer loop
      vertex   -3.609548e+01 1.520168e+01 -1.835268e+01
      vertex   -3.607614e+01 1.518584e+01 -1.837768e+01
      vertex   -3.641912e+01 1.489804e+01 -1.835268e+01
    endloop
  endfacet
  facet normal -4.858850e-01 5.178915e-01 -7.040626e-01
    outer loop
      vertex   -3.641912e+01 1.489804e+01 -1.835268e+01
      vertex   -3.607614e+01 1.518584e+01 -1.837768e+01
      vertex   -3.640455e+01 1.487773e+01 -1.837768e+01
    endloop
  endfacet
  facet normal -3.352887e-01 6.260011e-01 -7.040626e-01
    outer loop
      vertex   -3.641912e+01 1.489804e+01 -1.835268e+01
      vertex   -3.640455e+01 1.487773e+01 -1.837768e+01
      vertex   -3.681033e+01 1.468850e+01 -1.835268e+01
    endloop
  endfacet
  facet normal -3.352887e-01 6.260011e-01 -7.040626e-01
    outer loop
      vertex   -3.681033e+01 1.468850e+01 -1.835268e+01
      vertex   -3.640455e+01 1.487773e+01 -1.837768e+01
      vertex   -3.680151e+01 1.466511e+01 -1.837768e+01
    endloop
  endfacet
  facet normal -1.618430e-01 6.914497e-01 -7.040626e-01
    outer loop
      vertex   -3.681033e+01 1.468850e+01 -1.835268e+01
      vertex   -3.680151e+01 1.466511e+01 -1.837768e+01
      vertex   -3.724244e+01 1.458736e+01 -1.835268e+01
    endloop
  endfacet
  facet normal -1.618430e-01 6.914497e-01 -7.040626e-01
    outer loop
      vertex   -3.724244e+01 1.458736e+01 -1.835268e+01
      vertex   -3.680151e+01 1.466511e+01 -1.837768e+01
      vertex   -3.723997e+01 1.456248e+01 -1.837768e+01
    endloop
  endfacet
  facet normal 2.263199e-02 7.097772e-01 -7.040626e-01
    outer loop
      vertex   -3.724244e+01 1.458736e+01 -1.835268e+01
      vertex   -3.723997e+01 1.456248e+01 -1.837768e+01
      vertex   -3.768601e+01 1.460150e+01 -1.835268e+01
    endloop
  endfacet
  facet normal 2.263199e-02 7.097772e-01 -7.040626e-01
    outer loop
      vertex   -3.768601e+01 1.460150e+01 -1.835268e+01
      vertex   -3.723997e+01 1.456248e+01 -1.837768e+01
      vertex   -3.769006e+01 1.457683e+01 -1.837768e+01
    endloop
  endfacet
  facet normal 2.055647e-01 6.797345e-01 -7.040626e-01
    outer loop
      vertex   -3.768601e+01 1.460150e+01 -1.835268e+01
      vertex   -3.769006e+01 1.457683e+01 -1.837768e+01
      vertex   -3.811080e+01 1.472997e+01 -1.835268e+01
    endloop
  endfacet
  facet normal 2.055647e-01 6.797345e-01 -7.040626e-01
    outer loop
      vertex   -3.811080e+01 1.472997e+01 -1.835268e+01
      vertex   -3.769006e+01 1.457683e+01 -1.837768e+01
      vertex   -3.812109e+01 1.470719e+01 -1.837768e+01
    endloop
  endfacet
  facet normal 3.744885e-01 6.033691e-01 -7.040626e-01
    outer loop
      vertex   -3.811080e+01 1.472997e+01 -1.835268e+01
      vertex   -3.812109e+01 1.470719e+01 -1.837768e+01
      vertex   -3.848786e+01 1.496400e+01 -1.835268e+01
    endloop
  endfacet
  facet normal 3.744885e-01 6.033691e-01 -7.040626e-01
    outer loop
      vertex   -3.848786e+01 1.496400e+01 -1.835268e+01
      vertex   -3.812109e+01 1.470719e+01 -1.837768e+01
      vertex   -3.850371e+01 1.494466e+01 -1.837768e+01
    endloop
  endfacet
  facet normal 5.178915e-01 4.858850e-01 -7.040626e-01
    outer loop
      vertex   -3.848786e+01 1.496400e+01 -1.835268e+01
      vertex   -3.850371e+01 1.494466e+01 -1.837768e+01
      vertex   -3.879151e+01 1.528765e+01 -1.835268e+01
    endloop
  endfacet
  facet normal 5.178915e-01 4.858850e-01 -7.040626e-01
    outer loop
      vertex   -3.879151e+01 1.528765e+01 -1.835268e+01
      vertex   -3.850371e+01 1.494466e+01 -1.837768e+01
      vertex   -3.881182e+01 1.527307e+01 -1.837768e+01
    endloop
  endfacet
  facet normal 6.260011e-01 3.352887e-01 -7.040626e-01
    outer loop
      vertex   -3.879151e+01 1.528765e+01 -1.835268e+01
      vertex   -3.881182e+01 1.527307e+01 -1.837768e+01
      vertex   -3.900104e+01 1.567886e+01 -1.835268e+01
    endloop
  endfacet
  facet normal 6.260011e-01 3.352887e-01 -7.040626e-01
    outer loop
      vertex   -3.900104e+01 1.567886e+01 -1.835268e+01
      vertex   -3.881182e+01 1.527307e+01 -1.837768e+01
      vertex   -3.902443e+01 1.567003e+01 -1.837768e+01
    endloop
  endfacet
  facet normal 6.914497e-01 1.618430e-01 -7.040626e-01
    outer loop
      vertex   -3.900104e+01 1.567886e+01 -1.835268e+01
      vertex   -3.902443e+01 1.567003e+01 -1.837768e+01
      vertex   -3.910218e+01 1.611097e+01 -1.835268e+01
    endloop
  endfacet
  facet normal 6.914497e-01 1.618430e-01 -7.040626e-01
    outer loop
      vertex   -3.910218e+01 1.611097e+01 -1.835268e+01
      vertex   -3.902443e+01 1.567003e+01 -1.837768e+01
      vertex   -3.912706e+01 1.610849e+01 -1.837768e+01
    endloop
  endfacet
  facet normal 7.097772e-01 -2.263199e-02 -7.040626e-01
    outer loop
      vertex   -3.910218e+01 1.611097e+01 -1.835268e+01
      vertex   -3.912706e+01 1.610849e+01 -1.837768e+01
      vertex   -3.908804e+01 1.655453e+01 -1.835268e+01
    endloop
  endfacet
  facet normal 7.097772e-01 -2.263199e-02 -7.040626e-01
    outer loop
      vertex   -3.908804e+01 1.655453e+01 -1.835268e+01
      vertex   -3.912706e+01 1.610849e+01 -1.837768e+01
      vertex   -3.911271e+01 1.655858e+01 -1.837768e+01
    endloop
  endfacet
  facet normal 6.797345e-01 -2.055647e-01 -7.040626e-01
    outer loop
      vertex   -3.908804e+01 1.655453e+01 -1.835268e+01
      vertex   -3.911271e+01 1.655858e+01 -1.837768e+01
      vertex   -3.895957e+01 1.697932e+01 -1.835268e+01
    endloop
  endfacet
  facet normal 6.797345e-01 -2.055647e-01 -7.040626e-01
    outer loop
      vertex   -3.895957e+01 1.697932e+01 -1.835268e+01
      vertex   -3.911271e+01 1.655858e+01 -1.837768e+01
      vertex   -3.898235e+01 1.698962e+01 -1.837768e+01
    endloop
  endfacet
  facet normal 6.033691e-01 -3.744885e-01 -7.040626e-01
    outer loop
      vertex   -3.895957e+01 1.697932e+01 -1.835268e+01
      vertex   -3.898235e+01 1.698962e+01 -1.837768e+01
      vertex   -3.872554e+01 1.735638e+01 -1.835268e+01
    endloop
  endfacet
  facet normal 6.033691e-01 -3.744885e-01 -7.040626e-01
    outer loop
      vertex   -3.872554e+01 1.735638e+01 -1.835268e+01
      vertex   -3.898235e+01 1.698962e+01 -1.837768e+01
      vertex   -3.874488e+01 1.737223e+01 -1.837768e+01
    endloop
  endfacet
  facet normal 4.858850e-01 -5.178915e-01 -7.040626e-01
    outer loop
      vertex   -3.872554e+01 1.735638e+01 -1.835268e+01
      vertex   -3.874488e+01 1.737223e+01 -1.837768e+01
      vertex   -3.840190e+01 1.766003e+01 -1.835268e+01
    endloop
  endfacet
  facet normal 4.858850e-01 -5.178915e-01 -7.040626e-01
    outer loop
      vertex   -3.840190e+01 1.766003e+01 -1.835268e+01
      vertex   -3.874488e+01 1.737223e+01 -1.837768e+01
      vertex   -3.841648e+01 1.768034e+01 -1.837768e+01
    endloop
  endfacet
  facet normal 3.352887e-01 -6.260011e-01 -7.040626e-01
    outer loop
      vertex   -3.840190e+01 1.766003e+01 -1.835268e+01
      vertex   -3.841648e+01 1.768034e+01 -1.837768e+01
      vertex   -3.801069e+01 1.786956e+01 -1.835268e+01
    endloop
  endfacet
  facet normal 3.352887e-01 -6.260011e-01 -7.040626e-01
    outer loop
      vertex   -3.801069e+01 1.786956e+01 -1.835268e+01
      vertex   -3.841648e+01 1.768034e+01 -1.837768e+01
      vertex   -3.801951e+01 1.789295e+01 -1.837768e+01
    endloop
  endfacet
  facet normal 1.618430e-01 -6.914497e-01 -7.040626e-01
    outer loop
      vertex   -3.801069e+01 1.786956e+01 -1.835268e+01
      vertex   -3.801951e+01 1.789295e+01 -1.837768e+01
      vertex   -3.757858e+01 1.797070e+01 -1.835268e+01
    endloop
  endfacet
  facet normal 1.618430e-01 -6.914497e-01 -7.040626e-01
    outer loop
      vertex   -3.757858e+01 1.797070e+01 -1.835268e+01
      vertex   -3.801951e+01 1.789295e+01 -1.837768e+01
      vertex   -3.758105e+01 1.799558e+01 -1.837768e+01
    endloop
  endfacet
  facet normal -2.263199e-02 -7.097772e-01 -7.040626e-01
    outer loop
      vertex   -3.757858e+01 1.797070e+01 -1.835268e+01
      vertex   -3.758105e+01 1.799558e+01 -1.837768e+01
      vertex   -3.713501e+01 1.795656e+01 -1.835268e+01
    endloop
  endfacet
  facet normal -2.263199e-02 -7.097772e-01 -7.040626e-01
    outer loop
      vertex   -3.713501e+01 1.795656e+01 -1.835268e+01
      vertex   -3.758105e+01 1.799558e+01 -1.837768e+01
      vertex   -3.713096e+01 1.798123e+01 -1.837768e+01
    endloop
  endfacet
  facet normal -2.055647e-01 -6.797345e-01 -7.040626e-01
    outer loop
      vertex   -3.713501e+01 1.795656e+01 -1.835268e+01
      vertex   -3.713096e+01 1.798123e+01 -1.837768e+01
      vertex   -3.671022e+01 1.782810e+01 -1.835268e+01
    endloop
  endfacet
  facet normal -2.055647e-01 -6.797345e-01 -7.040626e-01
    outer loop
      vertex   -3.671022e+01 1.782810e+01 -1.835268e+01
      vertex   -3.713096e+01 1.798123e+01 -1.837768e+01
      vertex   -3.669993e+01 1.785088e+01 -1.837768e+01
    endloop
  endfacet
  facet normal -3.744885e-01 -6.033691e-01 -7.040626e-01
    outer loop
      vertex   -3.671022e+01 1.782810e+01 -1.835268e+01
      vertex   -3.669993e+01 1.785088e+01 -1.837768e+01
      vertex   -3.633316e+01 1.759407e+01 -1.835268e+01
    endloop
  endfacet
  facet normal -3.744885e-01 -6.033691e-01 -7.040626e-01
    outer loop
      vertex   -3.633316e+01 1.759407e+01 -1.835268e+01
      vertex   -3.669993e+01 1.785088e+01 -1.837768e+01
      vertex   -3.631732e+01 1.761341e+01 -1.837768e+01
    endloop
  endfacet
  facet normal -5.178915e-01 -4.858850e-01 -7.040626e-01
    outer loop
      vertex   -3.633316e+01 1.759407e+01 -1.835268e+01
      vertex   -3.631732e+01 1.761341e+01 -1.837768e+01
      vertex   -3.602951e+01 1.727042e+01 -1.835268e+01
    endloop
  endfacet
  facet normal -5.178915e-01 -4.858850e-01 -7.040626e-01
    outer loop
      vertex   -3.602951e+01 1.727042e+01 -1.835268e+01
      vertex   -3.631732e+01 1.761341e+01 -1.837768e+01
      vertex   -3.600920e+01 1.728500e+01 -1.837768e+01
    endloop
  endfacet
  facet normal -6.260011e-01 -3.352887e-01 -7.040626e-01
    outer loop
      vertex   -3.602951e+01 1.727042e+01 -1.835268e+01
      vertex   -3.600920e+01 1.728500e+01 -1.837768e+01
      vertex   -3.581998e+01 1.687921e+01 -1.835268e+01
    endloop
  endfacet
  facet normal -6.260011e-01 -3.352887e-01 -7.040626e-01
    outer loop
      vertex   -3.581998e+01 1.687921e+01 -1.835268e+01
      vertex   -3.600920e+01 1.728500e+01 -1.837768e+01
      vertex   -3.579659e+01 1.688804e+01 -1.837768e+01
    endloop
  endfacet
  facet normal -6.914497e-01 -1.618430e-01 -7.040626e-01
    outer loop
      vertex   -3.581998e+01 1.687921e+01 -1.835268e+01
      vertex   -3.579659e+01 1.688804e+01 -1.837768e+01
      vertex   -3.571884e+01 1.644710e+01 -1.835268e+01
    endloop
  endfacet
  facet normal -6.914497e-01 -1.618430e-01 -7.040626e-01
    outer loop
      vertex   -3.571884e+01 1.644710e+01 -1.835268e+01
      vertex   -3.579659e+01 1.688804e+01 -1.837768e+01
      vertex   -3.569396e+01 1.644957e+01 -1.837768e+01
    endloop
  endfacet
  facet normal -7.097772e-01 2.263199e-02 -7.040626e-01
    outer loop
      vertex   -3.571884e+01 1.644710e+01 -1.835268e+01
      vertex   -3.569396e+01 1.644957e+01 -1.837768e+01
      vertex   -3.573298e+01 1.600354e+01 -1.835268e+01
    endloop
  endfacet
  facet normal -7.097772e-01 2.263199e-02 -7.040626e-01
    outer loop
      vertex   -3.573298e+01 1.600354e+01 -1.835268e+01
      vertex   -3.569396e+01 1.644957e+01 -1.837768e+01
      vertex   -3.570831e+01 1.599948e+01 -1.837768e+01
    endloop
  endfacet
  facet normal -6.457940e-02 9.979125e-01 3.117120e-04
    outer loop
      vertex   -3.728309e+01 1.458377e+01 -1.528021e+01
      vertex   -3.724244e+01 1.458736e+01 -1.835268e+01
      vertex   -3.729944e+01 1.458267e+01 -1.512768e+01
    endloop
  endfacet
  facet normal 3.186979e-02 9.994900e-01 2.018532e-03
    outer loop
      vertex   -3.729944e+01 1.458267e+01 -1.512768e+01
      vertex   -3.724244e+01 1.458736e+01 -1.835268e+01
      vertex   -3.768601e+01 1.460150e+01 -1.835268e+01
    endloop
  endfacet
  facet normal 5.707528e-02 9.983694e-01 -1.009303e-03
    outer loop
      vertex   -3.729944e+01 1.458267e+01 -1.512768e+01
      vertex   -3.768601e+01 1.460150e+01 -1.835268e+01
      vertex   -3.771418e+01 1.460638e+01 -1.512768e+01
    endloop
  endfacet
  facet normal 2.894713e-01 9.571861e-01 1.083354e-03
    outer loop
      vertex   -3.771418e+01 1.460638e+01 -1.512768e+01
      vertex   -3.768601e+01 1.460150e+01 -1.835268e+01
      vertex   -3.811080e+01 1.472997e+01 -1.835268e+01
    endloop
  endfacet
  facet normal 2.975114e-01 9.547183e-01 -7.924308e-16
    outer loop
      vertex   -3.771418e+01 1.460638e+01 -1.512768e+01
      vertex   -3.811080e+01 1.472997e+01 -1.835268e+01
      vertex   -3.811080e+01 1.472997e+01 -1.512768e+01
    endloop
  endfacet
  facet normal 5.201817e-01 8.540556e-01 4.104794e-16
    outer loop
      vertex   -3.811080e+01 1.472997e+01 -1.512768e+01
      vertex   -3.811080e+01 1.472997e+01 -1.835268e+01
      vertex   -3.846559e+01 1.494606e+01 -1.512768e+01
    endloop
  endfacet
  facet normal 5.273458e-01 8.496501e-01 1.083354e-03
    outer loop
      vertex   -3.846559e+01 1.494606e+01 -1.512768e+01
      vertex   -3.811080e+01 1.472997e+01 -1.835268e+01
      vertex   -3.848786e+01 1.496400e+01 -1.835268e+01
    endloop
  endfacet
  facet normal 7.117889e-01 7.023927e-01 -1.009303e-03
    outer loop
      vertex   -3.846559e+01 1.494606e+01 -1.512768e+01
      vertex   -3.848786e+01 1.496400e+01 -1.835268e+01
      vertex   -3.875738e+01 1.524176e+01 -1.512768e+01
    endloop
  endfacet
  facet normal 7.547800e-01 6.559450e-01 6.583929e-03
    outer loop
      vertex   -3.875738e+01 1.524176e+01 -1.512768e+01
      vertex   -3.848786e+01 1.496400e+01 -1.835268e+01
      vertex   -3.876735e+01 1.525476e+01 -1.528021e+01
    endloop
  endfacet
  facet normal 7.292821e-01 6.842113e-01 1.589514e-03
    outer loop
      vertex   -3.876735e+01 1.525476e+01 -1.528021e+01
      vertex   -3.848786e+01 1.496400e+01 -1.835268e+01
      vertex   -3.879151e+01 1.528765e+01 -1.835268e+01
    endloop
  endfacet
  facet normal 8.066658e-01 5.910078e-01 -1.650318e-05
    outer loop
      vertex   -3.876735e+01 1.525476e+01 -1.528021e+01
      vertex   -3.879151e+01 1.528765e+01 -1.835268e+01
      vertex   -3.879406e+01 1.529121e+01 -1.542593e+01
    endloop
  endfacet
  facet normal 8.392177e-01 5.437956e-01 6.924385e-05
    outer loop
      vertex   -3.879406e+01 1.529121e+01 -1.542593e+01
      vertex   -3.879151e+01 1.528765e+01 -1.835268e+01
      vertex   -3.887761e+01 1.542018e+01 -1.569899e+01
    endloop
  endfacet
  facet normal 8.900250e-01 4.558708e-01 6.109118e-03
    outer loop
      vertex   -3.887761e+01 1.542018e+01 -1.569899e+01
      vertex   -3.879151e+01 1.528765e+01 -1.835268e+01
      vertex   -3.897110e+01 1.560605e+01 -1.594724e+01
    endloop
  endfacet
  facet normal 8.815156e-01 4.721433e-01 3.319831e-03
    outer loop
      vertex   -3.897110e+01 1.560605e+01 -1.594724e+01
      vertex   -3.879151e+01 1.528765e+01 -1.835268e+01
      vertex   -3.900104e+01 1.567886e+01 -1.835268e+01
    endloop
  endfacet
  facet normal 9.435295e-01 3.312841e-01 -1.715432e-03
    outer loop
      vertex   -3.897110e+01 1.560605e+01 -1.594724e+01
      vertex   -3.900104e+01 1.567886e+01 -1.835268e+01
      vertex   -3.905003e+01 1.582971e+01 -1.616362e+01
    endloop
  endfacet
  facet normal 9.736657e-01 2.278994e-01 6.083590e-03
    outer loop
      vertex   -3.905003e+01 1.582971e+01 -1.616362e+01
      vertex   -3.900104e+01 1.567886e+01 -1.835268e+01
      vertex   -3.910218e+01 1.611097e+01 -1.835268e+01
    endloop
  endfacet
  facet normal 9.819534e-01 1.891210e-01 9.038024e-04
    outer loop
      vertex   -3.905003e+01 1.582971e+01 -1.616362e+01
      vertex   -3.910218e+01 1.611097e+01 -1.835268e+01
      vertex   -3.909917e+01 1.608576e+01 -1.634795e+01
    endloop
  endfacet
  facet normal 9.995866e-01 2.872706e-02 -1.139222e-03
    outer loop
      vertex   -3.909917e+01 1.608576e+01 -1.634795e+01
      vertex   -3.910218e+01 1.611097e+01 -1.835268e+01
      vertex   -3.910770e+01 1.637661e+01 -1.649794e+01
    endloop
  endfacet
  facet normal 9.994636e-01 -3.186895e-02 7.539214e-03
    outer loop
      vertex   -3.910770e+01 1.637661e+01 -1.649794e+01
      vertex   -3.910218e+01 1.611097e+01 -1.835268e+01
      vertex   -3.908804e+01 1.655453e+01 -1.835268e+01
    endloop
  endfacet
  facet normal 9.885871e-01 -1.505982e-01 -3.965524e-03
    outer loop
      vertex   -3.910770e+01 1.637661e+01 -1.649794e+01
      vertex   -3.908804e+01 1.655453e+01 -1.835268e+01
      vertex   -3.906152e+01 1.668228e+01 -1.659428e+01
    endloop
  endfacet
  facet normal 9.599894e-01 -2.799749e-01 5.865211e-03
    outer loop
      vertex   -3.906152e+01 1.668228e+01 -1.659428e+01
      vertex   -3.908804e+01 1.655453e+01 -1.835268e+01
      vertex   -3.901729e+01 1.683341e+01 -1.661921e+01
    endloop
  endfacet
  facet normal 9.571597e-01 -2.894633e-01 7.507205e-03
    outer loop
      vertex   -3.901729e+01 1.683341e+01 -1.661921e+01
      vertex   -3.908804e+01 1.655453e+01 -1.835268e+01
      vertex   -3.895957e+01 1.697932e+01 -1.835268e+01
    endloop
  endfacet
  facet normal 9.298800e-01 -3.678631e-01 4.588923e-15
    outer loop
      vertex   -3.901729e+01 1.683341e+01 -1.661921e+01
      vertex   -3.895957e+01 1.697932e+01 -1.835268e+01
      vertex   -3.895957e+01 1.697932e+01 -1.662768e+01
    endloop
  endfacet
  facet normal 8.904612e-01 -4.550593e-01 4.605103e-15
    outer loop
      vertex   -3.895957e+01 1.697932e+01 -1.662768e+01
      vertex   -3.895957e+01 1.697932e+01 -1.835268e+01
      vertex   -3.888817e+01 1.711904e+01 -1.661921e+01
    endloop
  endfacet
  facet normal 8.496266e-01 -5.273313e-01 7.507205e-03
    outer loop
      vertex   -3.888817e+01 1.711904e+01 -1.661921e+01
      vertex   -3.895957e+01 1.697932e+01 -1.835268e+01
      vertex   -3.872554e+01 1.735638e+01 -1.835268e+01
    endloop
  endfacet
  facet normal 8.443729e-01 -5.357238e-01 5.865211e-03
    outer loop
      vertex   -3.888817e+01 1.711904e+01 -1.661921e+01
      vertex   -3.872554e+01 1.735638e+01 -1.835268e+01
      vertex   -3.880393e+01 1.725208e+01 -1.659428e+01
    endloop
  endfacet
  facet normal 7.661397e-01 -6.426619e-01 -3.965524e-03
    outer loop
      vertex   -3.880393e+01 1.725208e+01 -1.659428e+01
      vertex   -3.872554e+01 1.735638e+01 -1.835268e+01
      vertex   -3.860497e+01 1.748868e+01 -1.649794e+01
    endloop
  endfacet
  facet normal 6.841928e-01 -7.292623e-01 7.539214e-03
    outer loop
      vertex   -3.860497e+01 1.748868e+01 -1.649794e+01
      vertex   -3.872554e+01 1.735638e+01 -1.835268e+01
      vertex   -3.840190e+01 1.766003e+01 -1.835268e+01
    endloop
  endfacet
  facet normal 6.387835e-01 -7.693857e-01 -1.139222e-03
    outer loop
      vertex   -3.860497e+01 1.748868e+01 -1.649794e+01
      vertex   -3.840190e+01 1.766003e+01 -1.835268e+01
      vertex   -3.838099e+01 1.767442e+01 -1.634795e+01
    endloop
  endfacet
  facet normal 5.067239e-01 -8.621079e-01 9.038024e-04
    outer loop
      vertex   -3.838099e+01 1.767442e+01 -1.634795e+01
      vertex   -3.840190e+01 1.766003e+01 -1.835268e+01
      vertex   -3.815630e+01 1.780668e+01 -1.616362e+01
    endloop
  endfacet
  facet normal 4.721372e-01 -8.815041e-01 6.083590e-03
    outer loop
      vertex   -3.815630e+01 1.780668e+01 -1.616362e+01
      vertex   -3.840190e+01 1.766003e+01 -1.835268e+01
      vertex   -3.801069e+01 1.786956e+01 -1.835268e+01
    endloop
  endfacet
  facet normal 3.746158e-01 -9.271785e-01 -1.715432e-03
    outer loop
      vertex   -3.815630e+01 1.780668e+01 -1.616362e+01
      vertex   -3.801069e+01 1.786956e+01 -1.835268e+01
      vertex   -3.793625e+01 1.789519e+01 -1.594724e+01
    endloop
  endfacet
  facet normal 2.498186e-01 -9.682892e-01 2.584246e-03
    outer loop
      vertex   -3.793625e+01 1.789519e+01 -1.594724e+01
      vertex   -3.801069e+01 1.786956e+01 -1.835268e+01
      vertex   -3.773496e+01 1.794778e+01 -1.569899e+01
    endloop
  endfacet
  facet normal 2.279008e-01 -9.736714e-01 5.020261e-03
    outer loop
      vertex   -3.773496e+01 1.794778e+01 -1.569899e+01
      vertex   -3.801069e+01 1.786956e+01 -1.835268e+01
      vertex   -3.757858e+01 1.797070e+01 -1.835268e+01
    endloop
  endfacet
  facet normal 1.461688e-01 -9.892597e-01 6.924385e-05
    outer loop
      vertex   -3.773496e+01 1.794778e+01 -1.569899e+01
      vertex   -3.757858e+01 1.797070e+01 -1.835268e+01
      vertex   -3.758293e+01 1.797027e+01 -1.542593e+01
    endloop
  endfacet
  facet normal 8.922120e-02 -9.960118e-01 -1.650318e-05
    outer loop
      vertex   -3.758293e+01 1.797027e+01 -1.542593e+01
      vertex   -3.757858e+01 1.797070e+01 -1.835268e+01
      vertex   -3.753793e+01 1.797429e+01 -1.528021e+01
    endloop
  endfacet
  facet normal 6.457940e-02 -9.979125e-01 3.117120e-04
    outer loop
      vertex   -3.753793e+01 1.797429e+01 -1.528021e+01
      vertex   -3.757858e+01 1.797070e+01 -1.835268e+01
      vertex   -3.752158e+01 1.797540e+01 -1.512768e+01
    endloop
  endfacet
  facet normal -3.186979e-02 -9.994900e-01 2.018532e-03
    outer loop
      vertex   -3.752158e+01 1.797540e+01 -1.512768e+01
      vertex   -3.757858e+01 1.797070e+01 -1.835268e+01
      vertex   -3.713501e+01 1.795656e+01 -1.835268e+01
    endloop
  endfacet
  facet normal -5.707528e-02 -9.983694e-01 -1.009303e-03
    outer loop
      vertex   -3.752158e+01 1.797540e+01 -1.512768e+01
      vertex   -3.713501e+01 1.795656e+01 -1.835268e+01
      vertex   -3.710684e+01 1.795169e+01 -1.512768e+01
    endloop
  endfacet
  facet normal -2.894713e-01 -9.571861e-01 1.083354e-03
    outer loop
      vertex   -3.710684e+01 1.795169e+01 -1.512768e+01
      vertex   -3.713501e+01 1.795656e+01 -1.835268e+01
      vertex   -3.671022e+01 1.782810e+01 -1.835268e+01
    endloop
  endfacet
  facet normal -2.975114e-01 -9.547183e-01 1.450200e-15
    outer loop
      vertex   -3.710684e+01 1.795169e+01 -1.512768e+01
      vertex   -3.671022e+01 1.782810e+01 -1.835268e+01
      vertex   -3.671022e+01 1.782810e+01 -1.512768e+01
    endloop
  endfacet
  facet normal -5.201817e-01 -8.540556e-01 7.356022e-16
    outer loop
      vertex   -3.671022e+01 1.782810e+01 -1.512768e+01
      vertex   -3.671022e+01 1.782810e+01 -1.835268e+01
      vertex   -3.635543e+01 1.761200e+01 -1.512768e+01
    endloop
  endfacet
  facet normal -5.273458e-01 -8.496501e-01 1.083354e-03
    outer loop
      vertex   -3.635543e+01 1.761200e+01 -1.512768e+01
      vertex   -3.671022e+01 1.782810e+01 -1.835268e+01
      vertex   -3.633316e+01 1.759407e+01 -1.835268e+01
    endloop
  endfacet
  facet normal -7.117889e-01 -7.023927e-01 -1.009303e-03
    outer loop
      vertex   -3.635543e+01 1.761200e+01 -1.512768e+01
      vertex   -3.633316e+01 1.759407e+01 -1.835268e+01
      vertex   -3.606364e+01 1.731631e+01 -1.512768e+01
    endloop
  endfacet
  facet normal -7.547800e-01 -6.559450e-01 6.583929e-03
    outer loop
      vertex   -3.606364e+01 1.731631e+01 -1.512768e+01
      vertex   -3.633316e+01 1.759407e+01 -1.835268e+01
      vertex   -3.605367e+01 1.730330e+01 -1.528021e+01
    endloop
  endfacet
  facet normal -7.292821e-01 -6.842113e-01 1.589514e-03
    outer loop
      vertex   -3.605367e+01 1.730330e+01 -1.528021e+01
      vertex   -3.633316e+01 1.759407e+01 -1.835268e+01
      vertex   -3.602951e+01 1.727042e+01 -1.835268e+01
    endloop
  endfacet
  facet normal -8.066658e-01 -5.910078e-01 -1.650318e-05
    outer loop
      vertex   -3.605367e+01 1.730330e+01 -1.528021e+01
      vertex   -3.602951e+01 1.727042e+01 -1.835268e+01
      vertex   -3.602697e+01 1.726686e+01 -1.542593e+01
    endloop
  endfacet
  facet normal -8.392177e-01 -5.437956e-01 6.924385e-05
    outer loop
      vertex   -3.602697e+01 1.726686e+01 -1.542593e+01
      vertex   -3.602951e+01 1.727042e+01 -1.835268e+01
      vertex   -3.594341e+01 1.713788e+01 -1.569899e+01
    endloop
  endfacet
  facet normal -8.900250e-01 -4.558708e-01 6.109118e-03
    outer loop
      vertex   -3.594341e+01 1.713788e+01 -1.569899e+01
      vertex   -3.602951e+01 1.727042e+01 -1.835268e+01
      vertex   -3.584992e+01 1.695202e+01 -1.594724e+01
    endloop
  endfacet
  facet normal -8.815156e-01 -4.721433e-01 3.319831e-03
    outer loop
      vertex   -3.584992e+01 1.695202e+01 -1.594724e+01
      vertex   -3.602951e+01 1.727042e+01 -1.835268e+01
      vertex   -3.581998e+01 1.687921e+01 -1.835268e+01
    endloop
  endfacet
  facet normal -9.435295e-01 -3.312841e-01 -1.715432e-03
    outer loop
      vertex   -3.584992e+01 1.695202e+01 -1.594724e+01
      vertex   -3.581998e+01 1.687921e+01 -1.835268e+01
      vertex   -3.577099e+01 1.672835e+01 -1.616362e+01
    endloop
  endfacet
  facet normal -9.736657e-01 -2.278994e-01 6.083590e-03
    outer loop
      vertex   -3.577099e+01 1.672835e+01 -1.616362e+01
      vertex   -3.581998e+01 1.687921e+01 -1.835268e+01
      vertex   -3.571884e+01 1.644710e+01 -1.835268e+01
    endloop
  endfacet
  facet normal -9.819534e-01 -1.891210e-01 9.038024e-04
    outer loop
      vertex   -3.577099e+01 1.672835e+01 -1.616362e+01
      vertex   -3.571884e+01 1.644710e+01 -1.835268e+01
      vertex   -3.572185e+01 1.647230e+01 -1.634795e+01
    endloop
  endfacet
  facet normal -9.995866e-01 -2.872706e-02 -1.139222e-03
    outer loop
      vertex   -3.572185e+01 1.647230e+01 -1.634795e+01
      vertex   -3.571884e+01 1.644710e+01 -1.835268e+01
      vertex   -3.571332e+01 1.618146e+01 -1.649794e+01
    endloop
  endfacet
  facet normal -9.994636e-01 3.186895e-02 7.539214e-03
    outer loop
      vertex   -3.571332e+01 1.618146e+01 -1.649794e+01
      vertex   -3.571884e+01 1.644710e+01 -1.835268e+01
      vertex   -3.573298e+01 1.600354e+01 -1.835268e+01
    endloop
  endfacet
  facet normal -9.885871e-01 1.505982e-01 -3.965524e-03
    outer loop
      vertex   -3.571332e+01 1.618146e+01 -1.649794e+01
      vertex   -3.573298e+01 1.600354e+01 -1.835268e+01
      vertex   -3.575950e+01 1.587578e+01 -1.659428e+01
    endloop
  endfacet
  facet normal -9.599894e-01 2.799749e-01 5.865211e-03
    outer loop
      vertex   -3.575950e+01 1.587578e+01 -1.659428e+01
      vertex   -3.573298e+01 1.600354e+01 -1.835268e+01
      vertex   -3.580373e+01 1.572465e+01 -1.661921e+01
    endloop
  endfacet
  facet normal -9.571597e-01 2.894633e-01 7.507205e-03
    outer loop
      vertex   -3.580373e+01 1.572465e+01 -1.661921e+01
      vertex   -3.573298e+01 1.600354e+01 -1.835268e+01
      vertex   -3.586145e+01 1.557875e+01 -1.835268e+01
    endloop
  endfacet
  facet normal -9.298800e-01 3.678631e-01 -5.345198e-15
    outer loop
      vertex   -3.580373e+01 1.572465e+01 -1.661921e+01
      vertex   -3.586145e+01 1.557875e+01 -1.835268e+01
      vertex   -3.586145e+01 1.557875e+01 -1.662768e+01
    endloop
  endfacet
  facet normal -8.904612e-01 4.550593e-01 -5.542317e-15
    outer loop
      vertex   -3.586145e+01 1.557875e+01 -1.662768e+01
      vertex   -3.586145e+01 1.557875e+01 -1.835268e+01
      vertex   -3.593285e+01 1.543903e+01 -1.661921e+01
    endloop
  endfacet
  facet normal -8.496266e-01 5.273313e-01 7.507205e-03
    outer loop
      vertex   -3.593285e+01 1.543903e+01 -1.661921e+01
      vertex   -3.586145e+01 1.557875e+01 -1.835268e+01
      vertex   -3.609548e+01 1.520168e+01 -1.835268e+01
    endloop
  endfacet
  facet normal -8.443729e-01 5.357238e-01 5.865211e-03
    outer loop
      vertex   -3.593285e+01 1.543903e+01 -1.661921e+01
      vertex   -3.609548e+01 1.520168e+01 -1.835268e+01
      vertex   -3.601709e+01 1.530598e+01 -1.659428e+01
    endloop
  endfacet
  facet normal -7.661397e-01 6.426619e-01 -3.965524e-03
    outer loop
      vertex   -3.601709e+01 1.530598e+01 -1.659428e+01
      vertex   -3.609548e+01 1.520168e+01 -1.835268e+01
      vertex   -3.621605e+01 1.506938e+01 -1.649794e+01
    endloop
  endfacet
  facet normal -6.841928e-01 7.292623e-01 7.539214e-03
    outer loop
      vertex   -3.621605e+01 1.506938e+01 -1.649794e+01
      vertex   -3.609548e+01 1.520168e+01 -1.835268e+01
      vertex   -3.641912e+01 1.489804e+01 -1.835268e+01
    endloop
  endfacet
  facet normal -6.387835e-01 7.693857e-01 -1.139222e-03
    outer loop
      vertex   -3.621605e+01 1.506938e+01 -1.649794e+01
      vertex   -3.641912e+01 1.489804e+01 -1.835268e+01
      vertex   -3.644003e+01 1.488364e+01 -1.634795e+01
    endloop
  endfacet
  facet normal -5.067239e-01 8.621079e-01 9.038024e-04
    outer loop
      vertex   -3.644003e+01 1.488364e+01 -1.634795e+01
      vertex   -3.641912e+01 1.489804e+01 -1.835268e+01
      vertex   -3.666472e+01 1.475139e+01 -1.616362e+01
    endloop
  endfacet
  facet normal -4.721372e-01 8.815041e-01 6.083590e-03
    outer loop
      vertex   -3.666472e+01 1.475139e+01 -1.616362e+01
      vertex   -3.641912e+01 1.489804e+01 -1.835268e+01
      vertex   -3.681033e+01 1.468850e+01 -1.835268e+01
    endloop
  endfacet
  facet normal -3.746158e-01 9.271785e-01 -1.715432e-03
    outer loop
      vertex   -3.666472e+01 1.475139e+01 -1.616362e+01
      vertex   -3.681033e+01 1.468850e+01 -1.835268e+01
      vertex   -3.688477e+01 1.466288e+01 -1.594724e+01
    endloop
  endfacet
  facet normal -2.498186e-01 9.682892e-01 2.584246e-03
    outer loop
      vertex   -3.688477e+01 1.466288e+01 -1.594724e+01
      vertex   -3.681033e+01 1.468850e+01 -1.835268e+01
      vertex   -3.708607e+01 1.461028e+01 -1.569899e+01
    endloop
  endfacet
  facet normal -2.279008e-01 9.736714e-01 5.020261e-03
    outer loop
      vertex   -3.708607e+01 1.461028e+01 -1.569899e+01
      vertex   -3.681033e+01 1.468850e+01 -1.835268e+01
      vertex   -3.724244e+01 1.458736e+01 -1.835268e+01
    endloop
  endfacet
  facet normal -1.461688e-01 9.892597e-01 6.924385e-05
    outer loop
      vertex   -3.708607e+01 1.461028e+01 -1.569899e+01
      vertex   -3.724244e+01 1.458736e+01 -1.835268e+01
      vertex   -3.723809e+01 1.458780e+01 -1.542593e+01
    endloop
  endfacet
  facet normal -8.922120e-02 9.960118e-01 -1.650318e-05
    outer loop
      vertex   -3.723809e+01 1.458780e+01 -1.542593e+01
      vertex   -3.724244e+01 1.458736e+01 -1.835268e+01
      vertex   -3.728309e+01 1.458377e+01 -1.528021e+01
    endloop
  endfacet
  facet normal -4.114034e-01 -9.100428e-01 5.068833e-02
    outer loop
      vertex   -2.918312e+01 1.419733e+01 -1.528021e+01
      vertex   -2.789005e+01 1.362127e+01 -1.512768e+01
      vertex   -2.919308e+01 1.421033e+01 -1.512768e+01
    endloop
  endfacet
  facet normal -4.084088e-01 -9.034186e-01 -1.305262e-01
    outer loop
      vertex   -2.919308e+01 1.421033e+01 -1.512768e+01
      vertex   -2.789005e+01 1.362127e+01 -1.512768e+01
      vertex   -2.791110e+01 1.357470e+01 -1.473945e+01
    endloop
  endfacet
  facet normal -4.084088e-01 -9.034186e-01 -1.305262e-01
    outer loop
      vertex   -2.919308e+01 1.421033e+01 -1.512768e+01
      vertex   -2.791110e+01 1.357470e+01 -1.473945e+01
      vertex   -3.065103e+01 1.486943e+01 -1.512768e+01
    endloop
  endfacet
  facet normal -4.084088e-01 -9.034186e-01 -1.305262e-01
    outer loop
      vertex   -3.065103e+01 1.486943e+01 -1.512768e+01
      vertex   -2.791110e+01 1.357470e+01 -1.473945e+01
      vertex   -3.337839e+01 1.604629e+01 -1.473945e+01
    endloop
  endfacet
  facet normal -4.084088e-01 -9.034186e-01 -1.305262e-01
    outer loop
      vertex   -3.065103e+01 1.486943e+01 -1.512768e+01
      vertex   -3.337839e+01 1.604629e+01 -1.473945e+01
      vertex   -3.335733e+01 1.609287e+01 -1.512768e+01
    endloop
  endfacet
  facet normal -4.084088e-01 -9.034186e-01 -1.305262e-01
    outer loop
      vertex   -3.335733e+01 1.609287e+01 -1.512768e+01
      vertex   -3.337839e+01 1.604629e+01 -1.473945e+01
      vertex   -3.606364e+01 1.731631e+01 -1.512768e+01
    endloop
  endfacet
  facet normal -4.114034e-01 -9.100428e-01 5.068833e-02
    outer loop
      vertex   -3.335733e+01 1.609287e+01 -1.512768e+01
      vertex   -3.606364e+01 1.731631e+01 -1.512768e+01
      vertex   -3.605367e+01 1.730330e+01 -1.528021e+01
    endloop
  endfacet
  facet normal -4.162687e-01 -8.998247e-01 1.305213e-01
    outer loop
      vertex   -2.789005e+01 1.362127e+01 -1.512768e+01
      vertex   -2.918312e+01 1.419733e+01 -1.528021e+01
      vertex   -2.791110e+01 1.357470e+01 -1.551590e+01
    endloop
  endfacet
  facet normal -4.122787e-01 -8.987536e-01 1.492255e-01
    outer loop
      vertex   -2.791110e+01 1.357470e+01 -1.551590e+01
      vertex   -2.918312e+01 1.419733e+01 -1.528021e+01
      vertex   -2.915641e+01 1.416089e+01 -1.542593e+01
    endloop
  endfacet
  facet normal -3.897708e-01 -8.730215e-01 2.931077e-01
    outer loop
      vertex   -2.791110e+01 1.357470e+01 -1.551590e+01
      vertex   -2.915641e+01 1.416089e+01 -1.542593e+01
      vertex   -2.907286e+01 1.403191e+01 -1.569899e+01
    endloop
  endfacet
  facet normal -3.899318e-01 -8.375692e-01 3.826632e-01
    outer loop
      vertex   -2.791110e+01 1.357470e+01 -1.551590e+01
      vertex   -2.907286e+01 1.403191e+01 -1.569899e+01
      vertex   -2.797283e+01 1.343815e+01 -1.587768e+01
    endloop
  endfacet
  facet normal -3.593904e-01 -8.069010e-01 4.687743e-01
    outer loop
      vertex   -2.797283e+01 1.343815e+01 -1.587768e+01
      vertex   -2.907286e+01 1.403191e+01 -1.569899e+01
      vertex   -2.897936e+01 1.384604e+01 -1.594724e+01
    endloop
  endfacet
  facet normal -3.337472e-01 -7.197527e-01 6.087437e-01
    outer loop
      vertex   -2.797283e+01 1.343815e+01 -1.587768e+01
      vertex   -2.897936e+01 1.384604e+01 -1.594724e+01
      vertex   -2.807103e+01 1.322094e+01 -1.618834e+01
    endloop
  endfacet
  facet normal -3.272104e-01 -7.141402e-01 6.188191e-01
    outer loop
      vertex   -2.807103e+01 1.322094e+01 -1.618834e+01
      vertex   -2.897936e+01 1.384604e+01 -1.594724e+01
      vertex   -2.890044e+01 1.362238e+01 -1.616362e+01
    endloop
  endfacet
  facet normal -2.660513e-01 -5.963118e-01 7.573830e-01
    outer loop
      vertex   -2.807103e+01 1.322094e+01 -1.618834e+01
      vertex   -2.890044e+01 1.362238e+01 -1.616362e+01
      vertex   -2.885129e+01 1.336633e+01 -1.634795e+01
    endloop
  endfacet
  facet normal -2.644712e-01 -5.484418e-01 7.932633e-01
    outer loop
      vertex   -2.807103e+01 1.322094e+01 -1.618834e+01
      vertex   -2.885129e+01 1.336633e+01 -1.634795e+01
      vertex   -2.819900e+01 1.293786e+01 -1.642671e+01
    endloop
  endfacet
  facet normal -1.933107e-01 -4.541582e-01 8.696961e-01
    outer loop
      vertex   -2.819900e+01 1.293786e+01 -1.642671e+01
      vertex   -2.885129e+01 1.336633e+01 -1.634795e+01
      vertex   -2.884276e+01 1.307548e+01 -1.649794e+01
    endloop
  endfacet
  facet normal -1.750448e-01 -3.407615e-01 9.237104e-01
    outer loop
      vertex   -2.819900e+01 1.293786e+01 -1.642671e+01
      vertex   -2.884276e+01 1.307548e+01 -1.649794e+01
      vertex   -2.834802e+01 1.260821e+01 -1.657657e+01
    endloop
  endfacet
  facet normal -1.156257e-01 -2.826486e-01 9.522292e-01
    outer loop
      vertex   -2.834802e+01 1.260821e+01 -1.657657e+01
      vertex   -2.884276e+01 1.307548e+01 -1.649794e+01
      vertex   -2.888894e+01 1.276981e+01 -1.659428e+01
    endloop
  endfacet
  facet normal -7.446385e-02 -1.410380e-01 9.871998e-01
    outer loop
      vertex   -2.834802e+01 1.260821e+01 -1.657657e+01
      vertex   -2.888894e+01 1.276981e+01 -1.659428e+01
      vertex   -2.893317e+01 1.261868e+01 -1.661921e+01
    endloop
  endfacet
  facet normal -7.419371e-02 -1.096674e-01 9.911954e-01
    outer loop
      vertex   -2.834802e+01 1.260821e+01 -1.657657e+01
      vertex   -2.893317e+01 1.261868e+01 -1.661921e+01
      vertex   -2.850795e+01 1.225445e+01 -1.662768e+01
    endloop
  endfacet
  facet normal -2.222907e-02 -4.917169e-02 9.985429e-01
    outer loop
      vertex   -2.850795e+01 1.225445e+01 -1.662768e+01
      vertex   -2.893317e+01 1.261868e+01 -1.661921e+01
      vertex   -2.899089e+01 1.247277e+01 -1.662768e+01
    endloop
  endfacet
  facet normal 2.222907e-02 4.917169e-02 9.985429e-01
    outer loop
      vertex   -2.850795e+01 1.225445e+01 -1.662768e+01
      vertex   -2.899089e+01 1.247277e+01 -1.662768e+01
      vertex   -2.906229e+01 1.233305e+01 -1.661921e+01
    endloop
  endfacet
  facet normal 3.331531e-02 1.281473e-01 9.911954e-01
    outer loop
      vertex   -2.850795e+01 1.225445e+01 -1.662768e+01
      vertex   -2.906229e+01 1.233305e+01 -1.661921e+01
      vertex   -2.866787e+01 1.190069e+01 -1.657657e+01
    endloop
  endfacet
  facet normal 5.668733e-02 1.490743e-01 9.871998e-01
    outer loop
      vertex   -2.866787e+01 1.190069e+01 -1.657657e+01
      vertex   -2.906229e+01 1.233305e+01 -1.661921e+01
      vertex   -2.914653e+01 1.220001e+01 -1.659428e+01
    endloop
  endfacet
  facet normal 1.358045e-01 2.735263e-01 9.522292e-01
    outer loop
      vertex   -2.866787e+01 1.190069e+01 -1.657657e+01
      vertex   -2.914653e+01 1.220001e+01 -1.659428e+01
      vertex   -2.934550e+01 1.196341e+01 -1.649794e+01
    endloop
  endfacet
  facet normal 1.401773e-01 3.565240e-01 9.237104e-01
    outer loop
      vertex   -2.866787e+01 1.190069e+01 -1.657657e+01
      vertex   -2.934550e+01 1.196341e+01 -1.649794e+01
      vertex   -2.881690e+01 1.157104e+01 -1.642671e+01
    endloop
  endfacet
  facet normal 2.132395e-01 4.451490e-01 8.696961e-01
    outer loop
      vertex   -2.881690e+01 1.157104e+01 -1.642671e+01
      vertex   -2.934550e+01 1.196341e+01 -1.649794e+01
      vertex   -2.956948e+01 1.177767e+01 -1.634795e+01
    endloop
  endfacet
  facet normal 2.370096e-01 5.608564e-01 7.932633e-01
    outer loop
      vertex   -2.881690e+01 1.157104e+01 -1.642671e+01
      vertex   -2.956948e+01 1.177767e+01 -1.634795e+01
      vertex   -2.894487e+01 1.128796e+01 -1.618834e+01
    endloop
  endfacet
  facet normal 2.719027e-01 5.936666e-01 7.573830e-01
    outer loop
      vertex   -2.894487e+01 1.128796e+01 -1.618834e+01
      vertex   -2.956948e+01 1.177767e+01 -1.634795e+01
      vertex   -2.979417e+01 1.164541e+01 -1.616362e+01
    endloop
  endfacet
  facet normal 3.199555e-01 7.174199e-01 6.188191e-01
    outer loop
      vertex   -2.894487e+01 1.128796e+01 -1.618834e+01
      vertex   -2.979417e+01 1.164541e+01 -1.616362e+01
      vertex   -3.001421e+01 1.155690e+01 -1.594724e+01
    endloop
  endfacet
  facet normal 3.198506e-01 7.260349e-01 6.087437e-01
    outer loop
      vertex   -2.894487e+01 1.128796e+01 -1.618834e+01
      vertex   -3.001421e+01 1.155690e+01 -1.594724e+01
      vertex   -2.904306e+01 1.107075e+01 -1.587768e+01
    endloop
  endfacet
  facet normal 3.683340e-01 8.028579e-01 4.687743e-01
    outer loop
      vertex   -2.904306e+01 1.107075e+01 -1.587768e+01
      vertex   -3.001421e+01 1.155690e+01 -1.594724e+01
      vertex   -3.021551e+01 1.150431e+01 -1.569899e+01
    endloop
  endfacet
  facet normal 3.711808e-01 8.460459e-01 3.826632e-01
    outer loop
      vertex   -2.904306e+01 1.107075e+01 -1.587768e+01
      vertex   -3.021551e+01 1.150431e+01 -1.569899e+01
      vertex   -2.910479e+01 1.093420e+01 -1.551590e+01
    endloop
  endfacet
  facet normal 3.979018e-01 8.693457e-01 2.931077e-01
    outer loop
      vertex   -2.910479e+01 1.093420e+01 -1.551590e+01
      vertex   -3.021551e+01 1.150431e+01 -1.569899e+01
      vertex   -3.036753e+01 1.148183e+01 -1.542593e+01
    endloop
  endfacet
  facet normal 4.023502e-01 9.032420e-01 1.492255e-01
    outer loop
      vertex   -2.910479e+01 1.093420e+01 -1.551590e+01
      vertex   -3.036753e+01 1.148183e+01 -1.542593e+01
      vertex   -3.041254e+01 1.147780e+01 -1.528021e+01
    endloop
  endfacet
  facet normal 4.005184e-01 9.069450e-01 1.305213e-01
    outer loop
      vertex   -2.910479e+01 1.093420e+01 -1.551590e+01
      vertex   -3.041254e+01 1.147780e+01 -1.528021e+01
      vertex   -2.912585e+01 1.088763e+01 -1.512768e+01
    endloop
  endfacet
  facet normal 4.114034e-01 9.100428e-01 5.068833e-02
    outer loop
      vertex   -2.912585e+01 1.088763e+01 -1.512768e+01
      vertex   -3.041254e+01 1.147780e+01 -1.528021e+01
      vertex   -3.042888e+01 1.147669e+01 -1.512768e+01
    endloop
  endfacet
  facet normal 4.084088e-01 9.034186e-01 -1.305262e-01
    outer loop
      vertex   -2.912585e+01 1.088763e+01 -1.512768e+01
      vertex   -3.042888e+01 1.147669e+01 -1.512768e+01
      vertex   -2.910479e+01 1.093420e+01 -1.473945e+01
    endloop
  endfacet
  facet normal 4.084088e-01 9.034186e-01 -1.305262e-01
    outer loop
      vertex   -2.910479e+01 1.093420e+01 -1.473945e+01
      vertex   -3.042888e+01 1.147669e+01 -1.512768e+01
      vertex   -3.188683e+01 1.213578e+01 -1.512768e+01
    endloop
  endfacet
  facet normal 4.084088e-01 9.034186e-01 -1.305262e-01
    outer loop
      vertex   -2.910479e+01 1.093420e+01 -1.473945e+01
      vertex   -3.188683e+01 1.213578e+01 -1.512768e+01
      vertex   -3.457208e+01 1.340580e+01 -1.473945e+01
    endloop
  endfacet
  facet normal 4.084088e-01 9.034186e-01 -1.305262e-01
    outer loop
      vertex   -3.457208e+01 1.340580e+01 -1.473945e+01
      vertex   -3.188683e+01 1.213578e+01 -1.512768e+01
      vertex   -3.459313e+01 1.335922e+01 -1.512768e+01
    endloop
  endfacet
  facet normal 4.084088e-01 9.034186e-01 -1.305262e-01
    outer loop
      vertex   -3.457208e+01 1.340580e+01 -1.473945e+01
      vertex   -3.459313e+01 1.335922e+01 -1.512768e+01
      vertex   -3.729944e+01 1.458267e+01 -1.512768e+01
    endloop
  endfacet
  facet normal 4.114034e-01 9.100428e-01 5.068833e-02
    outer loop
      vertex   -3.729944e+01 1.458267e+01 -1.512768e+01
      vertex   -3.459313e+01 1.335922e+01 -1.512768e+01
      vertex   -3.728309e+01 1.458377e+01 -1.528021e+01
    endloop
  endfacet
  facet normal 4.046334e-01 9.051160e-01 1.305251e-01
    outer loop
      vertex   -3.728309e+01 1.458377e+01 -1.528021e+01
      vertex   -3.459313e+01 1.335922e+01 -1.512768e+01
      vertex   -3.457208e+01 1.340580e+01 -1.551590e+01
    endloop
  endfacet
  facet normal 4.049510e-01 9.019517e-01 1.499930e-01
    outer loop
      vertex   -3.728309e+01 1.458377e+01 -1.528021e+01
      vertex   -3.457208e+01 1.340580e+01 -1.551590e+01
      vertex   -3.723809e+01 1.458780e+01 -1.542593e+01
    endloop
  endfacet
  facet normal 3.958573e-01 8.706258e-01 2.920748e-01
    outer loop
      vertex   -3.723809e+01 1.458780e+01 -1.542593e+01
      vertex   -3.457208e+01 1.340580e+01 -1.551590e+01
      vertex   -3.708607e+01 1.461028e+01 -1.569899e+01
    endloop
  endfacet
  facet normal 3.902016e-01 8.631434e-01 3.205094e-01
    outer loop
      vertex   -3.708607e+01 1.461028e+01 -1.569899e+01
      vertex   -3.457208e+01 1.340580e+01 -1.551590e+01
      vertex   -3.200705e+01 1.231421e+01 -1.569899e+01
    endloop
  endfacet
  facet normal 3.696288e-01 8.176355e-01 4.414144e-01
    outer loop
      vertex   -3.708607e+01 1.461028e+01 -1.569899e+01
      vertex   -3.200705e+01 1.231421e+01 -1.569899e+01
      vertex   -3.451035e+01 1.354234e+01 -1.587768e+01
    endloop
  endfacet
  facet normal 3.622854e-01 8.064393e-01 4.673382e-01
    outer loop
      vertex   -3.451035e+01 1.354234e+01 -1.587768e+01
      vertex   -3.200705e+01 1.231421e+01 -1.569899e+01
      vertex   -3.210055e+01 1.250007e+01 -1.594724e+01
    endloop
  endfacet
  facet normal 3.296791e-01 7.216127e-01 6.087584e-01
    outer loop
      vertex   -3.451035e+01 1.354234e+01 -1.587768e+01
      vertex   -3.210055e+01 1.250007e+01 -1.594724e+01
      vertex   -3.441215e+01 1.375956e+01 -1.618834e+01
    endloop
  endfacet
  facet normal 3.245429e-01 7.143370e-01 6.199956e-01
    outer loop
      vertex   -3.441215e+01 1.375956e+01 -1.618834e+01
      vertex   -3.210055e+01 1.250007e+01 -1.594724e+01
      vertex   -3.217947e+01 1.272374e+01 -1.616362e+01
    endloop
  endfacet
  facet normal 2.682336e-01 5.962253e-01 7.566810e-01
    outer loop
      vertex   -3.441215e+01 1.375956e+01 -1.618834e+01
      vertex   -3.217947e+01 1.272374e+01 -1.616362e+01
      vertex   -3.222862e+01 1.297979e+01 -1.634795e+01
    endloop
  endfacet
  facet normal 4.114034e-01 9.100428e-01 5.068833e-02
    outer loop
      vertex   -3.188683e+01 1.213578e+01 -1.512768e+01
      vertex   -3.189680e+01 1.214879e+01 -1.528021e+01
      vertex   -3.459313e+01 1.335922e+01 -1.512768e+01
    endloop
  endfacet
  facet normal 4.121772e-01 9.017057e-01 1.305251e-01
    outer loop
      vertex   -3.459313e+01 1.335922e+01 -1.512768e+01
      vertex   -3.189680e+01 1.214879e+01 -1.528021e+01
      vertex   -3.457208e+01 1.340580e+01 -1.551590e+01
    endloop
  endfacet
  facet normal 4.095919e-01 8.998537e-01 1.499930e-01
    outer loop
      vertex   -3.189680e+01 1.214879e+01 -1.528021e+01
      vertex   -3.192350e+01 1.218523e+01 -1.542593e+01
      vertex   -3.457208e+01 1.340580e+01 -1.551590e+01
    endloop
  endfacet
  facet normal 3.920825e-01 8.723323e-01 2.920748e-01
    outer loop
      vertex   -3.457208e+01 1.340580e+01 -1.551590e+01
      vertex   -3.192350e+01 1.218523e+01 -1.542593e+01
      vertex   -3.200705e+01 1.231421e+01 -1.569899e+01
    endloop
  endfacet
  facet normal 2.012768e-01 4.536075e-01 8.681751e-01
    outer loop
      vertex   -3.223715e+01 1.327063e+01 -1.649794e+01
      vertex   -3.428418e+01 1.404263e+01 -1.642671e+01
      vertex   -3.222862e+01 1.297979e+01 -1.634795e+01
    endloop
  endfacet
  facet normal 2.237758e-01 4.950020e-01 8.395817e-01
    outer loop
      vertex   -3.222862e+01 1.297979e+01 -1.634795e+01
      vertex   -3.428418e+01 1.404263e+01 -1.642671e+01
      vertex   -3.644003e+01 1.488364e+01 -1.634795e+01
    endloop
  endfacet
  facet normal 2.658427e-01 5.880560e-01 7.638834e-01
    outer loop
      vertex   -3.222862e+01 1.297979e+01 -1.634795e+01
      vertex   -3.644003e+01 1.488364e+01 -1.634795e+01
      vertex   -3.441215e+01 1.375956e+01 -1.618834e+01
    endloop
  endfacet
  facet normal 2.703961e-01 5.952477e-01 7.566810e-01
    outer loop
      vertex   -3.441215e+01 1.375956e+01 -1.618834e+01
      vertex   -3.644003e+01 1.488364e+01 -1.634795e+01
      vertex   -3.666472e+01 1.475139e+01 -1.616362e+01
    endloop
  endfacet
  facet normal 3.218655e-01 7.155474e-01 6.199956e-01
    outer loop
      vertex   -3.441215e+01 1.375956e+01 -1.618834e+01
      vertex   -3.666472e+01 1.475139e+01 -1.616362e+01
      vertex   -3.688477e+01 1.466288e+01 -1.594724e+01
    endloop
  endfacet
  facet normal 1.238065e-01 2.812216e-01 9.516230e-01
    outer loop
      vertex   -3.219097e+01 1.357631e+01 -1.659428e+01
      vertex   -3.413516e+01 1.437229e+01 -1.657657e+01
      vertex   -3.223715e+01 1.327063e+01 -1.649794e+01
    endloop
  endfacet
  facet normal 1.375309e-01 3.042244e-01 9.426202e-01
    outer loop
      vertex   -3.223715e+01 1.327063e+01 -1.649794e+01
      vertex   -3.413516e+01 1.437229e+01 -1.657657e+01
      vertex   -3.621605e+01 1.506938e+01 -1.649794e+01
    endloop
  endfacet
  facet normal 1.870165e-01 4.136889e-01 8.910030e-01
    outer loop
      vertex   -3.223715e+01 1.327063e+01 -1.649794e+01
      vertex   -3.621605e+01 1.506938e+01 -1.649794e+01
      vertex   -3.428418e+01 1.404263e+01 -1.642671e+01
    endloop
  endfacet
  facet normal 2.075635e-01 4.507654e-01 8.681751e-01
    outer loop
      vertex   -3.428418e+01 1.404263e+01 -1.642671e+01
      vertex   -3.621605e+01 1.506938e+01 -1.649794e+01
      vertex   -3.644003e+01 1.488364e+01 -1.634795e+01
    endloop
  endfacet
  facet normal 6.757785e-02 1.430863e-01 9.874004e-01
    outer loop
      vertex   -3.219097e+01 1.357631e+01 -1.659428e+01
      vertex   -3.214674e+01 1.372744e+01 -1.661921e+01
      vertex   -3.413516e+01 1.437229e+01 -1.657657e+01
    endloop
  endfacet
  facet normal 7.818674e-02 1.762065e-01 9.812431e-01
    outer loop
      vertex   -3.413516e+01 1.437229e+01 -1.657657e+01
      vertex   -3.214674e+01 1.372744e+01 -1.661921e+01
      vertex   -3.601709e+01 1.530598e+01 -1.659428e+01
    endloop
  endfacet
  facet normal 1.293288e-01 2.787252e-01 9.516230e-01
    outer loop
      vertex   -3.413516e+01 1.437229e+01 -1.657657e+01
      vertex   -3.601709e+01 1.530598e+01 -1.659428e+01
      vertex   -3.621605e+01 1.506938e+01 -1.649794e+01
    endloop
  endfacet
  facet normal 2.222907e-02 4.917169e-02 9.985429e-01
    outer loop
      vertex   -3.208902e+01 1.387334e+01 -1.662768e+01
      vertex   -3.397523e+01 1.472605e+01 -1.662768e+01
      vertex   -3.214674e+01 1.372744e+01 -1.661921e+01
    endloop
  endfacet
  facet normal 2.222907e-02 4.917169e-02 9.985429e-01
    outer loop
      vertex   -3.214674e+01 1.372744e+01 -1.661921e+01
      vertex   -3.397523e+01 1.472605e+01 -1.662768e+01
      vertex   -3.593285e+01 1.543903e+01 -1.661921e+01
    endloop
  endfacet
  facet normal 6.502712e-02 1.438429e-01 9.874617e-01
    outer loop
      vertex   -3.214674e+01 1.372744e+01 -1.661921e+01
      vertex   -3.593285e+01 1.543903e+01 -1.661921e+01
      vertex   -3.601709e+01 1.530598e+01 -1.659428e+01
    endloop
  endfacet
  facet normal -2.222907e-02 -4.917169e-02 9.985429e-01
    outer loop
      vertex   -3.208902e+01 1.387334e+01 -1.662768e+01
      vertex   -3.201762e+01 1.401306e+01 -1.661921e+01
      vertex   -3.397523e+01 1.472605e+01 -1.662768e+01
    endloop
  endfacet
  facet normal -2.222907e-02 -4.917169e-02 9.985429e-01
    outer loop
      vertex   -3.397523e+01 1.472605e+01 -1.662768e+01
      vertex   -3.201762e+01 1.401306e+01 -1.661921e+01
      vertex   -3.580373e+01 1.572465e+01 -1.661921e+01
    endloop
  endfacet
  facet normal -2.222907e-02 -4.917169e-02 9.985429e-01
    outer loop
      vertex   -3.397523e+01 1.472605e+01 -1.662768e+01
      vertex   -3.580373e+01 1.572465e+01 -1.661921e+01
      vertex   -3.586145e+01 1.557875e+01 -1.662768e+01
    endloop
  endfacet
  facet normal -6.502712e-02 -1.438429e-01 9.874617e-01
    outer loop
      vertex   -3.201762e+01 1.401306e+01 -1.661921e+01
      vertex   -3.193338e+01 1.414611e+01 -1.659428e+01
      vertex   -3.580373e+01 1.572465e+01 -1.661921e+01
    endloop
  endfacet
  facet normal -7.818674e-02 -1.762065e-01 9.812431e-01
    outer loop
      vertex   -3.580373e+01 1.572465e+01 -1.661921e+01
      vertex   -3.193338e+01 1.414611e+01 -1.659428e+01
      vertex   -3.381531e+01 1.507980e+01 -1.657657e+01
    endloop
  endfacet
  facet normal -6.757785e-02 -1.430863e-01 9.874004e-01
    outer loop
      vertex   -3.580373e+01 1.572465e+01 -1.661921e+01
      vertex   -3.381531e+01 1.507980e+01 -1.657657e+01
      vertex   -3.575950e+01 1.587578e+01 -1.659428e+01
    endloop
  endfacet
  facet normal -1.238065e-01 -2.812216e-01 9.516230e-01
    outer loop
      vertex   -3.575950e+01 1.587578e+01 -1.659428e+01
      vertex   -3.381531e+01 1.507980e+01 -1.657657e+01
      vertex   -3.571332e+01 1.618146e+01 -1.649794e+01
    endloop
  endfacet
  facet normal -1.375309e-01 -3.042244e-01 9.426202e-01
    outer loop
      vertex   -3.571332e+01 1.618146e+01 -1.649794e+01
      vertex   -3.381531e+01 1.507980e+01 -1.657657e+01
      vertex   -3.173441e+01 1.438271e+01 -1.649794e+01
    endloop
  endfacet
  facet normal -1.870165e-01 -4.136889e-01 8.910030e-01
    outer loop
      vertex   -3.571332e+01 1.618146e+01 -1.649794e+01
      vertex   -3.173441e+01 1.438271e+01 -1.649794e+01
      vertex   -3.366628e+01 1.540946e+01 -1.642671e+01
    endloop
  endfacet
  facet normal -2.075635e-01 -4.507654e-01 8.681751e-01
    outer loop
      vertex   -3.366628e+01 1.540946e+01 -1.642671e+01
      vertex   -3.173441e+01 1.438271e+01 -1.649794e+01
      vertex   -3.151043e+01 1.456845e+01 -1.634795e+01
    endloop
  endfacet
  facet normal -2.237758e-01 -4.950020e-01 8.395817e-01
    outer loop
      vertex   -3.366628e+01 1.540946e+01 -1.642671e+01
      vertex   -3.151043e+01 1.456845e+01 -1.634795e+01
      vertex   -3.572185e+01 1.647230e+01 -1.634795e+01
    endloop
  endfacet
  facet normal -2.658427e-01 -5.880560e-01 7.638834e-01
    outer loop
      vertex   -3.572185e+01 1.647230e+01 -1.634795e+01
      vertex   -3.151043e+01 1.456845e+01 -1.634795e+01
      vertex   -3.353831e+01 1.569253e+01 -1.618834e+01
    endloop
  endfacet
  facet normal -2.682336e-01 -5.962253e-01 7.566810e-01
    outer loop
      vertex   -3.572185e+01 1.647230e+01 -1.634795e+01
      vertex   -3.353831e+01 1.569253e+01 -1.618834e+01
      vertex   -3.577099e+01 1.672835e+01 -1.616362e+01
    endloop
  endfacet
  facet normal -3.245429e-01 -7.143370e-01 6.199956e-01
    outer loop
      vertex   -3.577099e+01 1.672835e+01 -1.616362e+01
      vertex   -3.353831e+01 1.569253e+01 -1.618834e+01
      vertex   -3.584992e+01 1.695202e+01 -1.594724e+01
    endloop
  endfacet
  facet normal -3.296791e-01 -7.216127e-01 6.087584e-01
    outer loop
      vertex   -3.584992e+01 1.695202e+01 -1.594724e+01
      vertex   -3.353831e+01 1.569253e+01 -1.618834e+01
      vertex   -3.344012e+01 1.590975e+01 -1.587768e+01
    endloop
  endfacet
  facet normal -3.622854e-01 -8.064393e-01 4.673382e-01
    outer loop
      vertex   -3.584992e+01 1.695202e+01 -1.594724e+01
      vertex   -3.344012e+01 1.590975e+01 -1.587768e+01
      vertex   -3.594341e+01 1.713788e+01 -1.569899e+01
    endloop
  endfacet
  facet normal -3.696288e-01 -8.176355e-01 4.414144e-01
    outer loop
      vertex   -3.594341e+01 1.713788e+01 -1.569899e+01
      vertex   -3.344012e+01 1.590975e+01 -1.587768e+01
      vertex   -3.086440e+01 1.484181e+01 -1.569899e+01
    endloop
  endfacet
  facet normal -3.902016e-01 -8.631434e-01 3.205094e-01
    outer loop
      vertex   -3.594341e+01 1.713788e+01 -1.569899e+01
      vertex   -3.086440e+01 1.484181e+01 -1.569899e+01
      vertex   -3.337839e+01 1.604629e+01 -1.551590e+01
    endloop
  endfacet
  facet normal -3.958573e-01 -8.706258e-01 2.920748e-01
    outer loop
      vertex   -3.337839e+01 1.604629e+01 -1.551590e+01
      vertex   -3.086440e+01 1.484181e+01 -1.569899e+01
      vertex   -3.071238e+01 1.486429e+01 -1.542593e+01
    endloop
  endfacet
  facet normal -4.049510e-01 -9.019517e-01 1.499930e-01
    outer loop
      vertex   -3.337839e+01 1.604629e+01 -1.551590e+01
      vertex   -3.071238e+01 1.486429e+01 -1.542593e+01
      vertex   -3.066738e+01 1.486832e+01 -1.528021e+01
    endloop
  endfacet
  facet normal -1.293288e-01 -2.787252e-01 9.516230e-01
    outer loop
      vertex   -3.193338e+01 1.414611e+01 -1.659428e+01
      vertex   -3.173441e+01 1.438271e+01 -1.649794e+01
      vertex   -3.381531e+01 1.507980e+01 -1.657657e+01
    endloop
  endfacet
  facet normal -2.703961e-01 -5.952477e-01 7.566810e-01
    outer loop
      vertex   -3.151043e+01 1.456845e+01 -1.634795e+01
      vertex   -3.128574e+01 1.470071e+01 -1.616362e+01
      vertex   -3.353831e+01 1.569253e+01 -1.618834e+01
    endloop
  endfacet
  facet normal -3.218655e-01 -7.155474e-01 6.199956e-01
    outer loop
      vertex   -3.353831e+01 1.569253e+01 -1.618834e+01
      vertex   -3.128574e+01 1.470071e+01 -1.616362e+01
      vertex   -3.106570e+01 1.478921e+01 -1.594724e+01
    endloop
  endfacet
  facet normal -3.239344e-01 -7.242097e-01 6.087584e-01
    outer loop
      vertex   -3.353831e+01 1.569253e+01 -1.618834e+01
      vertex   -3.106570e+01 1.478921e+01 -1.594724e+01
      vertex   -3.344012e+01 1.590975e+01 -1.587768e+01
    endloop
  endfacet
  facet normal -3.660748e-01 -8.047262e-01 4.673382e-01
    outer loop
      vertex   -3.344012e+01 1.590975e+01 -1.587768e+01
      vertex   -3.106570e+01 1.478921e+01 -1.594724e+01
      vertex   -3.086440e+01 1.484181e+01 -1.569899e+01
    endloop
  endfacet
  facet normal -4.046334e-01 -9.051160e-01 1.305251e-01
    outer loop
      vertex   -3.337839e+01 1.604629e+01 -1.551590e+01
      vertex   -3.066738e+01 1.486832e+01 -1.528021e+01
      vertex   -3.335733e+01 1.609287e+01 -1.512768e+01
    endloop
  endfacet
  facet normal -4.114034e-01 -9.100428e-01 5.068833e-02
    outer loop
      vertex   -3.335733e+01 1.609287e+01 -1.512768e+01
      vertex   -3.066738e+01 1.486832e+01 -1.528021e+01
      vertex   -3.065103e+01 1.486943e+01 -1.512768e+01
    endloop
  endfacet
  facet normal -4.005184e-01 -9.069450e-01 1.305213e-01
    outer loop
      vertex   -3.884567e+01 1.851789e+01 -1.551590e+01
      vertex   -3.753793e+01 1.797429e+01 -1.528021e+01
      vertex   -3.882462e+01 1.856446e+01 -1.512768e+01
    endloop
  endfacet
  facet normal -4.114034e-01 -9.100428e-01 5.068833e-02
    outer loop
      vertex   -3.882462e+01 1.856446e+01 -1.512768e+01
      vertex   -3.753793e+01 1.797429e+01 -1.528021e+01
      vertex   -3.752158e+01 1.797540e+01 -1.512768e+01
    endloop
  endfacet
  facet normal -4.084088e-01 -9.034186e-01 -1.305262e-01
    outer loop
      vertex   -3.882462e+01 1.856446e+01 -1.512768e+01
      vertex   -3.752158e+01 1.797540e+01 -1.512768e+01
      vertex   -3.884567e+01 1.851789e+01 -1.473945e+01
    endloop
  endfacet
  facet normal -4.084088e-01 -9.034186e-01 -1.305262e-01
    outer loop
      vertex   -3.884567e+01 1.851789e+01 -1.473945e+01
      vertex   -3.752158e+01 1.797540e+01 -1.512768e+01
      vertex   -3.606364e+01 1.731631e+01 -1.512768e+01
    endloop
  endfacet
  facet normal -4.084088e-01 -9.034186e-01 -1.305262e-01
    outer loop
      vertex   -3.884567e+01 1.851789e+01 -1.473945e+01
      vertex   -3.606364e+01 1.731631e+01 -1.512768e+01
      vertex   -3.337839e+01 1.604629e+01 -1.473945e+01
    endloop
  endfacet
  facet normal -3.711808e-01 -8.460459e-01 3.826632e-01
    outer loop
      vertex   -3.890740e+01 1.838135e+01 -1.587768e+01
      vertex   -3.773496e+01 1.794778e+01 -1.569899e+01
      vertex   -3.884567e+01 1.851789e+01 -1.551590e+01
    endloop
  endfacet
  facet normal -3.979018e-01 -8.693457e-01 2.931077e-01
    outer loop
      vertex   -3.884567e+01 1.851789e+01 -1.551590e+01
      vertex   -3.773496e+01 1.794778e+01 -1.569899e+01
      vertex   -3.758293e+01 1.797027e+01 -1.542593e+01
    endloop
  endfacet
  facet normal -4.023502e-01 -9.032420e-01 1.492255e-01
    outer loop
      vertex   -3.884567e+01 1.851789e+01 -1.551590e+01
      vertex   -3.758293e+01 1.797027e+01 -1.542593e+01
      vertex   -3.753793e+01 1.797429e+01 -1.528021e+01
    endloop
  endfacet
  facet normal -3.683340e-01 -8.028579e-01 4.687743e-01
    outer loop
      vertex   -3.773496e+01 1.794778e+01 -1.569899e+01
      vertex   -3.890740e+01 1.838135e+01 -1.587768e+01
      vertex   -3.793625e+01 1.789519e+01 -1.594724e+01
    endloop
  endfacet
  facet normal -3.198506e-01 -7.260349e-01 6.087437e-01
    outer loop
      vertex   -3.793625e+01 1.789519e+01 -1.594724e+01
      vertex   -3.890740e+01 1.838135e+01 -1.587768e+01
      vertex   -3.900560e+01 1.816413e+01 -1.618834e+01
    endloop
  endfacet
  facet normal -3.199555e-01 -7.174199e-01 6.188191e-01
    outer loop
      vertex   -3.793625e+01 1.789519e+01 -1.594724e+01
      vertex   -3.900560e+01 1.816413e+01 -1.618834e+01
      vertex   -3.815630e+01 1.780668e+01 -1.616362e+01
    endloop
  endfacet
  facet normal -2.719027e-01 -5.936666e-01 7.573830e-01
    outer loop
      vertex   -3.815630e+01 1.780668e+01 -1.616362e+01
      vertex   -3.900560e+01 1.816413e+01 -1.618834e+01
      vertex   -3.838099e+01 1.767442e+01 -1.634795e+01
    endloop
  endfacet
  facet normal -2.370096e-01 -5.608564e-01 7.932633e-01
    outer loop
      vertex   -3.838099e+01 1.767442e+01 -1.634795e+01
      vertex   -3.900560e+01 1.816413e+01 -1.618834e+01
      vertex   -3.913357e+01 1.788105e+01 -1.642671e+01
    endloop
  endfacet
  facet normal -2.132395e-01 -4.451490e-01 8.696961e-01
    outer loop
      vertex   -3.838099e+01 1.767442e+01 -1.634795e+01
      vertex   -3.913357e+01 1.788105e+01 -1.642671e+01
      vertex   -3.860497e+01 1.748868e+01 -1.649794e+01
    endloop
  endfacet
  facet normal -1.401773e-01 -3.565240e-01 9.237104e-01
    outer loop
      vertex   -3.860497e+01 1.748868e+01 -1.649794e+01
      vertex   -3.913357e+01 1.788105e+01 -1.642671e+01
      vertex   -3.928259e+01 1.755140e+01 -1.657657e+01
    endloop
  endfacet
  facet normal -1.358045e-01 -2.735263e-01 9.522292e-01
    outer loop
      vertex   -3.860497e+01 1.748868e+01 -1.649794e+01
      vertex   -3.928259e+01 1.755140e+01 -1.657657e+01
      vertex   -3.880393e+01 1.725208e+01 -1.659428e+01
    endloop
  endfacet
  facet normal -5.668733e-02 -1.490743e-01 9.871998e-01
    outer loop
      vertex   -3.880393e+01 1.725208e+01 -1.659428e+01
      vertex   -3.928259e+01 1.755140e+01 -1.657657e+01
      vertex   -3.888817e+01 1.711904e+01 -1.661921e+01
    endloop
  endfacet
  facet normal -3.331531e-02 -1.281473e-01 9.911954e-01
    outer loop
      vertex   -3.888817e+01 1.711904e+01 -1.661921e+01
      vertex   -3.928259e+01 1.755140e+01 -1.657657e+01
      vertex   -3.944252e+01 1.719764e+01 -1.662768e+01
    endloop
  endfacet
  facet normal -2.222907e-02 -4.917169e-02 9.985429e-01
    outer loop
      vertex   -3.888817e+01 1.711904e+01 -1.661921e+01
      vertex   -3.944252e+01 1.719764e+01 -1.662768e+01
      vertex   -3.895957e+01 1.697932e+01 -1.662768e+01
    endloop
  endfacet
  facet normal 2.222907e-02 4.917169e-02 9.985429e-01
    outer loop
      vertex   -3.895957e+01 1.697932e+01 -1.662768e+01
      vertex   -3.944252e+01 1.719764e+01 -1.662768e+01
      vertex   -3.901729e+01 1.683341e+01 -1.661921e+01
    endloop
  endfacet
  facet normal 7.419371e-02 1.096674e-01 9.911954e-01
    outer loop
      vertex   -3.901729e+01 1.683341e+01 -1.661921e+01
      vertex   -3.944252e+01 1.719764e+01 -1.662768e+01
      vertex   -3.960244e+01 1.684388e+01 -1.657657e+01
    endloop
  endfacet
  facet normal 7.446385e-02 1.410380e-01 9.871998e-01
    outer loop
      vertex   -3.901729e+01 1.683341e+01 -1.661921e+01
      vertex   -3.960244e+01 1.684388e+01 -1.657657e+01
      vertex   -3.906152e+01 1.668228e+01 -1.659428e+01
    endloop
  endfacet
  facet normal 1.156257e-01 2.826486e-01 9.522292e-01
    outer loop
      vertex   -3.906152e+01 1.668228e+01 -1.659428e+01
      vertex   -3.960244e+01 1.684388e+01 -1.657657e+01
      vertex   -3.910770e+01 1.637661e+01 -1.649794e+01
    endloop
  endfacet
  facet normal 1.750448e-01 3.407615e-01 9.237104e-01
    outer loop
      vertex   -3.910770e+01 1.637661e+01 -1.649794e+01
      vertex   -3.960244e+01 1.684388e+01 -1.657657e+01
      vertex   -3.975147e+01 1.651423e+01 -1.642671e+01
    endloop
  endfacet
  facet normal 1.933107e-01 4.541582e-01 8.696961e-01
    outer loop
      vertex   -3.910770e+01 1.637661e+01 -1.649794e+01
      vertex   -3.975147e+01 1.651423e+01 -1.642671e+01
      vertex   -3.909917e+01 1.608576e+01 -1.634795e+01
    endloop
  endfacet
  facet normal 2.644712e-01 5.484418e-01 7.932633e-01
    outer loop
      vertex   -3.909917e+01 1.608576e+01 -1.634795e+01
      vertex   -3.975147e+01 1.651423e+01 -1.642671e+01
      vertex   -3.987944e+01 1.623115e+01 -1.618834e+01
    endloop
  endfacet
  facet normal 2.660513e-01 5.963118e-01 7.573830e-01
    outer loop
      vertex   -3.909917e+01 1.608576e+01 -1.634795e+01
      vertex   -3.987944e+01 1.623115e+01 -1.618834e+01
      vertex   -3.905003e+01 1.582971e+01 -1.616362e+01
    endloop
  endfacet
  facet normal 3.272104e-01 7.141402e-01 6.188191e-01
    outer loop
      vertex   -3.905003e+01 1.582971e+01 -1.616362e+01
      vertex   -3.987944e+01 1.623115e+01 -1.618834e+01
      vertex   -3.897110e+01 1.560605e+01 -1.594724e+01
    endloop
  endfacet
  facet normal 3.337472e-01 7.197527e-01 6.087437e-01
    outer loop
      vertex   -3.897110e+01 1.560605e+01 -1.594724e+01
      vertex   -3.987944e+01 1.623115e+01 -1.618834e+01
      vertex   -3.997763e+01 1.601394e+01 -1.587768e+01
    endloop
  endfacet
  facet normal 3.593904e-01 8.069010e-01 4.687743e-01
    outer loop
      vertex   -3.897110e+01 1.560605e+01 -1.594724e+01
      vertex   -3.997763e+01 1.601394e+01 -1.587768e+01
      vertex   -3.887761e+01 1.542018e+01 -1.569899e+01
    endloop
  endfacet
  facet normal 3.899318e-01 8.375692e-01 3.826632e-01
    outer loop
      vertex   -3.887761e+01 1.542018e+01 -1.569899e+01
      vertex   -3.997763e+01 1.601394e+01 -1.587768e+01
      vertex   -4.003936e+01 1.587740e+01 -1.551590e+01
    endloop
  endfacet
  facet normal 3.897708e-01 8.730215e-01 2.931077e-01
    outer loop
      vertex   -3.887761e+01 1.542018e+01 -1.569899e+01
      vertex   -4.003936e+01 1.587740e+01 -1.551590e+01
      vertex   -3.879406e+01 1.529121e+01 -1.542593e+01
    endloop
  endfacet
  facet normal 4.122787e-01 8.987536e-01 1.492255e-01
    outer loop
      vertex   -3.879406e+01 1.529121e+01 -1.542593e+01
      vertex   -4.003936e+01 1.587740e+01 -1.551590e+01
      vertex   -3.876735e+01 1.525476e+01 -1.528021e+01
    endloop
  endfacet
  facet normal 4.162687e-01 8.998247e-01 1.305213e-01
    outer loop
      vertex   -3.876735e+01 1.525476e+01 -1.528021e+01
      vertex   -4.003936e+01 1.587740e+01 -1.551590e+01
      vertex   -4.006042e+01 1.583082e+01 -1.512768e+01
    endloop
  endfacet
  facet normal 4.114034e-01 9.100428e-01 5.068833e-02
    outer loop
      vertex   -3.876735e+01 1.525476e+01 -1.528021e+01
      vertex   -4.006042e+01 1.583082e+01 -1.512768e+01
      vertex   -3.875738e+01 1.524176e+01 -1.512768e+01
    endloop
  endfacet
  facet normal 4.084088e-01 9.034186e-01 -1.305262e-01
    outer loop
      vertex   -3.875738e+01 1.524176e+01 -1.512768e+01
      vertex   -4.006042e+01 1.583082e+01 -1.512768e+01
      vertex   -4.003936e+01 1.587740e+01 -1.473945e+01
    endloop
  endfacet
  facet normal 4.084088e-01 9.034186e-01 -1.305262e-01
    outer loop
      vertex   -3.875738e+01 1.524176e+01 -1.512768e+01
      vertex   -4.003936e+01 1.587740e+01 -1.473945e+01
      vertex   -3.729944e+01 1.458267e+01 -1.512768e+01
    endloop
  endfacet
  facet normal 4.084088e-01 9.034186e-01 -1.305262e-01
    outer loop
      vertex   -3.729944e+01 1.458267e+01 -1.512768e+01
      vertex   -4.003936e+01 1.587740e+01 -1.473945e+01
      vertex   -3.457208e+01 1.340580e+01 -1.473945e+01
    endloop
  endfacet
  facet normal 3.805764e-01 8.418521e-01 -3.826834e-01
    outer loop
      vertex   -3.457208e+01 1.340580e+01 -1.473945e+01
      vertex   -4.003936e+01 1.587740e+01 -1.473945e+01
      vertex   -3.451035e+01 1.354234e+01 -1.437768e+01
    endloop
  endfacet
  facet normal 3.805764e-01 8.418521e-01 -3.826834e-01
    outer loop
      vertex   -3.451035e+01 1.354234e+01 -1.437768e+01
      vertex   -4.003936e+01 1.587740e+01 -1.473945e+01
      vertex   -3.997763e+01 1.601394e+01 -1.437768e+01
    endloop
  endfacet
  facet normal 3.268084e-01 7.229148e-01 -6.087614e-01
    outer loop
      vertex   -3.451035e+01 1.354234e+01 -1.437768e+01
      vertex   -3.997763e+01 1.601394e+01 -1.437768e+01
      vertex   -3.441215e+01 1.375956e+01 -1.406702e+01
    endloop
  endfacet
  facet normal 3.268084e-01 7.229148e-01 -6.087614e-01
    outer loop
      vertex   -3.441215e+01 1.375956e+01 -1.406702e+01
      vertex   -3.997763e+01 1.601394e+01 -1.437768e+01
      vertex   -3.987944e+01 1.623115e+01 -1.406702e+01
    endloop
  endfacet
  facet normal 2.507689e-01 5.547120e-01 -7.933533e-01
    outer loop
      vertex   -3.441215e+01 1.375956e+01 -1.406702e+01
      vertex   -3.987944e+01 1.623115e+01 -1.406702e+01
      vertex   -3.428418e+01 1.404263e+01 -1.382864e+01
    endloop
  endfacet
  facet normal 2.507689e-01 5.547120e-01 -7.933533e-01
    outer loop
      vertex   -3.428418e+01 1.404263e+01 -1.382864e+01
      vertex   -3.987944e+01 1.623115e+01 -1.406702e+01
      vertex   -3.975147e+01 1.651423e+01 -1.382864e+01
    endloop
  endfacet
  facet normal 1.576399e-01 3.487066e-01 -9.238795e-01
    outer loop
      vertex   -3.428418e+01 1.404263e+01 -1.382864e+01
      vertex   -3.975147e+01 1.651423e+01 -1.382864e+01
      vertex   -3.413516e+01 1.437229e+01 -1.367879e+01
    endloop
  endfacet
  facet normal 1.576399e-01 3.487066e-01 -9.238795e-01
    outer loop
      vertex   -3.413516e+01 1.437229e+01 -1.367879e+01
      vertex   -3.975147e+01 1.651423e+01 -1.382864e+01
      vertex   -3.960244e+01 1.684388e+01 -1.367879e+01
    endloop
  endfacet
  facet normal 5.376804e-02 1.189373e-01 -9.914449e-01
    outer loop
      vertex   -3.413516e+01 1.437229e+01 -1.367879e+01
      vertex   -3.960244e+01 1.684388e+01 -1.367879e+01
      vertex   -3.397523e+01 1.472605e+01 -1.362768e+01
    endloop
  endfacet
  facet normal 5.376804e-02 1.189373e-01 -9.914449e-01
    outer loop
      vertex   -3.397523e+01 1.472605e+01 -1.362768e+01
      vertex   -3.960244e+01 1.684388e+01 -1.367879e+01
      vertex   -3.944252e+01 1.719764e+01 -1.362768e+01
    endloop
  endfacet
  facet normal -5.376804e-02 -1.189373e-01 -9.914449e-01
    outer loop
      vertex   -3.397523e+01 1.472605e+01 -1.362768e+01
      vertex   -3.944252e+01 1.719764e+01 -1.362768e+01
      vertex   -3.381531e+01 1.507980e+01 -1.367879e+01
    endloop
  endfacet
  facet normal -5.376804e-02 -1.189373e-01 -9.914449e-01
    outer loop
      vertex   -3.381531e+01 1.507980e+01 -1.367879e+01
      vertex   -3.944252e+01 1.719764e+01 -1.362768e+01
      vertex   -3.928259e+01 1.755140e+01 -1.367879e+01
    endloop
  endfacet
  facet normal -1.576399e-01 -3.487066e-01 -9.238795e-01
    outer loop
      vertex   -3.381531e+01 1.507980e+01 -1.367879e+01
      vertex   -3.928259e+01 1.755140e+01 -1.367879e+01
      vertex   -3.366628e+01 1.540946e+01 -1.382864e+01
    endloop
  endfacet
  facet normal -1.576399e-01 -3.487066e-01 -9.238795e-01
    outer loop
      vertex   -3.366628e+01 1.540946e+01 -1.382864e+01
      vertex   -3.928259e+01 1.755140e+01 -1.367879e+01
      vertex   -3.913357e+01 1.788105e+01 -1.382864e+01
    endloop
  endfacet
  facet normal -2.507689e-01 -5.547120e-01 -7.933533e-01
    outer loop
      vertex   -3.366628e+01 1.540946e+01 -1.382864e+01
      vertex   -3.913357e+01 1.788105e+01 -1.382864e+01
      vertex   -3.353831e+01 1.569253e+01 -1.406702e+01
    endloop
  endfacet
  facet normal -2.507689e-01 -5.547120e-01 -7.933533e-01
    outer loop
      vertex   -3.353831e+01 1.569253e+01 -1.406702e+01
      vertex   -3.913357e+01 1.788105e+01 -1.382864e+01
      vertex   -3.900560e+01 1.816413e+01 -1.406702e+01
    endloop
  endfacet
  facet normal -3.268084e-01 -7.229148e-01 -6.087614e-01
    outer loop
      vertex   -3.353831e+01 1.569253e+01 -1.406702e+01
      vertex   -3.900560e+01 1.816413e+01 -1.406702e+01
      vertex   -3.344012e+01 1.590975e+01 -1.437768e+01
    endloop
  endfacet
  facet normal -3.268084e-01 -7.229148e-01 -6.087614e-01
    outer loop
      vertex   -3.344012e+01 1.590975e+01 -1.437768e+01
      vertex   -3.900560e+01 1.816413e+01 -1.406702e+01
      vertex   -3.890740e+01 1.838135e+01 -1.437768e+01
    endloop
  endfacet
  facet normal -3.805764e-01 -8.418521e-01 -3.826834e-01
    outer loop
      vertex   -3.344012e+01 1.590975e+01 -1.437768e+01
      vertex   -3.890740e+01 1.838135e+01 -1.437768e+01
      vertex   -3.337839e+01 1.604629e+01 -1.473945e+01
    endloop
  endfacet
  facet normal -3.805764e-01 -8.418521e-01 -3.826834e-01
    outer loop
      vertex   -3.337839e+01 1.604629e+01 -1.473945e+01
      vertex   -3.890740e+01 1.838135e+01 -1.437768e+01
      vertex   -3.884567e+01 1.851789e+01 -1.473945e+01
    endloop
  endfacet
  facet normal -4.121772e-01 -9.017057e-01 1.305251e-01
    outer loop
      vertex   -3.335733e+01 1.609287e+01 -1.512768e+01
      vertex   -3.605367e+01 1.730330e+01 -1.528021e+01
      vertex   -3.337839e+01 1.604629e+01 -1.551590e+01
    endloop
  endfacet
  facet normal -4.095919e-01 -8.998537e-01 1.499930e-01
    outer loop
      vertex   -3.337839e+01 1.604629e+01 -1.551590e+01
      vertex   -3.605367e+01 1.730330e+01 -1.528021e+01
      vertex   -3.602697e+01 1.726686e+01 -1.542593e+01
    endloop
  endfacet
  facet normal -3.920825e-01 -8.723323e-01 2.920748e-01
    outer loop
      vertex   -3.337839e+01 1.604629e+01 -1.551590e+01
      vertex   -3.602697e+01 1.726686e+01 -1.542593e+01
      vertex   -3.594341e+01 1.713788e+01 -1.569899e+01
    endloop
  endfacet
  facet normal -2.012768e-01 -4.536075e-01 8.681751e-01
    outer loop
      vertex   -3.572185e+01 1.647230e+01 -1.634795e+01
      vertex   -3.571332e+01 1.618146e+01 -1.649794e+01
      vertex   -3.366628e+01 1.540946e+01 -1.642671e+01
    endloop
  endfacet
  facet normal 2.222907e-02 4.917169e-02 9.985429e-01
    outer loop
      vertex   -3.586145e+01 1.557875e+01 -1.662768e+01
      vertex   -3.593285e+01 1.543903e+01 -1.661921e+01
      vertex   -3.397523e+01 1.472605e+01 -1.662768e+01
    endloop
  endfacet
  facet normal 3.239344e-01 7.242097e-01 6.087584e-01
    outer loop
      vertex   -3.441215e+01 1.375956e+01 -1.618834e+01
      vertex   -3.688477e+01 1.466288e+01 -1.594724e+01
      vertex   -3.451035e+01 1.354234e+01 -1.587768e+01
    endloop
  endfacet
  facet normal 3.660748e-01 8.047262e-01 4.673382e-01
    outer loop
      vertex   -3.451035e+01 1.354234e+01 -1.587768e+01
      vertex   -3.688477e+01 1.466288e+01 -1.594724e+01
      vertex   -3.708607e+01 1.461028e+01 -1.569899e+01
    endloop
  endfacet
  facet normal -3.805764e-01 -8.418521e-01 -3.826834e-01
    outer loop
      vertex   -3.337839e+01 1.604629e+01 -1.473945e+01
      vertex   -2.791110e+01 1.357470e+01 -1.473945e+01
      vertex   -3.344012e+01 1.590975e+01 -1.437768e+01
    endloop
  endfacet
  facet normal -3.805764e-01 -8.418521e-01 -3.826834e-01
    outer loop
      vertex   -3.344012e+01 1.590975e+01 -1.437768e+01
      vertex   -2.791110e+01 1.357470e+01 -1.473945e+01
      vertex   -2.797283e+01 1.343815e+01 -1.437768e+01
    endloop
  endfacet
  facet normal -3.268084e-01 -7.229148e-01 -6.087614e-01
    outer loop
      vertex   -3.344012e+01 1.590975e+01 -1.437768e+01
      vertex   -2.797283e+01 1.343815e+01 -1.437768e+01
      vertex   -3.353831e+01 1.569253e+01 -1.406702e+01
    endloop
  endfacet
  facet normal -3.268084e-01 -7.229148e-01 -6.087614e-01
    outer loop
      vertex   -3.353831e+01 1.569253e+01 -1.406702e+01
      vertex   -2.797283e+01 1.343815e+01 -1.437768e+01
      vertex   -2.807103e+01 1.322094e+01 -1.406702e+01
    endloop
  endfacet
  facet normal -2.507689e-01 -5.547120e-01 -7.933533e-01
    outer loop
      vertex   -3.353831e+01 1.569253e+01 -1.406702e+01
      vertex   -2.807103e+01 1.322094e+01 -1.406702e+01
      vertex   -3.366628e+01 1.540946e+01 -1.382864e+01
    endloop
  endfacet
  facet normal -2.507689e-01 -5.547120e-01 -7.933533e-01
    outer loop
      vertex   -3.366628e+01 1.540946e+01 -1.382864e+01
      vertex   -2.807103e+01 1.322094e+01 -1.406702e+01
      vertex   -2.819900e+01 1.293786e+01 -1.382864e+01
    endloop
  endfacet
  facet normal -1.576399e-01 -3.487066e-01 -9.238795e-01
    outer loop
      vertex   -3.366628e+01 1.540946e+01 -1.382864e+01
      vertex   -2.819900e+01 1.293786e+01 -1.382864e+01
      vertex   -3.381531e+01 1.507980e+01 -1.367879e+01
    endloop
  endfacet
  facet normal -1.576399e-01 -3.487066e-01 -9.238795e-01
    outer loop
      vertex   -3.381531e+01 1.507980e+01 -1.367879e+01
      vertex   -2.819900e+01 1.293786e+01 -1.382864e+01
      vertex   -2.834802e+01 1.260821e+01 -1.367879e+01
    endloop
  endfacet
  facet normal -5.376804e-02 -1.189373e-01 -9.914449e-01
    outer loop
      vertex   -3.381531e+01 1.507980e+01 -1.367879e+01
      vertex   -2.834802e+01 1.260821e+01 -1.367879e+01
      vertex   -3.397523e+01 1.472605e+01 -1.362768e+01
    endloop
  endfacet
  facet normal -5.376804e-02 -1.189373e-01 -9.914449e-01
    outer loop
      vertex   -3.397523e+01 1.472605e+01 -1.362768e+01
      vertex   -2.834802e+01 1.260821e+01 -1.367879e+01
      vertex   -2.850795e+01 1.225445e+01 -1.362768e+01
    endloop
  endfacet
  facet normal 5.376804e-02 1.189373e-01 -9.914449e-01
    outer loop
      vertex   -3.397523e+01 1.472605e+01 -1.362768e+01
      vertex   -2.850795e+01 1.225445e+01 -1.362768e+01
      vertex   -3.413516e+01 1.437229e+01 -1.367879e+01
    endloop
  endfacet
  facet normal 5.376804e-02 1.189373e-01 -9.914449e-01
    outer loop
      vertex   -3.413516e+01 1.437229e+01 -1.367879e+01
      vertex   -2.850795e+01 1.225445e+01 -1.362768e+01
      vertex   -2.866787e+01 1.190069e+01 -1.367879e+01
    endloop
  endfacet
  facet normal 1.576399e-01 3.487066e-01 -9.238795e-01
    outer loop
      vertex   -3.413516e+01 1.437229e+01 -1.367879e+01
      vertex   -2.866787e+01 1.190069e+01 -1.367879e+01
      vertex   -3.428418e+01 1.404263e+01 -1.382864e+01
    endloop
  endfacet
  facet normal 1.576399e-01 3.487066e-01 -9.238795e-01
    outer loop
      vertex   -3.428418e+01 1.404263e+01 -1.382864e+01
      vertex   -2.866787e+01 1.190069e+01 -1.367879e+01
      vertex   -2.881690e+01 1.157104e+01 -1.382864e+01
    endloop
  endfacet
  facet normal 2.507689e-01 5.547120e-01 -7.933533e-01
    outer loop
      vertex   -3.428418e+01 1.404263e+01 -1.382864e+01
      vertex   -2.881690e+01 1.157104e+01 -1.382864e+01
      vertex   -3.441215e+01 1.375956e+01 -1.406702e+01
    endloop
  endfacet
  facet normal 2.507689e-01 5.547120e-01 -7.933533e-01
    outer loop
      vertex   -3.441215e+01 1.375956e+01 -1.406702e+01
      vertex   -2.881690e+01 1.157104e+01 -1.382864e+01
      vertex   -2.894487e+01 1.128796e+01 -1.406702e+01
    endloop
  endfacet
  facet normal 3.268084e-01 7.229148e-01 -6.087614e-01
    outer loop
      vertex   -3.441215e+01 1.375956e+01 -1.406702e+01
      vertex   -2.894487e+01 1.128796e+01 -1.406702e+01
      vertex   -3.451035e+01 1.354234e+01 -1.437768e+01
    endloop
  endfacet
  facet normal 3.268084e-01 7.229148e-01 -6.087614e-01
    outer loop
      vertex   -3.451035e+01 1.354234e+01 -1.437768e+01
      vertex   -2.894487e+01 1.128796e+01 -1.406702e+01
      vertex   -2.904306e+01 1.107075e+01 -1.437768e+01
    endloop
  endfacet
  facet normal 3.805764e-01 8.418521e-01 -3.826834e-01
    outer loop
      vertex   -3.451035e+01 1.354234e+01 -1.437768e+01
      vertex   -2.904306e+01 1.107075e+01 -1.437768e+01
      vertex   -3.457208e+01 1.340580e+01 -1.473945e+01
    endloop
  endfacet
  facet normal 3.805764e-01 8.418521e-01 -3.826834e-01
    outer loop
      vertex   -3.457208e+01 1.340580e+01 -1.473945e+01
      vertex   -2.904306e+01 1.107075e+01 -1.437768e+01
      vertex   -2.910479e+01 1.093420e+01 -1.473945e+01
    endloop
  endfacet
  facet normal -4.084088e-01 -9.034186e-01 1.305262e-01
    outer loop
      vertex   -4.036937e+01 1.514741e+01 -1.512768e+01
      vertex   -2.943480e+01 1.020422e+01 -1.512768e+01
      vertex   -4.033779e+01 1.521727e+01 -1.454533e+01
    endloop
  endfacet
  facet normal -4.084088e-01 -9.034186e-01 1.305262e-01
    outer loop
      vertex   -4.033779e+01 1.521727e+01 -1.454533e+01
      vertex   -2.943480e+01 1.020422e+01 -1.512768e+01
      vertex   -2.940322e+01 1.027408e+01 -1.454533e+01
    endloop
  endfacet
  facet normal -3.805764e-01 -8.418521e-01 3.826834e-01
    outer loop
      vertex   -4.033779e+01 1.521727e+01 -1.454533e+01
      vertex   -2.940322e+01 1.027408e+01 -1.454533e+01
      vertex   -4.024519e+01 1.542209e+01 -1.400268e+01
    endloop
  endfacet
  facet normal -3.805764e-01 -8.418521e-01 3.826834e-01
    outer loop
      vertex   -4.024519e+01 1.542209e+01 -1.400268e+01
      vertex   -2.940322e+01 1.027408e+01 -1.454533e+01
      vertex   -2.931062e+01 1.047889e+01 -1.400268e+01
    endloop
  endfacet
  facet normal -3.268084e-01 -7.229148e-01 6.087614e-01
    outer loop
      vertex   -4.024519e+01 1.542209e+01 -1.400268e+01
      vertex   -2.931062e+01 1.047889e+01 -1.400268e+01
      vertex   -4.009790e+01 1.574791e+01 -1.353669e+01
    endloop
  endfacet
  facet normal -3.268084e-01 -7.229148e-01 6.087614e-01
    outer loop
      vertex   -4.009790e+01 1.574791e+01 -1.353669e+01
      vertex   -2.931062e+01 1.047889e+01 -1.400268e+01
      vertex   -2.916333e+01 1.080471e+01 -1.353669e+01
    endloop
  endfacet
  facet normal -2.507689e-01 -5.547120e-01 7.933533e-01
    outer loop
      vertex   -4.009790e+01 1.574791e+01 -1.353669e+01
      vertex   -2.916333e+01 1.080471e+01 -1.353669e+01
      vertex   -3.990594e+01 1.617253e+01 -1.317912e+01
    endloop
  endfacet
  facet normal -2.507689e-01 -5.547120e-01 7.933533e-01
    outer loop
      vertex   -3.990594e+01 1.617253e+01 -1.317912e+01
      vertex   -2.916333e+01 1.080471e+01 -1.353669e+01
      vertex   -2.897137e+01 1.122933e+01 -1.317912e+01
    endloop
  endfacet
  facet normal -1.576399e-01 -3.487066e-01 9.238795e-01
    outer loop
      vertex   -3.990594e+01 1.617253e+01 -1.317912e+01
      vertex   -2.897137e+01 1.122933e+01 -1.317912e+01
      vertex   -3.968240e+01 1.666700e+01 -1.295434e+01
    endloop
  endfacet
  facet normal -1.576399e-01 -3.487066e-01 9.238795e-01
    outer loop
      vertex   -3.968240e+01 1.666700e+01 -1.295434e+01
      vertex   -2.897137e+01 1.122933e+01 -1.317912e+01
      vertex   -2.874783e+01 1.172381e+01 -1.295434e+01
    endloop
  endfacet
  facet normal -5.376804e-02 -1.189373e-01 9.914449e-01
    outer loop
      vertex   -3.968240e+01 1.666700e+01 -1.295434e+01
      vertex   -2.874783e+01 1.172381e+01 -1.295434e+01
      vertex   -3.944252e+01 1.719764e+01 -1.287768e+01
    endloop
  endfacet
  facet normal -5.376804e-02 -1.189373e-01 9.914449e-01
    outer loop
      vertex   -3.944252e+01 1.719764e+01 -1.287768e+01
      vertex   -2.874783e+01 1.172381e+01 -1.295434e+01
      vertex   -2.850795e+01 1.225445e+01 -1.287768e+01
    endloop
  endfacet
  facet normal 5.376804e-02 1.189373e-01 9.914449e-01
    outer loop
      vertex   -3.944252e+01 1.719764e+01 -1.287768e+01
      vertex   -2.850795e+01 1.225445e+01 -1.287768e+01
      vertex   -3.920263e+01 1.772828e+01 -1.295434e+01
    endloop
  endfacet
  facet normal 5.376804e-02 1.189373e-01 9.914449e-01
    outer loop
      vertex   -3.920263e+01 1.772828e+01 -1.295434e+01
      vertex   -2.850795e+01 1.225445e+01 -1.287768e+01
      vertex   -2.826806e+01 1.278509e+01 -1.295434e+01
    endloop
  endfacet
  facet normal 1.576399e-01 3.487066e-01 9.238795e-01
    outer loop
      vertex   -3.920263e+01 1.772828e+01 -1.295434e+01
      vertex   -2.826806e+01 1.278509e+01 -1.295434e+01
      vertex   -3.897909e+01 1.822276e+01 -1.317912e+01
    endloop
  endfacet
  facet normal 1.576399e-01 3.487066e-01 9.238795e-01
    outer loop
      vertex   -3.897909e+01 1.822276e+01 -1.317912e+01
      vertex   -2.826806e+01 1.278509e+01 -1.295434e+01
      vertex   -2.804452e+01 1.327956e+01 -1.317912e+01
    endloop
  endfacet
  facet normal 2.507689e-01 5.547120e-01 7.933533e-01
    outer loop
      vertex   -3.897909e+01 1.822276e+01 -1.317912e+01
      vertex   -2.804452e+01 1.327956e+01 -1.317912e+01
      vertex   -3.878714e+01 1.864738e+01 -1.353669e+01
    endloop
  endfacet
  facet normal 2.507689e-01 5.547120e-01 7.933533e-01
    outer loop
      vertex   -3.878714e+01 1.864738e+01 -1.353669e+01
      vertex   -2.804452e+01 1.327956e+01 -1.317912e+01
      vertex   -2.785257e+01 1.370418e+01 -1.353669e+01
    endloop
  endfacet
  facet normal 3.268084e-01 7.229148e-01 6.087614e-01
    outer loop
      vertex   -3.878714e+01 1.864738e+01 -1.353669e+01
      vertex   -2.785257e+01 1.370418e+01 -1.353669e+01
      vertex   -3.863984e+01 1.897320e+01 -1.400268e+01
    endloop
  endfacet
  facet normal 3.268084e-01 7.229148e-01 6.087614e-01
    outer loop
      vertex   -3.863984e+01 1.897320e+01 -1.400268e+01
      vertex   -2.785257e+01 1.370418e+01 -1.353669e+01
      vertex   -2.770527e+01 1.403000e+01 -1.400268e+01
    endloop
  endfacet
  facet normal 3.805764e-01 8.418521e-01 3.826834e-01
    outer loop
      vertex   -3.863984e+01 1.897320e+01 -1.400268e+01
      vertex   -2.770527e+01 1.403000e+01 -1.400268e+01
      vertex   -3.854725e+01 1.917802e+01 -1.454533e+01
    endloop
  endfacet
  facet normal 3.805764e-01 8.418521e-01 3.826834e-01
    outer loop
      vertex   -3.854725e+01 1.917802e+01 -1.454533e+01
      vertex   -2.770527e+01 1.403000e+01 -1.400268e+01
      vertex   -2.761268e+01 1.423482e+01 -1.454533e+01
    endloop
  endfacet
  facet normal 4.084088e-01 9.034186e-01 1.305262e-01
    outer loop
      vertex   -3.854725e+01 1.917802e+01 -1.454533e+01
      vertex   -2.761268e+01 1.423482e+01 -1.454533e+01
      vertex   -3.851567e+01 1.924788e+01 -1.512768e+01
    endloop
  endfacet
  facet normal 4.084088e-01 9.034186e-01 1.305262e-01
    outer loop
      vertex   -3.851567e+01 1.924788e+01 -1.512768e+01
      vertex   -2.761268e+01 1.423482e+01 -1.454533e+01
      vertex   -2.758110e+01 1.430468e+01 -1.512768e+01
    endloop
  endfacet
  facet normal 4.119329e-01 9.112142e-01 -6.412697e-16
    outer loop
      vertex   -2.758110e+01 1.430468e+01 -1.512768e+01
      vertex   -2.758110e+01 1.430468e+01 -1.837768e+01
      vertex   -3.851567e+01 1.924788e+01 -1.512768e+01
    endloop
  endfacet
  facet normal 4.119329e-01 9.112142e-01 -1.909682e-16
    outer loop
      vertex   -3.851567e+01 1.924788e+01 -1.512768e+01
      vertex   -2.758110e+01 1.430468e+01 -1.837768e+01
      vertex   -3.851567e+01 1.924788e+01 -1.837768e+01
    endloop
  endfacet
  facet normal 0.000000e+00 0.000000e+00 -1.000000e+00
    outer loop
      vertex   -2.943480e+01 1.020422e+01 -1.837768e+01
      vertex   -2.896811e+01 1.246247e+01 -1.837768e+01
      vertex   -2.758110e+01 1.430468e+01 -1.837768e+01
    endloop
  endfacet
  facet normal 0.000000e+00 0.000000e+00 -1.000000e+00
    outer loop
      vertex   -2.758110e+01 1.430468e+01 -1.837768e+01
      vertex   -2.896811e+01 1.246247e+01 -1.837768e+01
      vertex   -2.883776e+01 1.289351e+01 -1.837768e+01
    endloop
  endfacet
  facet normal 9.193097e-15 -8.186532e-15 -1.000000e+00
    outer loop
      vertex   -2.758110e+01 1.430468e+01 -1.837768e+01
      vertex   -2.883776e+01 1.289351e+01 -1.837768e+01
      vertex   -2.882341e+01 1.334360e+01 -1.837768e+01
    endloop
  endfacet
  facet normal 3.758998e-15 -1.028132e-15 -1.000000e+00
    outer loop
      vertex   -4.036937e+01 1.514741e+01 -1.837768e+01
      vertex   -3.769006e+01 1.457683e+01 -1.837768e+01
      vertex   -2.943480e+01 1.020422e+01 -1.837768e+01
    endloop
  endfacet
  facet normal 2.954336e-15 -2.547289e-15 -1.000000e+00
    outer loop
      vertex   -2.943480e+01 1.020422e+01 -1.837768e+01
      vertex   -3.769006e+01 1.457683e+01 -1.837768e+01
      vertex   -3.163315e+01 1.183869e+01 -1.837768e+01
    endloop
  endfacet
  facet normal 3.170588e-14 3.612338e-14 -1.000000e+00
    outer loop
      vertex   -2.943480e+01 1.020422e+01 -1.837768e+01
      vertex   -3.163315e+01 1.183869e+01 -1.837768e+01
      vertex   -3.125054e+01 1.160121e+01 -1.837768e+01
    endloop
  endfacet
  facet normal 6.410461e-15 -2.897980e-15 -1.000000e+00
    outer loop
      vertex   -3.851567e+01 1.924788e+01 -1.837768e+01
      vertex   -3.898235e+01 1.698962e+01 -1.837768e+01
      vertex   -4.036937e+01 1.514741e+01 -1.837768e+01
    endloop
  endfacet
  facet normal 4.280924e-15 -1.294633e-15 -1.000000e+00
    outer loop
      vertex   -4.036937e+01 1.514741e+01 -1.837768e+01
      vertex   -3.898235e+01 1.698962e+01 -1.837768e+01
      vertex   -3.911271e+01 1.655858e+01 -1.837768e+01
    endloop
  endfacet
  facet normal 2.932099e-15 -9.349307e-17 -1.000000e+00
    outer loop
      vertex   -4.036937e+01 1.514741e+01 -1.837768e+01
      vertex   -3.911271e+01 1.655858e+01 -1.837768e+01
      vertex   -3.912706e+01 1.610849e+01 -1.837768e+01
    endloop
  endfacet
  facet normal 3.255116e-15 -2.142741e-15 -1.000000e+00
    outer loop
      vertex   -2.758110e+01 1.430468e+01 -1.837768e+01
      vertex   -3.631732e+01 1.761341e+01 -1.837768e+01
      vertex   -3.851567e+01 1.924788e+01 -1.837768e+01
    endloop
  endfacet
  facet normal 3.170588e-14 3.612338e-14 -1.000000e+00
    outer loop
      vertex   -3.851567e+01 1.924788e+01 -1.837768e+01
      vertex   -3.631732e+01 1.761341e+01 -1.837768e+01
      vertex   -3.669993e+01 1.785088e+01 -1.837768e+01
    endloop
  endfacet
  facet normal -2.534333e-15 -8.380201e-15 -1.000000e+00
    outer loop
      vertex   -3.851567e+01 1.924788e+01 -1.837768e+01
      vertex   -3.669993e+01 1.785088e+01 -1.837768e+01
      vertex   -3.713096e+01 1.798123e+01 -1.837768e+01
    endloop
  endfacet
  facet normal 2.421322e-15 5.667428e-16 -1.000000e+00
    outer loop
      vertex   -2.882341e+01 1.334360e+01 -1.837768e+01
      vertex   -2.892603e+01 1.378206e+01 -1.837768e+01
      vertex   -2.758110e+01 1.430468e+01 -1.837768e+01
    endloop
  endfacet
  facet normal 2.186484e-15 1.171090e-15 -1.000000e+00
    outer loop
      vertex   -2.758110e+01 1.430468e+01 -1.837768e+01
      vertex   -2.892603e+01 1.378206e+01 -1.837768e+01
      vertex   -2.913865e+01 1.417902e+01 -1.837768e+01
    endloop
  endfacet
  facet normal 2.931804e-15 -8.067395e-15 -1.000000e+00
    outer loop
      vertex   -2.758110e+01 1.430468e+01 -1.837768e+01
      vertex   -2.913865e+01 1.417902e+01 -1.837768e+01
      vertex   -2.944676e+01 1.450743e+01 -1.837768e+01
    endloop
  endfacet
  facet normal 4.616933e-15 7.438719e-15 -1.000000e+00
    outer loop
      vertex   -2.944676e+01 1.450743e+01 -1.837768e+01
      vertex   -2.982937e+01 1.474490e+01 -1.837768e+01
      vertex   -2.758110e+01 1.430468e+01 -1.837768e+01
    endloop
  endfacet
  facet normal -6.172868e-15 -4.766610e-14 -1.000000e+00
    outer loop
      vertex   -2.758110e+01 1.430468e+01 -1.837768e+01
      vertex   -2.982937e+01 1.474490e+01 -1.837768e+01
      vertex   -3.026041e+01 1.487526e+01 -1.837768e+01
    endloop
  endfacet
  facet normal 3.863997e-15 -5.350774e-16 -1.000000e+00
    outer loop
      vertex   -2.758110e+01 1.430468e+01 -1.837768e+01
      vertex   -3.026041e+01 1.487526e+01 -1.837768e+01
      vertex   -3.631732e+01 1.761341e+01 -1.837768e+01
    endloop
  endfacet
  facet normal 7.129911e-15 6.689272e-15 -1.000000e+00
    outer loop
      vertex   -3.631732e+01 1.761341e+01 -1.837768e+01
      vertex   -3.026041e+01 1.487526e+01 -1.837768e+01
      vertex   -3.600920e+01 1.728500e+01 -1.837768e+01
    endloop
  endfacet
  facet normal -3.561631e-16 -1.116987e-14 -1.000000e+00
    outer loop
      vertex   -3.600920e+01 1.728500e+01 -1.837768e+01
      vertex   -3.026041e+01 1.487526e+01 -1.837768e+01
      vertex   -3.071049e+01 1.488961e+01 -1.837768e+01
    endloop
  endfacet
  facet normal 6.192896e-15 3.316940e-15 -1.000000e+00
    outer loop
      vertex   -3.600920e+01 1.728500e+01 -1.837768e+01
      vertex   -3.071049e+01 1.488961e+01 -1.837768e+01
      vertex   -3.579659e+01 1.688804e+01 -1.837768e+01
    endloop
  endfacet
  facet normal 6.903148e-15 5.124567e-15 -1.000000e+00
    outer loop
      vertex   -3.579659e+01 1.688804e+01 -1.837768e+01
      vertex   -3.071049e+01 1.488961e+01 -1.837768e+01
      vertex   -3.114896e+01 1.478698e+01 -1.837768e+01
    endloop
  endfacet
  facet normal 1.032813e-15 -7.860878e-15 -1.000000e+00
    outer loop
      vertex   -3.579659e+01 1.688804e+01 -1.837768e+01
      vertex   -3.114896e+01 1.478698e+01 -1.837768e+01
      vertex   -3.569396e+01 1.644957e+01 -1.837768e+01
    endloop
  endfacet
  facet normal 2.322294e-15 -4.335842e-15 -1.000000e+00
    outer loop
      vertex   -3.569396e+01 1.644957e+01 -1.837768e+01
      vertex   -3.114896e+01 1.478698e+01 -1.837768e+01
      vertex   -3.154592e+01 1.457436e+01 -1.837768e+01
    endloop
  endfacet
  facet normal 4.221548e-15 -1.346085e-16 -1.000000e+00
    outer loop
      vertex   -3.569396e+01 1.644957e+01 -1.837768e+01
      vertex   -3.154592e+01 1.457436e+01 -1.837768e+01
      vertex   -3.570831e+01 1.599948e+01 -1.837768e+01
    endloop
  endfacet
  facet normal 3.126625e-15 -3.332584e-15 -1.000000e+00
    outer loop
      vertex   -3.570831e+01 1.599948e+01 -1.837768e+01
      vertex   -3.154592e+01 1.457436e+01 -1.837768e+01
      vertex   -3.187433e+01 1.426625e+01 -1.837768e+01
    endloop
  endfacet
  facet normal 4.075946e-15 -1.232644e-15 -1.000000e+00
    outer loop
      vertex   -3.570831e+01 1.599948e+01 -1.837768e+01
      vertex   -3.187433e+01 1.426625e+01 -1.837768e+01
      vertex   -3.583867e+01 1.556845e+01 -1.837768e+01
    endloop
  endfacet
  facet normal 3.722020e-15 -2.310118e-15 -1.000000e+00
    outer loop
      vertex   -3.583867e+01 1.556845e+01 -1.837768e+01
      vertex   -3.187433e+01 1.426625e+01 -1.837768e+01
      vertex   -3.211180e+01 1.388364e+01 -1.837768e+01
    endloop
  endfacet
  facet normal 4.193098e-15 -1.268073e-15 -1.000000e+00
    outer loop
      vertex   -3.583867e+01 1.556845e+01 -1.837768e+01
      vertex   -3.211180e+01 1.388364e+01 -1.837768e+01
      vertex   -3.224215e+01 1.345261e+01 -1.837768e+01
    endloop
  endfacet
  facet normal 3.618029e-15 -2.245575e-15 -1.000000e+00
    outer loop
      vertex   -3.583867e+01 1.556845e+01 -1.837768e+01
      vertex   -3.224215e+01 1.345261e+01 -1.837768e+01
      vertex   -3.607614e+01 1.518584e+01 -1.837768e+01
    endloop
  endfacet
  facet normal 4.567350e-15 -1.456348e-16 -1.000000e+00
    outer loop
      vertex   -3.607614e+01 1.518584e+01 -1.837768e+01
      vertex   -3.224215e+01 1.345261e+01 -1.837768e+01
      vertex   -3.225651e+01 1.300252e+01 -1.837768e+01
    endloop
  endfacet
  facet normal 2.889902e-15 -3.080267e-15 -1.000000e+00
    outer loop
      vertex   -3.607614e+01 1.518584e+01 -1.837768e+01
      vertex   -3.225651e+01 1.300252e+01 -1.837768e+01
      vertex   -3.640455e+01 1.487773e+01 -1.837768e+01
    endloop
  endfacet
  facet normal 4.789156e-15 1.120966e-15 -1.000000e+00
    outer loop
      vertex   -3.640455e+01 1.487773e+01 -1.837768e+01
      vertex   -3.225651e+01 1.300252e+01 -1.837768e+01
      vertex   -3.215388e+01 1.256406e+01 -1.837768e+01
    endloop
  endfacet
  facet normal 6.583604e-15 4.417721e-15 -1.000000e+00
    outer loop
      vertex   -3.640455e+01 1.487773e+01 -1.837768e+01
      vertex   -3.215388e+01 1.256406e+01 -1.837768e+01
      vertex   -3.680151e+01 1.466511e+01 -1.837768e+01
    endloop
  endfacet
  facet normal 7.132690e-16 -8.567724e-15 -1.000000e+00
    outer loop
      vertex   -3.680151e+01 1.466511e+01 -1.837768e+01
      vertex   -3.215388e+01 1.256406e+01 -1.837768e+01
      vertex   -3.194126e+01 1.216709e+01 -1.837768e+01
    endloop
  endfacet
  facet normal 1.601079e-15 -6.840365e-15 -1.000000e+00
    outer loop
      vertex   -3.680151e+01 1.466511e+01 -1.837768e+01
      vertex   -3.194126e+01 1.216709e+01 -1.837768e+01
      vertex   -3.723997e+01 1.456248e+01 -1.837768e+01
    endloop
  endfacet
  facet normal 8.150138e-15 7.646447e-15 -1.000000e+00
    outer loop
      vertex   -3.723997e+01 1.456248e+01 -1.837768e+01
      vertex   -3.194126e+01 1.216709e+01 -1.837768e+01
      vertex   -3.163315e+01 1.183869e+01 -1.837768e+01
    endloop
  endfacet
  facet normal -3.115790e-16 -9.771638e-15 -1.000000e+00
    outer loop
      vertex   -3.723997e+01 1.456248e+01 -1.837768e+01
      vertex   -3.163315e+01 1.183869e+01 -1.837768e+01
      vertex   -3.769006e+01 1.457683e+01 -1.837768e+01
    endloop
  endfacet
  facet normal -2.534333e-15 -8.380201e-15 -1.000000e+00
    outer loop
      vertex   -3.125054e+01 1.160121e+01 -1.837768e+01
      vertex   -3.081950e+01 1.147086e+01 -1.837768e+01
      vertex   -2.943480e+01 1.020422e+01 -1.837768e+01
    endloop
  endfacet
  facet normal 7.993157e-15 3.128544e-15 -1.000000e+00
    outer loop
      vertex   -2.943480e+01 1.020422e+01 -1.837768e+01
      vertex   -3.081950e+01 1.147086e+01 -1.837768e+01
      vertex   -3.036942e+01 1.145651e+01 -1.837768e+01
    endloop
  endfacet
  facet normal 5.652820e-16 -2.415082e-15 -1.000000e+00
    outer loop
      vertex   -2.943480e+01 1.020422e+01 -1.837768e+01
      vertex   -3.036942e+01 1.145651e+01 -1.837768e+01
      vertex   -2.993095e+01 1.155914e+01 -1.837768e+01
    endloop
  endfacet
  facet normal 1.174116e-15 -2.192134e-15 -1.000000e+00
    outer loop
      vertex   -2.993095e+01 1.155914e+01 -1.837768e+01
      vertex   -2.953399e+01 1.177175e+01 -1.837768e+01
      vertex   -2.943480e+01 1.020422e+01 -1.837768e+01
    endloop
  endfacet
  facet normal 1.221895e-14 -1.493219e-15 -1.000000e+00
    outer loop
      vertex   -2.943480e+01 1.020422e+01 -1.837768e+01
      vertex   -2.953399e+01 1.177175e+01 -1.837768e+01
      vertex   -2.920558e+01 1.207986e+01 -1.837768e+01
    endloop
  endfacet
  facet normal 0.000000e+00 0.000000e+00 -1.000000e+00
    outer loop
      vertex   -2.943480e+01 1.020422e+01 -1.837768e+01
      vertex   -2.920558e+01 1.207986e+01 -1.837768e+01
      vertex   -2.896811e+01 1.246247e+01 -1.837768e+01
    endloop
  endfacet
  facet normal 7.993157e-15 3.128544e-15 -1.000000e+00
    outer loop
      vertex   -3.713096e+01 1.798123e+01 -1.837768e+01
      vertex   -3.758105e+01 1.799558e+01 -1.837768e+01
      vertex   -3.851567e+01 1.924788e+01 -1.837768e+01
    endloop
  endfacet
  facet normal 5.652820e-16 -2.415082e-15 -1.000000e+00
    outer loop
      vertex   -3.851567e+01 1.924788e+01 -1.837768e+01
      vertex   -3.758105e+01 1.799558e+01 -1.837768e+01
      vertex   -3.801951e+01 1.789295e+01 -1.837768e+01
    endloop
  endfacet
  facet normal 1.174116e-15 -2.192134e-15 -1.000000e+00
    outer loop
      vertex   -3.851567e+01 1.924788e+01 -1.837768e+01
      vertex   -3.801951e+01 1.789295e+01 -1.837768e+01
      vertex   -3.841648e+01 1.768034e+01 -1.837768e+01
    endloop
  endfacet
  facet normal 2.007198e-15 -2.139417e-15 -1.000000e+00
    outer loop
      vertex   -3.841648e+01 1.768034e+01 -1.837768e+01
      vertex   -3.874488e+01 1.737223e+01 -1.837768e+01
      vertex   -3.851567e+01 1.924788e+01 -1.837768e+01
    endloop
  endfacet
  facet normal 3.799979e-15 -2.358504e-15 -1.000000e+00
    outer loop
      vertex   -3.851567e+01 1.924788e+01 -1.837768e+01
      vertex   -3.874488e+01 1.737223e+01 -1.837768e+01
      vertex   -3.898235e+01 1.698962e+01 -1.837768e+01
    endloop
  endfacet
  facet normal 2.421322e-15 5.667428e-16 -1.000000e+00
    outer loop
      vertex   -3.912706e+01 1.610849e+01 -1.837768e+01
      vertex   -3.902443e+01 1.567003e+01 -1.837768e+01
      vertex   -4.036937e+01 1.514741e+01 -1.837768e+01
    endloop
  endfacet
  facet normal 2.186484e-15 1.171090e-15 -1.000000e+00
    outer loop
      vertex   -4.036937e+01 1.514741e+01 -1.837768e+01
      vertex   -3.902443e+01 1.567003e+01 -1.837768e+01
      vertex   -3.881182e+01 1.527307e+01 -1.837768e+01
    endloop
  endfacet
  facet normal 2.931804e-15 -8.067395e-15 -1.000000e+00
    outer loop
      vertex   -4.036937e+01 1.514741e+01 -1.837768e+01
      vertex   -3.881182e+01 1.527307e+01 -1.837768e+01
      vertex   -3.850371e+01 1.494466e+01 -1.837768e+01
    endloop
  endfacet
  facet normal 4.616933e-15 7.438719e-15 -1.000000e+00
    outer loop
      vertex   -3.850371e+01 1.494466e+01 -1.837768e+01
      vertex   -3.812109e+01 1.470719e+01 -1.837768e+01
      vertex   -4.036937e+01 1.514741e+01 -1.837768e+01
    endloop
  endfacet
  facet normal -6.172868e-15 -4.766610e-14 -1.000000e+00
    outer loop
      vertex   -4.036937e+01 1.514741e+01 -1.837768e+01
      vertex   -3.812109e+01 1.470719e+01 -1.837768e+01
      vertex   -3.769006e+01 1.457683e+01 -1.837768e+01
    endloop
  endfacet
  facet normal -4.119329e-01 -9.112142e-01 6.412697e-16
    outer loop
      vertex   -2.943480e+01 1.020422e+01 -1.837768e+01
      vertex   -2.943480e+01 1.020422e+01 -1.512768e+01
      vertex   -4.036937e+01 1.514741e+01 -1.837768e+01
    endloop
  endfacet
  facet normal -4.119329e-01 -9.112142e-01 1.909682e-16
    outer loop
      vertex   -4.036937e+01 1.514741e+01 -1.837768e+01
      vertex   -2.943480e+01 1.020422e+01 -1.512768e+01
      vertex   -4.036937e+01 1.514741e+01 -1.512768e+01
    endloop
  endfacet
  facet normal -9.112142e-01 4.119329e-01 -9.556214e-15
    outer loop
      vertex   -4.033779e+01 1.521727e+01 -1.454533e+01
      vertex   -4.006042e+01 1.583082e+01 -1.512768e+01
      vertex   -4.036937e+01 1.514741e+01 -1.512768e+01
    endloop
  endfacet
  facet normal -9.112142e-01 4.119329e-01 -1.086692e-14
    outer loop
      vertex   -4.036937e+01 1.514741e+01 -1.512768e+01
      vertex   -4.006042e+01 1.583082e+01 -1.512768e+01
      vertex   -4.003936e+01 1.587740e+01 -1.551590e+01
    endloop
  endfacet
  facet normal -9.112142e-01 4.119329e-01 -2.156770e-15
    outer loop
      vertex   -4.036937e+01 1.514741e+01 -1.512768e+01
      vertex   -4.003936e+01 1.587740e+01 -1.551590e+01
      vertex   -3.997763e+01 1.601394e+01 -1.587768e+01
    endloop
  endfacet
  facet normal -9.112142e-01 4.119329e-01 7.113541e-15
    outer loop
      vertex   -4.006042e+01 1.583082e+01 -1.512768e+01
      vertex   -4.033779e+01 1.521727e+01 -1.454533e+01
      vertex   -4.003936e+01 1.587740e+01 -1.473945e+01
    endloop
  endfacet
  facet normal -9.112142e-01 4.119329e-01 1.906477e-16
    outer loop
      vertex   -4.003936e+01 1.587740e+01 -1.473945e+01
      vertex   -4.033779e+01 1.521727e+01 -1.454533e+01
      vertex   -4.024519e+01 1.542209e+01 -1.400268e+01
    endloop
  endfacet
  facet normal -9.112142e-01 4.119329e-01 -1.053328e-14
    outer loop
      vertex   -4.003936e+01 1.587740e+01 -1.473945e+01
      vertex   -4.024519e+01 1.542209e+01 -1.400268e+01
      vertex   -3.997763e+01 1.601394e+01 -1.437768e+01
    endloop
  endfacet
  facet normal -9.112142e-01 4.119329e-01 -1.054917e-14
    outer loop
      vertex   -3.997763e+01 1.601394e+01 -1.437768e+01
      vertex   -4.024519e+01 1.542209e+01 -1.400268e+01
      vertex   -4.009790e+01 1.574791e+01 -1.353669e+01
    endloop
  endfacet
  facet normal -9.112142e-01 4.119329e-01 -1.105756e-14
    outer loop
      vertex   -3.997763e+01 1.601394e+01 -1.437768e+01
      vertex   -4.009790e+01 1.574791e+01 -1.353669e+01
      vertex   -3.987944e+01 1.623115e+01 -1.406702e+01
    endloop
  endfacet
  facet normal -9.112142e-01 4.119329e-01 1.715829e-15
    outer loop
      vertex   -3.987944e+01 1.623115e+01 -1.406702e+01
      vertex   -4.009790e+01 1.574791e+01 -1.353669e+01
      vertex   -3.990594e+01 1.617253e+01 -1.317912e+01
    endloop
  endfacet
  facet normal -9.112142e-01 4.119329e-01 2.082230e-15
    outer loop
      vertex   -3.987944e+01 1.623115e+01 -1.406702e+01
      vertex   -3.990594e+01 1.617253e+01 -1.317912e+01
      vertex   -3.975147e+01 1.651423e+01 -1.382864e+01
    endloop
  endfacet
  facet normal -9.112142e-01 4.119329e-01 -4.845628e-15
    outer loop
      vertex   -3.975147e+01 1.651423e+01 -1.382864e+01
      vertex   -3.990594e+01 1.617253e+01 -1.317912e+01
      vertex   -3.968240e+01 1.666700e+01 -1.295434e+01
    endloop
  endfacet
  facet normal -9.112142e-01 4.119329e-01 -2.645236e-15
    outer loop
      vertex   -3.975147e+01 1.651423e+01 -1.382864e+01
      vertex   -3.968240e+01 1.666700e+01 -1.295434e+01
      vertex   -3.960244e+01 1.684388e+01 -1.367879e+01
    endloop
  endfacet
  facet normal -9.112142e-01 4.119329e-01 -1.294815e-15
    outer loop
      vertex   -3.960244e+01 1.684388e+01 -1.367879e+01
      vertex   -3.968240e+01 1.666700e+01 -1.295434e+01
      vertex   -3.944252e+01 1.719764e+01 -1.287768e+01
    endloop
  endfacet
  facet normal -9.112142e-01 4.119329e-01 -8.650638e-15
    outer loop
      vertex   -3.960244e+01 1.684388e+01 -1.367879e+01
      vertex   -3.944252e+01 1.719764e+01 -1.287768e+01
      vertex   -3.944252e+01 1.719764e+01 -1.362768e+01
    endloop
  endfacet
  facet normal -9.112142e-01 4.119329e-01 -8.632755e-15
    outer loop
      vertex   -3.944252e+01 1.719764e+01 -1.362768e+01
      vertex   -3.944252e+01 1.719764e+01 -1.287768e+01
      vertex   -3.928259e+01 1.755140e+01 -1.367879e+01
    endloop
  endfacet
  facet normal -9.112142e-01 4.119329e-01 -1.411587e-14
    outer loop
      vertex   -3.928259e+01 1.755140e+01 -1.367879e+01
      vertex   -3.944252e+01 1.719764e+01 -1.287768e+01
      vertex   -3.920263e+01 1.772828e+01 -1.295434e+01
    endloop
  endfacet
  facet normal -9.112142e-01 4.119329e-01 -8.066779e-15
    outer loop
      vertex   -3.928259e+01 1.755140e+01 -1.367879e+01
      vertex   -3.920263e+01 1.772828e+01 -1.295434e+01
      vertex   -3.913357e+01 1.788105e+01 -1.382864e+01
    endloop
  endfacet
  facet normal -9.112142e-01 4.119329e-01 -1.970026e-15
    outer loop
      vertex   -3.913357e+01 1.788105e+01 -1.382864e+01
      vertex   -3.920263e+01 1.772828e+01 -1.295434e+01
      vertex   -3.897909e+01 1.822276e+01 -1.317912e+01
    endloop
  endfacet
  facet normal -9.112142e-01 4.119329e-01 -3.955939e-15
    outer loop
      vertex   -3.913357e+01 1.788105e+01 -1.382864e+01
      vertex   -3.897909e+01 1.822276e+01 -1.317912e+01
      vertex   -3.900560e+01 1.816413e+01 -1.406702e+01
    endloop
  endfacet
  facet normal -9.112142e-01 4.119329e-01 -2.319547e-15
    outer loop
      vertex   -3.900560e+01 1.816413e+01 -1.406702e+01
      vertex   -3.897909e+01 1.822276e+01 -1.317912e+01
      vertex   -3.878714e+01 1.864738e+01 -1.353669e+01
    endloop
  endfacet
  facet normal -9.112142e-01 4.119329e-01 -7.220780e-15
    outer loop
      vertex   -3.900560e+01 1.816413e+01 -1.406702e+01
      vertex   -3.878714e+01 1.864738e+01 -1.353669e+01
      vertex   -3.890740e+01 1.838135e+01 -1.437768e+01
    endloop
  endfacet
  facet normal -9.112142e-01 4.119329e-01 -1.035852e-14
    outer loop
      vertex   -3.890740e+01 1.838135e+01 -1.437768e+01
      vertex   -3.878714e+01 1.864738e+01 -1.353669e+01
      vertex   -3.863984e+01 1.897320e+01 -1.400268e+01
    endloop
  endfacet
  facet normal -9.112142e-01 4.119329e-01 -5.933908e-15
    outer loop
      vertex   -3.890740e+01 1.838135e+01 -1.437768e+01
      vertex   -3.863984e+01 1.897320e+01 -1.400268e+01
      vertex   -3.884567e+01 1.851789e+01 -1.473945e+01
    endloop
  endfacet
  facet normal -9.112142e-01 4.119329e-01 -5.083938e-15
    outer loop
      vertex   -3.884567e+01 1.851789e+01 -1.473945e+01
      vertex   -3.863984e+01 1.897320e+01 -1.400268e+01
      vertex   -3.854725e+01 1.917802e+01 -1.454533e+01
    endloop
  endfacet
  facet normal -9.112142e-01 4.119329e-01 5.910077e-15
    outer loop
      vertex   -3.884567e+01 1.851789e+01 -1.473945e+01
      vertex   -3.854725e+01 1.917802e+01 -1.454533e+01
      vertex   -3.882462e+01 1.856446e+01 -1.512768e+01
    endloop
  endfacet
  facet normal -9.112142e-01 4.119329e-01 -4.067150e-15
    outer loop
      vertex   -3.882462e+01 1.856446e+01 -1.512768e+01
      vertex   -3.854725e+01 1.917802e+01 -1.454533e+01
      vertex   -3.851567e+01 1.924788e+01 -1.512768e+01
    endloop
  endfacet
  facet normal -9.112142e-01 4.119329e-01 -1.081330e-14
    outer loop
      vertex   -3.882462e+01 1.856446e+01 -1.512768e+01
      vertex   -3.851567e+01 1.924788e+01 -1.512768e+01
      vertex   -3.884567e+01 1.851789e+01 -1.551590e+01
    endloop
  endfacet
  facet normal -9.112142e-01 4.119329e-01 7.818291e-15
    outer loop
      vertex   -3.884567e+01 1.851789e+01 -1.551590e+01
      vertex   -3.851567e+01 1.924788e+01 -1.512768e+01
      vertex   -3.890740e+01 1.838135e+01 -1.587768e+01
    endloop
  endfacet
  facet normal -9.112142e-01 4.119329e-01 -4.885429e-15
    outer loop
      vertex   -3.890740e+01 1.838135e+01 -1.587768e+01
      vertex   -3.851567e+01 1.924788e+01 -1.512768e+01
      vertex   -3.851567e+01 1.924788e+01 -1.837768e+01
    endloop
  endfacet
  facet normal -9.112142e-01 4.119329e-01 -1.080491e-14
    outer loop
      vertex   -3.890740e+01 1.838135e+01 -1.587768e+01
      vertex   -3.851567e+01 1.924788e+01 -1.837768e+01
      vertex   -3.900560e+01 1.816413e+01 -1.618834e+01
    endloop
  endfacet
  facet normal -9.112142e-01 4.119329e-01 -8.035885e-15
    outer loop
      vertex   -3.900560e+01 1.816413e+01 -1.618834e+01
      vertex   -3.851567e+01 1.924788e+01 -1.837768e+01
      vertex   -3.913357e+01 1.788105e+01 -1.642671e+01
    endloop
  endfacet
  facet normal -9.112142e-01 4.119329e-01 -2.356267e-15
    outer loop
      vertex   -3.913357e+01 1.788105e+01 -1.642671e+01
      vertex   -3.851567e+01 1.924788e+01 -1.837768e+01
      vertex   -3.928259e+01 1.755140e+01 -1.657657e+01
    endloop
  endfacet
  facet normal -9.112142e-01 4.119329e-01 2.515610e-15
    outer loop
      vertex   -3.928259e+01 1.755140e+01 -1.657657e+01
      vertex   -3.851567e+01 1.924788e+01 -1.837768e+01
      vertex   -3.944252e+01 1.719764e+01 -1.662768e+01
    endloop
  endfacet
  facet normal -9.112142e-01 4.119329e-01 -8.881784e-15
    outer loop
      vertex   -3.944252e+01 1.719764e+01 -1.662768e+01
      vertex   -3.851567e+01 1.924788e+01 -1.837768e+01
      vertex   -4.036937e+01 1.514741e+01 -1.837768e+01
    endloop
  endfacet
  facet normal -9.112142e-01 4.119329e-01 6.987806e-16
    outer loop
      vertex   -3.944252e+01 1.719764e+01 -1.662768e+01
      vertex   -4.036937e+01 1.514741e+01 -1.837768e+01
      vertex   -3.960244e+01 1.684388e+01 -1.657657e+01
    endloop
  endfacet
  facet normal -9.112142e-01 4.119329e-01 -7.158279e-15
    outer loop
      vertex   -3.960244e+01 1.684388e+01 -1.657657e+01
      vertex   -4.036937e+01 1.514741e+01 -1.837768e+01
      vertex   -3.975147e+01 1.651423e+01 -1.642671e+01
    endloop
  endfacet
  facet normal -9.112142e-01 4.119329e-01 -9.965650e-15
    outer loop
      vertex   -3.975147e+01 1.651423e+01 -1.642671e+01
      vertex   -4.036937e+01 1.514741e+01 -1.837768e+01
      vertex   -3.987944e+01 1.623115e+01 -1.618834e+01
    endloop
  endfacet
  facet normal -9.112142e-01 4.119329e-01 5.604854e-16
    outer loop
      vertex   -3.987944e+01 1.623115e+01 -1.618834e+01
      vertex   -4.036937e+01 1.514741e+01 -1.837768e+01
      vertex   -3.997763e+01 1.601394e+01 -1.587768e+01
    endloop
  endfacet
  facet normal -9.112142e-01 4.119329e-01 -4.885429e-15
    outer loop
      vertex   -3.997763e+01 1.601394e+01 -1.587768e+01
      vertex   -4.036937e+01 1.514741e+01 -1.837768e+01
      vertex   -4.036937e+01 1.514741e+01 -1.512768e+01
    endloop
  endfacet
  facet normal 9.112142e-01 -4.119329e-01 3.383996e-15
    outer loop
      vertex   -2.761268e+01 1.423482e+01 -1.454533e+01
      vertex   -2.789005e+01 1.362127e+01 -1.512768e+01
      vertex   -2.758110e+01 1.430468e+01 -1.512768e+01
    endloop
  endfacet
  facet normal 9.112142e-01 -4.119329e-01 1.019965e-14
    outer loop
      vertex   -2.758110e+01 1.430468e+01 -1.512768e+01
      vertex   -2.789005e+01 1.362127e+01 -1.512768e+01
      vertex   -2.791110e+01 1.357470e+01 -1.551590e+01
    endloop
  endfacet
  facet normal 9.112142e-01 -4.119329e-01 3.834258e-15
    outer loop
      vertex   -2.758110e+01 1.430468e+01 -1.512768e+01
      vertex   -2.791110e+01 1.357470e+01 -1.551590e+01
      vertex   -2.797283e+01 1.343815e+01 -1.587768e+01
    endloop
  endfacet
  facet normal 9.112142e-01 -4.119329e-01 3.217179e-16
    outer loop
      vertex   -2.789005e+01 1.362127e+01 -1.512768e+01
      vertex   -2.761268e+01 1.423482e+01 -1.454533e+01
      vertex   -2.791110e+01 1.357470e+01 -1.473945e+01
    endloop
  endfacet
  facet normal 9.112142e-01 -4.119329e-01 6.291373e-15
    outer loop
      vertex   -2.791110e+01 1.357470e+01 -1.473945e+01
      vertex   -2.761268e+01 1.423482e+01 -1.454533e+01
      vertex   -2.770527e+01 1.403000e+01 -1.400268e+01
    endloop
  endfacet
  facet normal 9.112142e-01 -4.119329e-01 6.303288e-15
    outer loop
      vertex   -2.791110e+01 1.357470e+01 -1.473945e+01
      vertex   -2.770527e+01 1.403000e+01 -1.400268e+01
      vertex   -2.797283e+01 1.343815e+01 -1.437768e+01
    endloop
  endfacet
  facet normal 9.112142e-01 -4.119329e-01 5.052163e-15
    outer loop
      vertex   -2.797283e+01 1.343815e+01 -1.437768e+01
      vertex   -2.770527e+01 1.403000e+01 -1.400268e+01
      vertex   -2.785257e+01 1.370418e+01 -1.353669e+01
    endloop
  endfacet
  facet normal 9.112142e-01 -4.119329e-01 5.314304e-15
    outer loop
      vertex   -2.797283e+01 1.343815e+01 -1.437768e+01
      vertex   -2.785257e+01 1.370418e+01 -1.353669e+01
      vertex   -2.807103e+01 1.322094e+01 -1.406702e+01
    endloop
  endfacet
  facet normal 9.112142e-01 -4.119329e-01 2.903405e-15
    outer loop
      vertex   -2.807103e+01 1.322094e+01 -1.406702e+01
      vertex   -2.785257e+01 1.370418e+01 -1.353669e+01
      vertex   -2.804452e+01 1.327956e+01 -1.317912e+01
    endloop
  endfacet
  facet normal 9.112142e-01 -4.119329e-01 3.089088e-15
    outer loop
      vertex   -2.807103e+01 1.322094e+01 -1.406702e+01
      vertex   -2.804452e+01 1.327956e+01 -1.317912e+01
      vertex   -2.819900e+01 1.293786e+01 -1.382864e+01
    endloop
  endfacet
  facet normal 9.112142e-01 -4.119329e-01 3.487263e-15
    outer loop
      vertex   -2.819900e+01 1.293786e+01 -1.382864e+01
      vertex   -2.804452e+01 1.327956e+01 -1.317912e+01
      vertex   -2.826806e+01 1.278509e+01 -1.295434e+01
    endloop
  endfacet
  facet normal 9.112142e-01 -4.119329e-01 3.908277e-15
    outer loop
      vertex   -2.819900e+01 1.293786e+01 -1.382864e+01
      vertex   -2.826806e+01 1.278509e+01 -1.295434e+01
      vertex   -2.834802e+01 1.260821e+01 -1.367879e+01
    endloop
  endfacet
  facet normal 9.112142e-01 -4.119329e-01 4.829741e-15
    outer loop
      vertex   -2.834802e+01 1.260821e+01 -1.367879e+01
      vertex   -2.826806e+01 1.278509e+01 -1.295434e+01
      vertex   -2.850795e+01 1.225445e+01 -1.287768e+01
    endloop
  endfacet
  facet normal 9.112142e-01 -4.119329e-01 5.290473e-15
    outer loop
      vertex   -2.834802e+01 1.260821e+01 -1.367879e+01
      vertex   -2.850795e+01 1.225445e+01 -1.287768e+01
      vertex   -2.850795e+01 1.225445e+01 -1.362768e+01
    endloop
  endfacet
  facet normal 9.112142e-01 -4.119329e-01 5.292031e-15
    outer loop
      vertex   -2.850795e+01 1.225445e+01 -1.362768e+01
      vertex   -2.850795e+01 1.225445e+01 -1.287768e+01
      vertex   -2.866787e+01 1.190069e+01 -1.367879e+01
    endloop
  endfacet
  facet normal 9.112142e-01 -4.119329e-01 4.178361e-15
    outer loop
      vertex   -2.866787e+01 1.190069e+01 -1.367879e+01
      vertex   -2.850795e+01 1.225445e+01 -1.287768e+01
      vertex   -2.874783e+01 1.172381e+01 -1.295434e+01
    endloop
  endfacet
  facet normal 9.112142e-01 -4.119329e-01 4.504051e-15
    outer loop
      vertex   -2.866787e+01 1.190069e+01 -1.367879e+01
      vertex   -2.874783e+01 1.172381e+01 -1.295434e+01
      vertex   -2.881690e+01 1.157104e+01 -1.382864e+01
    endloop
  endfacet
  facet normal 9.112142e-01 -4.119329e-01 5.123656e-15
    outer loop
      vertex   -2.881690e+01 1.157104e+01 -1.382864e+01
      vertex   -2.874783e+01 1.172381e+01 -1.295434e+01
      vertex   -2.897137e+01 1.122933e+01 -1.317912e+01
    endloop
  endfacet
  facet normal 9.112142e-01 -4.119329e-01 2.883546e-15
    outer loop
      vertex   -2.881690e+01 1.157104e+01 -1.382864e+01
      vertex   -2.897137e+01 1.122933e+01 -1.317912e+01
      vertex   -2.894487e+01 1.128796e+01 -1.406702e+01
    endloop
  endfacet
  facet normal 9.112142e-01 -4.119329e-01 3.105968e-15
    outer loop
      vertex   -2.894487e+01 1.128796e+01 -1.406702e+01
      vertex   -2.897137e+01 1.122933e+01 -1.317912e+01
      vertex   -2.916333e+01 1.080471e+01 -1.353669e+01
    endloop
  endfacet
  facet normal 9.112142e-01 -4.119329e-01 5.147487e-15
    outer loop
      vertex   -2.894487e+01 1.128796e+01 -1.406702e+01
      vertex   -2.916333e+01 1.080471e+01 -1.353669e+01
      vertex   -2.904306e+01 1.107075e+01 -1.437768e+01
    endloop
  endfacet
  facet normal 9.112142e-01 -4.119329e-01 3.590531e-15
    outer loop
      vertex   -2.904306e+01 1.107075e+01 -1.437768e+01
      vertex   -2.916333e+01 1.080471e+01 -1.353669e+01
      vertex   -2.931062e+01 1.047889e+01 -1.400268e+01
    endloop
  endfacet
  facet normal 9.112142e-01 -4.119329e-01 4.980670e-15
    outer loop
      vertex   -2.904306e+01 1.107075e+01 -1.437768e+01
      vertex   -2.931062e+01 1.047889e+01 -1.400268e+01
      vertex   -2.910479e+01 1.093420e+01 -1.473945e+01
    endloop
  endfacet
  facet normal 9.112142e-01 -4.119329e-01 3.558756e-15
    outer loop
      vertex   -2.910479e+01 1.093420e+01 -1.473945e+01
      vertex   -2.931062e+01 1.047889e+01 -1.400268e+01
      vertex   -2.940322e+01 1.027408e+01 -1.454533e+01
    endloop
  endfacet
  facet normal 9.112142e-01 -4.119329e-01 3.693798e-16
    outer loop
      vertex   -2.910479e+01 1.093420e+01 -1.473945e+01
      vertex   -2.940322e+01 1.027408e+01 -1.454533e+01
      vertex   -2.912585e+01 1.088763e+01 -1.512768e+01
    endloop
  endfacet
  facet normal 9.112142e-01 -4.119329e-01 9.532383e-15
    outer loop
      vertex   -2.912585e+01 1.088763e+01 -1.512768e+01
      vertex   -2.940322e+01 1.027408e+01 -1.454533e+01
      vertex   -2.943480e+01 1.020422e+01 -1.512768e+01
    endloop
  endfacet
  facet normal 9.112142e-01 -4.119329e-01 1.089075e-14
    outer loop
      vertex   -2.912585e+01 1.088763e+01 -1.512768e+01
      vertex   -2.943480e+01 1.020422e+01 -1.512768e+01
      vertex   -2.910479e+01 1.093420e+01 -1.551590e+01
    endloop
  endfacet
  facet normal 9.112142e-01 -4.119329e-01 4.822777e-15
    outer loop
      vertex   -2.910479e+01 1.093420e+01 -1.551590e+01
      vertex   -2.943480e+01 1.020422e+01 -1.512768e+01
      vertex   -2.904306e+01 1.107075e+01 -1.587768e+01
    endloop
  endfacet
  facet normal 9.112142e-01 -4.119329e-01 3.897566e-15
    outer loop
      vertex   -2.904306e+01 1.107075e+01 -1.587768e+01
      vertex   -2.943480e+01 1.020422e+01 -1.512768e+01
      vertex   -2.943480e+01 1.020422e+01 -1.837768e+01
    endloop
  endfacet
  facet normal 9.112142e-01 -4.119329e-01 1.058695e-15
    outer loop
      vertex   -2.904306e+01 1.107075e+01 -1.587768e+01
      vertex   -2.943480e+01 1.020422e+01 -1.837768e+01
      vertex   -2.894487e+01 1.128796e+01 -1.618834e+01
    endloop
  endfacet
  facet normal 9.112142e-01 -4.119329e-01 4.781208e-15
    outer loop
      vertex   -2.894487e+01 1.128796e+01 -1.618834e+01
      vertex   -2.943480e+01 1.020422e+01 -1.837768e+01
      vertex   -2.881690e+01 1.157104e+01 -1.642671e+01
    endloop
  endfacet
  facet normal 9.112142e-01 -4.119329e-01 5.637144e-15
    outer loop
      vertex   -2.881690e+01 1.157104e+01 -1.642671e+01
      vertex   -2.943480e+01 1.020422e+01 -1.837768e+01
      vertex   -2.866787e+01 1.190069e+01 -1.657657e+01
    endloop
  endfacet
  facet normal 9.112142e-01 -4.119329e-01 4.961342e-15
    outer loop
      vertex   -2.866787e+01 1.190069e+01 -1.657657e+01
      vertex   -2.943480e+01 1.020422e+01 -1.837768e+01
      vertex   -2.850795e+01 1.225445e+01 -1.662768e+01
    endloop
  endfacet
  facet normal 9.112142e-01 -4.119329e-01 4.765148e-15
    outer loop
      vertex   -2.850795e+01 1.225445e+01 -1.662768e+01
      vertex   -2.943480e+01 1.020422e+01 -1.837768e+01
      vertex   -2.758110e+01 1.430468e+01 -1.837768e+01
    endloop
  endfacet
  facet normal 9.112142e-01 -4.119329e-01 3.214391e-15
    outer loop
      vertex   -2.850795e+01 1.225445e+01 -1.662768e+01
      vertex   -2.758110e+01 1.430468e+01 -1.837768e+01
      vertex   -2.834802e+01 1.260821e+01 -1.657657e+01
    endloop
  endfacet
  facet normal 9.112142e-01 -4.119329e-01 2.326441e-15
    outer loop
      vertex   -2.834802e+01 1.260821e+01 -1.657657e+01
      vertex   -2.758110e+01 1.430468e+01 -1.837768e+01
      vertex   -2.819900e+01 1.293786e+01 -1.642671e+01
    endloop
  endfacet
  facet normal 9.112142e-01 -4.119329e-01 6.970195e-15
    outer loop
      vertex   -2.819900e+01 1.293786e+01 -1.642671e+01
      vertex   -2.758110e+01 1.430468e+01 -1.837768e+01
      vertex   -2.807103e+01 1.322094e+01 -1.618834e+01
    endloop
  endfacet
  facet normal 9.112142e-01 -4.119329e-01 3.269498e-16
    outer loop
      vertex   -2.807103e+01 1.322094e+01 -1.618834e+01
      vertex   -2.758110e+01 1.430468e+01 -1.837768e+01
      vertex   -2.797283e+01 1.343815e+01 -1.587768e+01
    endloop
  endfacet
  facet normal 9.112142e-01 -4.119329e-01 3.897566e-15
    outer loop
      vertex   -2.797283e+01 1.343815e+01 -1.587768e+01
      vertex   -2.758110e+01 1.430468e+01 -1.837768e+01
      vertex   -2.758110e+01 1.430468e+01 -1.512768e+01
    endloop
  endfacet
  facet normal 1.696021e-15 -4.333790e-15 -1.000000e+00
    outer loop
      vertex   -3.875738e+01 1.524176e+01 -1.512768e+01
      vertex   -3.729944e+01 1.458267e+01 -1.512768e+01
      vertex   -3.846559e+01 1.494606e+01 -1.512768e+01
    endloop
  endfacet
  facet normal -6.844675e-16 -1.197281e-14 -1.000000e+00
    outer loop
      vertex   -3.846559e+01 1.494606e+01 -1.512768e+01
      vertex   -3.729944e+01 1.458267e+01 -1.512768e+01
      vertex   -3.771418e+01 1.460638e+01 -1.512768e+01
    endloop
  endfacet
  facet normal 1.834210e-14 3.011481e-14 -1.000000e+00
    outer loop
      vertex   -3.846559e+01 1.494606e+01 -1.512768e+01
      vertex   -3.771418e+01 1.460638e+01 -1.512768e+01
      vertex   -3.811080e+01 1.472997e+01 -1.512768e+01
    endloop
  endfacet
  facet normal 6.599055e-15 6.511942e-15 -1.000000e+00
    outer loop
      vertex   -3.606364e+01 1.731631e+01 -1.512768e+01
      vertex   -3.752158e+01 1.797540e+01 -1.512768e+01
      vertex   -3.635543e+01 1.761200e+01 -1.512768e+01
    endloop
  endfacet
  facet normal 4.218567e-15 -1.127077e-15 -1.000000e+00
    outer loop
      vertex   -3.635543e+01 1.761200e+01 -1.512768e+01
      vertex   -3.752158e+01 1.797540e+01 -1.512768e+01
      vertex   -3.710684e+01 1.795169e+01 -1.512768e+01
    endloop
  endfacet
  facet normal -1.049054e-14 -3.366427e-14 -1.000000e+00
    outer loop
      vertex   -3.635543e+01 1.761200e+01 -1.512768e+01
      vertex   -3.710684e+01 1.795169e+01 -1.512768e+01
      vertex   -3.671022e+01 1.782810e+01 -1.512768e+01
    endloop
  endfacet
  facet normal 6.599055e-15 6.511942e-15 -1.000000e+00
    outer loop
      vertex   -3.188683e+01 1.213578e+01 -1.512768e+01
      vertex   -3.042888e+01 1.147669e+01 -1.512768e+01
      vertex   -3.159504e+01 1.184009e+01 -1.512768e+01
    endloop
  endfacet
  facet normal 4.218567e-15 -1.127077e-15 -1.000000e+00
    outer loop
      vertex   -3.159504e+01 1.184009e+01 -1.512768e+01
      vertex   -3.042888e+01 1.147669e+01 -1.512768e+01
      vertex   -3.084363e+01 1.150040e+01 -1.512768e+01
    endloop
  endfacet
  facet normal -1.049054e-14 -3.366427e-14 -1.000000e+00
    outer loop
      vertex   -3.159504e+01 1.184009e+01 -1.512768e+01
      vertex   -3.084363e+01 1.150040e+01 -1.512768e+01
      vertex   -3.124024e+01 1.162399e+01 -1.512768e+01
    endloop
  endfacet
  facet normal 1.696021e-15 -4.333790e-15 -1.000000e+00
    outer loop
      vertex   -2.919308e+01 1.421033e+01 -1.512768e+01
      vertex   -3.065103e+01 1.486943e+01 -1.512768e+01
      vertex   -2.948488e+01 1.450603e+01 -1.512768e+01
    endloop
  endfacet
  facet normal -6.844675e-16 -1.197281e-14 -1.000000e+00
    outer loop
      vertex   -2.948488e+01 1.450603e+01 -1.512768e+01
      vertex   -3.065103e+01 1.486943e+01 -1.512768e+01
      vertex   -3.023628e+01 1.484572e+01 -1.512768e+01
    endloop
  endfacet
  facet normal 1.834210e-14 3.011481e-14 -1.000000e+00
    outer loop
      vertex   -2.948488e+01 1.450603e+01 -1.512768e+01
      vertex   -3.023628e+01 1.484572e+01 -1.512768e+01
      vertex   -2.983967e+01 1.472212e+01 -1.512768e+01
    endloop
  endfacet
  facet normal 4.382330e-01 7.079809e-01 5.538185e-01
    outer loop
      vertex   -1.482974e+01 6.341770e+00 -1.384334e+01
      vertex   -1.484396e+01 6.310324e+00 -1.379189e+01
      vertex   -1.464696e+01 6.244019e+00 -1.386301e+01
    endloop
  endfacet
  facet normal 4.401073e-01 6.856139e-01 5.798613e-01
    outer loop
      vertex   -1.464696e+01 6.244019e+00 -1.386301e+01
      vertex   -1.484396e+01 6.310324e+00 -1.379189e+01
      vertex   -1.464137e+01 6.191743e+00 -1.380544e+01
    endloop
  endfacet
  facet normal 5.207416e-01 6.565690e-01 5.456604e-01
    outer loop
      vertex   -1.464696e+01 6.244019e+00 -1.386301e+01
      vertex   -1.464137e+01 6.191743e+00 -1.380544e+01
      vertex   -1.462609e+01 6.225535e+00 -1.386068e+01
    endloop
  endfacet
  facet normal 6.031721e-01 5.952272e-01 5.309313e-01
    outer loop
      vertex   -1.462609e+01 6.225535e+00 -1.386068e+01
      vertex   -1.464137e+01 6.191743e+00 -1.380544e+01
      vertex   -1.454905e+01 6.118649e+00 -1.382837e+01
    endloop
  endfacet
  facet normal 6.031721e-01 5.952272e-01 5.309313e-01
    outer loop
      vertex   -1.462609e+01 6.225535e+00 -1.386068e+01
      vertex   -1.454905e+01 6.118649e+00 -1.382837e+01
      vertex   -1.453520e+01 6.149285e+00 -1.387845e+01
    endloop
  endfacet
  facet normal 7.122003e-01 4.937346e-01 4.989959e-01
    outer loop
      vertex   -1.453520e+01 6.149285e+00 -1.387845e+01
      vertex   -1.454905e+01 6.118649e+00 -1.382837e+01
      vertex   -1.447169e+01 6.039613e+00 -1.386058e+01
    endloop
  endfacet
  facet normal 7.122003e-01 4.937346e-01 4.989959e-01
    outer loop
      vertex   -1.453520e+01 6.149285e+00 -1.387845e+01
      vertex   -1.447169e+01 6.039613e+00 -1.386058e+01
      vertex   -1.445985e+01 6.065815e+00 -1.390342e+01
    endloop
  endfacet
  facet normal 8.218488e-01 3.558001e-01 4.449391e-01
    outer loop
      vertex   -1.445985e+01 6.065815e+00 -1.390342e+01
      vertex   -1.447169e+01 6.039613e+00 -1.386058e+01
      vertex   -1.441173e+01 5.954309e+00 -1.390313e+01
    endloop
  endfacet
  facet normal 8.218488e-01 3.558001e-01 4.449391e-01
    outer loop
      vertex   -1.445985e+01 6.065815e+00 -1.390342e+01
      vertex   -1.441173e+01 5.954309e+00 -1.390313e+01
      vertex   -1.440253e+01 5.974655e+00 -1.393639e+01
    endloop
  endfacet
  facet normal 9.178521e-01 1.707795e-01 3.583042e-01
    outer loop
      vertex   -1.440253e+01 5.974655e+00 -1.393639e+01
      vertex   -1.441173e+01 5.954309e+00 -1.390313e+01
      vertex   -1.437780e+01 5.873050e+00 -1.395132e+01
    endloop
  endfacet
  facet normal 9.178521e-01 1.707795e-01 3.583042e-01
    outer loop
      vertex   -1.440253e+01 5.974655e+00 -1.393639e+01
      vertex   -1.437780e+01 5.873050e+00 -1.395132e+01
      vertex   -1.437160e+01 5.886762e+00 -1.397374e+01
    endloop
  endfacet
  facet normal 9.633319e-01 3.082705e-03 2.682948e-01
    outer loop
      vertex   -1.437160e+01 5.886762e+00 -1.397374e+01
      vertex   -1.437780e+01 5.873050e+00 -1.395132e+01
      vertex   -1.437068e+01 5.835472e+00 -1.397644e+01
    endloop
  endfacet
  facet normal 9.633319e-01 3.082705e-03 2.682948e-01
    outer loop
      vertex   -1.437160e+01 5.886762e+00 -1.397374e+01
      vertex   -1.437068e+01 5.835472e+00 -1.397644e+01
      vertex   -1.436605e+01 5.845727e+00 -1.399320e+01
    endloop
  endfacet
  facet normal 9.732788e-01 -1.171379e-01 1.975019e-01
    outer loop
      vertex   -1.436605e+01 5.845727e+00 -1.399320e+01
      vertex   -1.437068e+01 5.835472e+00 -1.397644e+01
      vertex   -1.436977e+01 5.800549e+00 -1.400167e+01
    endloop
  endfacet
  facet normal 9.732788e-01 -1.171379e-01 1.975019e-01
    outer loop
      vertex   -1.436605e+01 5.845727e+00 -1.399320e+01
      vertex   -1.436977e+01 5.800549e+00 -1.400167e+01
      vertex   -1.436670e+01 5.807332e+00 -1.401276e+01
    endloop
  endfacet
  facet normal 9.514119e-01 -2.969521e-01 8.145504e-02
    outer loop
      vertex   -1.436670e+01 5.807332e+00 -1.401276e+01
      vertex   -1.436977e+01 5.800549e+00 -1.400167e+01
      vertex   -1.438450e+01 5.739813e+00 -1.405094e+01
    endloop
  endfacet
  facet normal 4.084577e-01 6.213988e-01 6.685999e-01
    outer loop
      vertex   -1.484396e+01 6.310324e+00 -1.379189e+01
      vertex   -1.486114e+01 6.272323e+00 -1.374608e+01
      vertex   -1.464137e+01 6.191743e+00 -1.380544e+01
    endloop
  endfacet
  facet normal 4.074898e-01 6.119509e-01 6.778408e-01
    outer loop
      vertex   -1.464137e+01 6.191743e+00 -1.380544e+01
      vertex   -1.486114e+01 6.272323e+00 -1.374608e+01
      vertex   -1.465797e+01 6.155009e+00 -1.376230e+01
    endloop
  endfacet
  facet normal 5.642782e-01 5.086765e-01 6.502602e-01
    outer loop
      vertex   -1.464137e+01 6.191743e+00 -1.380544e+01
      vertex   -1.465797e+01 6.155009e+00 -1.376230e+01
      vertex   -1.456411e+01 6.085346e+00 -1.378926e+01
    endloop
  endfacet
  facet normal 5.302846e-01 4.322726e-01 7.293413e-01
    outer loop
      vertex   -1.456411e+01 6.085346e+00 -1.378926e+01
      vertex   -1.465797e+01 6.155009e+00 -1.376230e+01
      vertex   -1.466052e+01 6.108841e+00 -1.373309e+01
    endloop
  endfacet
  facet normal 5.326503e-01 3.903771e-01 7.509257e-01
    outer loop
      vertex   -1.456411e+01 6.085346e+00 -1.378926e+01
      vertex   -1.466052e+01 6.108841e+00 -1.373309e+01
      vertex   -1.456671e+01 6.042003e+00 -1.376488e+01
    endloop
  endfacet
  facet normal 3.643856e-01 5.246434e-01 7.693975e-01
    outer loop
      vertex   -1.486114e+01 6.272323e+00 -1.374608e+01
      vertex   -1.488090e+01 6.228595e+00 -1.370690e+01
      vertex   -1.465797e+01 6.155009e+00 -1.376230e+01
    endloop
  endfacet
  facet normal 3.583420e-01 4.850118e-01 7.977183e-01
    outer loop
      vertex   -1.465797e+01 6.155009e+00 -1.376230e+01
      vertex   -1.488090e+01 6.228595e+00 -1.370690e+01
      vertex   -1.466052e+01 6.108841e+00 -1.373309e+01
    endloop
  endfacet
  facet normal 6.458359e-01 3.444586e-01 6.813547e-01
    outer loop
      vertex   -1.456411e+01 6.085346e+00 -1.378926e+01
      vertex   -1.456671e+01 6.042003e+00 -1.376488e+01
      vertex   -1.448457e+01 6.011130e+00 -1.382713e+01
    endloop
  endfacet
  facet normal 6.450851e-01 2.953055e-01 7.047410e-01
    outer loop
      vertex   -1.448457e+01 6.011130e+00 -1.382713e+01
      vertex   -1.456671e+01 6.042003e+00 -1.376488e+01
      vertex   -1.448879e+01 5.973899e+00 -1.380767e+01
    endloop
  endfacet
  facet normal 7.653721e-01 2.278924e-01 6.018892e-01
    outer loop
      vertex   -1.448457e+01 6.011130e+00 -1.382713e+01
      vertex   -1.448879e+01 5.973899e+00 -1.380767e+01
      vertex   -1.442173e+01 5.932192e+00 -1.387715e+01
    endloop
  endfacet
  facet normal 7.605502e-01 1.870423e-01 6.217544e-01
    outer loop
      vertex   -1.442173e+01 5.932192e+00 -1.387715e+01
      vertex   -1.448879e+01 5.973899e+00 -1.380767e+01
      vertex   -1.442975e+01 5.907148e+00 -1.385980e+01
    endloop
  endfacet
  facet normal 8.692766e-01 6.127142e-02 4.905140e-01
    outer loop
      vertex   -1.442173e+01 5.932192e+00 -1.387715e+01
      vertex   -1.442975e+01 5.907148e+00 -1.385980e+01
      vertex   -1.438454e+01 5.858144e+00 -1.393381e+01
    endloop
  endfacet
  facet normal 8.683643e-01 5.726462e-02 4.926096e-01
    outer loop
      vertex   -1.438454e+01 5.858144e+00 -1.393381e+01
      vertex   -1.442975e+01 5.907148e+00 -1.385980e+01
      vertex   -1.439187e+01 5.844314e+00 -1.391928e+01
    endloop
  endfacet
  facet normal 9.198565e-01 -8.535544e-02 3.828557e-01
    outer loop
      vertex   -1.438454e+01 5.858144e+00 -1.393381e+01
      vertex   -1.439187e+01 5.844314e+00 -1.391928e+01
      vertex   -1.438135e+01 5.815129e+00 -1.395107e+01
    endloop
  endfacet
  facet normal 9.272345e-01 -7.814092e-02 3.662378e-01
    outer loop
      vertex   -1.438454e+01 5.858144e+00 -1.393381e+01
      vertex   -1.438135e+01 5.815129e+00 -1.395107e+01
      vertex   -1.437572e+01 5.824324e+00 -1.396335e+01
    endloop
  endfacet
  facet normal 9.385625e-01 -1.854944e-01 2.910194e-01
    outer loop
      vertex   -1.437572e+01 5.824324e+00 -1.396335e+01
      vertex   -1.438135e+01 5.815129e+00 -1.395107e+01
      vertex   -1.437659e+01 5.787812e+00 -1.398382e+01
    endloop
  endfacet
  facet normal 9.500705e-01 -1.694904e-01 2.619907e-01
    outer loop
      vertex   -1.437572e+01 5.824324e+00 -1.396335e+01
      vertex   -1.437659e+01 5.787812e+00 -1.398382e+01
      vertex   -1.437310e+01 5.793177e+00 -1.399301e+01
    endloop
  endfacet
  facet normal 9.387576e-01 -2.887373e-01 1.880560e-01
    outer loop
      vertex   -1.437310e+01 5.793177e+00 -1.399301e+01
      vertex   -1.437659e+01 5.787812e+00 -1.398382e+01
      vertex   -1.437765e+01 5.762626e+00 -1.401722e+01
    endloop
  endfacet
  facet normal 9.760292e-01 2.597620e-02 -2.160837e-01
    outer loop
      vertex   -1.437310e+01 5.793177e+00 -1.399301e+01
      vertex   -1.437765e+01 5.762626e+00 -1.401722e+01
      vertex   -1.438450e+01 5.739813e+00 -1.405094e+01
    endloop
  endfacet
  facet normal 9.442822e-01 -4.424972e-02 -3.261489e-01
    outer loop
      vertex   -1.438450e+01 5.739813e+00 -1.405094e+01
      vertex   -1.439710e+01 5.719593e+00 -1.408466e+01
      vertex   -1.440998e+01 5.711600e+00 -1.412086e+01
    endloop
  endfacet
  facet normal 8.324609e-01 -5.238702e-01 -1.804684e-01
    outer loop
      vertex   -1.440998e+01 5.711600e+00 -1.412086e+01
      vertex   -1.439710e+01 5.719593e+00 -1.408466e+01
      vertex   -1.441531e+01 5.702162e+00 -1.411806e+01
    endloop
  endfacet
  facet normal 7.844399e-01 -5.358727e-01 -3.122411e-01
    outer loop
      vertex   -1.440998e+01 5.711600e+00 -1.412086e+01
      vertex   -1.441531e+01 5.702162e+00 -1.411806e+01
      vertex   -1.443148e+01 5.700981e+00 -1.415666e+01
    endloop
  endfacet
  facet normal 7.669327e-01 -5.651472e-01 -3.040113e-01
    outer loop
      vertex   -1.443148e+01 5.700981e+00 -1.415666e+01
      vertex   -1.441531e+01 5.702162e+00 -1.411806e+01
      vertex   -1.443896e+01 5.687686e+00 -1.415081e+01
    endloop
  endfacet
  facet normal 7.012391e-01 -5.780528e-01 -4.172752e-01
    outer loop
      vertex   -1.443148e+01 5.700981e+00 -1.415666e+01
      vertex   -1.443896e+01 5.687686e+00 -1.415081e+01
      vertex   -1.445910e+01 5.693212e+00 -1.419231e+01
    endloop
  endfacet
  facet normal 6.900341e-01 -5.937328e-01 -4.139254e-01
    outer loop
      vertex   -1.445910e+01 5.693212e+00 -1.419231e+01
      vertex   -1.443896e+01 5.687686e+00 -1.415081e+01
      vertex   -1.446782e+01 5.676306e+00 -1.418260e+01
    endloop
  endfacet
  facet normal 5.665823e-01 -6.102906e-01 -5.536513e-01
    outer loop
      vertex   -1.445910e+01 5.693212e+00 -1.419231e+01
      vertex   -1.446782e+01 5.676306e+00 -1.418260e+01
      vertex   -1.454002e+01 5.663238e+00 -1.424208e+01
    endloop
  endfacet
  facet normal 5.672144e-01 -6.069038e-01 -5.567186e-01
    outer loop
      vertex   -1.445910e+01 5.693212e+00 -1.419231e+01
      vertex   -1.454002e+01 5.663238e+00 -1.424208e+01
      vertex   -1.453236e+01 5.687475e+00 -1.426070e+01
    endloop
  endfacet
  facet normal 3.887628e-01 -6.353681e-01 -6.672113e-01
    outer loop
      vertex   -1.453236e+01 5.687475e+00 -1.426070e+01
      vertex   -1.454002e+01 5.663238e+00 -1.424208e+01
      vertex   -1.462913e+01 5.663460e+00 -1.429422e+01
    endloop
  endfacet
  facet normal 3.906469e-01 -6.010166e-01 -6.972618e-01
    outer loop
      vertex   -1.453236e+01 5.687475e+00 -1.426070e+01
      vertex   -1.462913e+01 5.663460e+00 -1.429422e+01
      vertex   -1.462704e+01 5.695975e+00 -1.432107e+01
    endloop
  endfacet
  facet normal 2.273276e-01 -6.287929e-01 -7.436005e-01
    outer loop
      vertex   -1.462704e+01 5.695975e+00 -1.432107e+01
      vertex   -1.462913e+01 5.663460e+00 -1.429422e+01
      vertex   -1.473173e+01 5.676965e+00 -1.433700e+01
    endloop
  endfacet
  facet normal 2.249074e-01 -5.866542e-01 -7.779804e-01
    outer loop
      vertex   -1.462704e+01 5.695975e+00 -1.432107e+01
      vertex   -1.473173e+01 5.676965e+00 -1.433700e+01
      vertex   -1.473069e+01 5.716860e+00 -1.436679e+01
    endloop
  endfacet
  facet normal 8.608797e-02 -5.974387e-01 -7.972803e-01
    outer loop
      vertex   -1.473069e+01 5.716860e+00 -1.436679e+01
      vertex   -1.473173e+01 5.676965e+00 -1.433700e+01
      vertex   -1.484388e+01 5.703233e+00 -1.436880e+01
    endloop
  endfacet
  facet normal 8.199425e-02 -5.593657e-01 -8.248557e-01
    outer loop
      vertex   -1.473069e+01 5.716860e+00 -1.436679e+01
      vertex   -1.484388e+01 5.703233e+00 -1.436880e+01
      vertex   -1.484172e+01 5.748564e+00 -1.439932e+01
    endloop
  endfacet
  facet normal -1.102442e-01 -5.515219e-01 -8.268433e-01
    outer loop
      vertex   -1.484172e+01 5.748564e+00 -1.439932e+01
      vertex   -1.484388e+01 5.703233e+00 -1.436880e+01
      vertex   -1.507937e+01 5.789568e+00 -1.439498e+01
    endloop
  endfacet
  facet normal -1.037008e-01 -5.107847e-01 -8.534314e-01
    outer loop
      vertex   -1.484172e+01 5.748564e+00 -1.439932e+01
      vertex   -1.507937e+01 5.789568e+00 -1.439498e+01
      vertex   -1.505745e+01 5.838072e+00 -1.442668e+01
    endloop
  endfacet
  facet normal -5.153163e-02 -4.034251e-01 -9.135604e-01
    outer loop
      vertex   -1.484172e+01 5.748564e+00 -1.439932e+01
      vertex   -1.505745e+01 5.838072e+00 -1.442668e+01
      vertex   -1.481933e+01 5.798071e+00 -1.442245e+01
    endloop
  endfacet
  facet normal -4.942819e-02 -3.914653e-01 -9.188644e-01
    outer loop
      vertex   -1.481933e+01 5.798071e+00 -1.442245e+01
      vertex   -1.505745e+01 5.838072e+00 -1.442668e+01
      vertex   -1.503384e+01 5.890297e+00 -1.445020e+01
    endloop
  endfacet
  facet normal 1.035146e-02 -2.659850e-01 -9.639216e-01
    outer loop
      vertex   -1.481933e+01 5.798071e+00 -1.442245e+01
      vertex   -1.503384e+01 5.890297e+00 -1.445020e+01
      vertex   -1.479273e+01 5.856929e+00 -1.443840e+01
    endloop
  endfacet
  facet normal 1.041058e-02 -2.655955e-01 -9.640283e-01
    outer loop
      vertex   -1.479273e+01 5.856929e+00 -1.443840e+01
      vertex   -1.503384e+01 5.890297e+00 -1.445020e+01
      vertex   -1.500906e+01 5.945106e+00 -1.446503e+01
    endloop
  endfacet
  facet normal -5.397910e-02 -4.077107e-01 -9.115142e-01
    outer loop
      vertex   -1.479273e+01 5.856929e+00 -1.443840e+01
      vertex   -1.500906e+01 5.945106e+00 -1.446503e+01
      vertex   -1.480535e+01 5.869674e+00 -1.444335e+01
    endloop
  endfacet
  facet normal 2.229579e-01 -1.532075e-01 -9.627135e-01
    outer loop
      vertex   -1.480535e+01 5.869674e+00 -1.444335e+01
      vertex   -1.470742e+01 5.845754e+00 -1.441687e+01
      vertex   -1.479273e+01 5.856929e+00 -1.443840e+01
    endloop
  endfacet
  facet normal 1.941580e-01 -3.108300e-01 -9.304232e-01
    outer loop
      vertex   -1.479273e+01 5.856929e+00 -1.443840e+01
      vertex   -1.470742e+01 5.845754e+00 -1.441687e+01
      vertex   -1.468628e+01 5.815104e+00 -1.440222e+01
    endloop
  endfacet
  facet normal 1.833001e-01 -3.335487e-01 -9.247412e-01
    outer loop
      vertex   -1.479273e+01 5.856929e+00 -1.443840e+01
      vertex   -1.468628e+01 5.815104e+00 -1.440222e+01
      vertex   -1.481933e+01 5.798071e+00 -1.442245e+01
    endloop
  endfacet
  facet normal 1.833001e-01 -3.335487e-01 -9.247412e-01
    outer loop
      vertex   -1.481933e+01 5.798071e+00 -1.442245e+01
      vertex   -1.468628e+01 5.815104e+00 -1.440222e+01
      vertex   -1.471040e+01 5.761743e+00 -1.438775e+01
    endloop
  endfacet
  facet normal 1.239338e-01 -4.653851e-01 -8.763887e-01
    outer loop
      vertex   -1.481933e+01 5.798071e+00 -1.442245e+01
      vertex   -1.471040e+01 5.761743e+00 -1.438775e+01
      vertex   -1.484172e+01 5.748564e+00 -1.439932e+01
    endloop
  endfacet
  facet normal 1.239338e-01 -4.653851e-01 -8.763887e-01
    outer loop
      vertex   -1.484172e+01 5.748564e+00 -1.439932e+01
      vertex   -1.471040e+01 5.761743e+00 -1.438775e+01
      vertex   -1.473069e+01 5.716860e+00 -1.436679e+01
    endloop
  endfacet
  facet normal 3.323282e-01 -2.102671e-01 -9.194268e-01
    outer loop
      vertex   -1.470742e+01 5.845754e+00 -1.441687e+01
      vertex   -1.461742e+01 5.832410e+00 -1.438128e+01
      vertex   -1.468628e+01 5.815104e+00 -1.440222e+01
    endloop
  endfacet
  facet normal 3.477040e-01 -3.156676e-01 -8.828680e-01
    outer loop
      vertex   -1.468628e+01 5.815104e+00 -1.440222e+01
      vertex   -1.461742e+01 5.832410e+00 -1.438128e+01
      vertex   -1.458906e+01 5.780001e+00 -1.435138e+01
    endloop
  endfacet
  facet normal 3.175834e-01 -3.791756e-01 -8.691183e-01
    outer loop
      vertex   -1.468628e+01 5.815104e+00 -1.440222e+01
      vertex   -1.458906e+01 5.780001e+00 -1.435138e+01
      vertex   -1.471040e+01 5.761743e+00 -1.438775e+01
    endloop
  endfacet
  facet normal 3.175834e-01 -3.791756e-01 -8.691183e-01
    outer loop
      vertex   -1.471040e+01 5.761743e+00 -1.438775e+01
      vertex   -1.458906e+01 5.780001e+00 -1.435138e+01
      vertex   -1.460969e+01 5.734363e+00 -1.433900e+01
    endloop
  endfacet
  facet normal 2.618680e-01 -5.030869e-01 -8.236071e-01
    outer loop
      vertex   -1.471040e+01 5.761743e+00 -1.438775e+01
      vertex   -1.460969e+01 5.734363e+00 -1.433900e+01
      vertex   -1.473069e+01 5.716860e+00 -1.436679e+01
    endloop
  endfacet
  facet normal 2.618680e-01 -5.030869e-01 -8.236071e-01
    outer loop
      vertex   -1.473069e+01 5.716860e+00 -1.436679e+01
      vertex   -1.460969e+01 5.734363e+00 -1.433900e+01
      vertex   -1.462704e+01 5.695975e+00 -1.432107e+01
    endloop
  endfacet
  facet normal 4.615010e-01 -2.379687e-01 -8.546273e-01
    outer loop
      vertex   -1.461742e+01 5.832410e+00 -1.438128e+01
      vertex   -1.453801e+01 5.829982e+00 -1.433772e+01
      vertex   -1.458906e+01 5.780001e+00 -1.435138e+01
    endloop
  endfacet
  facet normal 5.257862e-01 -3.220146e-01 -7.873090e-01
    outer loop
      vertex   -1.458906e+01 5.780001e+00 -1.435138e+01
      vertex   -1.453801e+01 5.829982e+00 -1.433772e+01
      vertex   -1.448445e+01 5.793453e+00 -1.428702e+01
    endloop
  endfacet
  facet normal 5.280359e-01 -2.932831e-01 -7.969712e-01
    outer loop
      vertex   -1.458906e+01 5.780001e+00 -1.435138e+01
      vertex   -1.448445e+01 5.793453e+00 -1.428702e+01
      vertex   -1.450286e+01 5.752721e+00 -1.428423e+01
    endloop
  endfacet
  facet normal 6.812383e-01 -3.519242e-01 -6.419219e-01
    outer loop
      vertex   -1.450286e+01 5.752721e+00 -1.428423e+01
      vertex   -1.448445e+01 5.793453e+00 -1.428702e+01
      vertex   -1.442681e+01 5.764638e+00 -1.421005e+01
    endloop
  endfacet
  facet normal 6.812383e-01 -3.519242e-01 -6.419219e-01
    outer loop
      vertex   -1.450286e+01 5.752721e+00 -1.428423e+01
      vertex   -1.442681e+01 5.764638e+00 -1.421005e+01
      vertex   -1.443922e+01 5.737185e+00 -1.420817e+01
    endloop
  endfacet
  facet normal 7.861837e-01 -3.883300e-01 -4.807442e-01
    outer loop
      vertex   -1.443922e+01 5.737185e+00 -1.420817e+01
      vertex   -1.442681e+01 5.764638e+00 -1.421005e+01
      vertex   -1.440733e+01 5.754397e+00 -1.416993e+01
    endloop
  endfacet
  facet normal 7.861837e-01 -3.883300e-01 -4.807442e-01
    outer loop
      vertex   -1.443922e+01 5.737185e+00 -1.420817e+01
      vertex   -1.440733e+01 5.754397e+00 -1.416993e+01
      vertex   -1.441661e+01 5.733866e+00 -1.416852e+01
    endloop
  endfacet
  facet normal 8.428991e-01 -4.052854e-01 -3.539278e-01
    outer loop
      vertex   -1.441661e+01 5.733866e+00 -1.416852e+01
      vertex   -1.440733e+01 5.754397e+00 -1.416993e+01
      vertex   -1.439401e+01 5.746928e+00 -1.412964e+01
    endloop
  endfacet
  facet normal 8.428991e-01 -4.052854e-01 -3.539278e-01
    outer loop
      vertex   -1.441661e+01 5.733866e+00 -1.416852e+01
      vertex   -1.439401e+01 5.746928e+00 -1.412964e+01
      vertex   -1.440014e+01 5.733350e+00 -1.412871e+01
    endloop
  endfacet
  facet normal 8.976620e-01 -4.158028e-01 -1.459831e-01
    outer loop
      vertex   -1.440014e+01 5.733350e+00 -1.412871e+01
      vertex   -1.439401e+01 5.746928e+00 -1.412964e+01
      vertex   -1.438450e+01 5.739813e+00 -1.405094e+01
    endloop
  endfacet
  facet normal 6.131233e-01 -1.715235e-01 -7.711417e-01
    outer loop
      vertex   -1.453801e+01 5.829982e+00 -1.433772e+01
      vertex   -1.446829e+01 5.839443e+00 -1.428440e+01
      vertex   -1.448445e+01 5.793453e+00 -1.428702e+01
    endloop
  endfacet
  facet normal 6.727021e-01 -1.957414e-01 -7.135525e-01
    outer loop
      vertex   -1.448445e+01 5.793453e+00 -1.428702e+01
      vertex   -1.446829e+01 5.839443e+00 -1.428440e+01
      vertex   -1.446427e+01 5.838090e+00 -1.428024e+01
    endloop
  endfacet
  facet normal 7.337900e-01 -2.349121e-01 -6.374704e-01
    outer loop
      vertex   -1.448445e+01 5.793453e+00 -1.428702e+01
      vertex   -1.446427e+01 5.838090e+00 -1.428024e+01
      vertex   -1.441321e+01 5.794722e+00 -1.420548e+01
    endloop
  endfacet
  facet normal 7.421668e-01 -2.184209e-01 -6.336251e-01
    outer loop
      vertex   -1.441321e+01 5.794722e+00 -1.420548e+01
      vertex   -1.446427e+01 5.838090e+00 -1.428024e+01
      vertex   -1.443828e+01 5.849454e+00 -1.425372e+01
    endloop
  endfacet
  facet normal 8.097765e-01 -1.327192e-01 -5.715309e-01
    outer loop
      vertex   -1.441321e+01 5.794722e+00 -1.420548e+01
      vertex   -1.443828e+01 5.849454e+00 -1.425372e+01
      vertex   -1.439925e+01 5.825596e+00 -1.419287e+01
    endloop
  endfacet
  facet normal 8.113949e-01 -1.273376e-01 -5.704590e-01
    outer loop
      vertex   -1.439925e+01 5.825596e+00 -1.419287e+01
      vertex   -1.443828e+01 5.849454e+00 -1.425372e+01
      vertex   -1.441289e+01 5.863344e+00 -1.422071e+01
    endloop
  endfacet
  facet normal 8.746788e-01 -4.001590e-02 -4.830484e-01
    outer loop
      vertex   -1.439925e+01 5.825596e+00 -1.419287e+01
      vertex   -1.441289e+01 5.863344e+00 -1.422071e+01
      vertex   -1.438614e+01 5.854593e+00 -1.417154e+01
    endloop
  endfacet
  facet normal 8.760178e-01 -2.726450e-02 -4.815074e-01
    outer loop
      vertex   -1.438614e+01 5.854593e+00 -1.417154e+01
      vertex   -1.441289e+01 5.863344e+00 -1.422071e+01
      vertex   -1.439314e+01 5.881248e+00 -1.418579e+01
    endloop
  endfacet
  facet normal 9.248416e-01 4.079838e-02 -3.781582e-01
    outer loop
      vertex   -1.438614e+01 5.854593e+00 -1.417154e+01
      vertex   -1.439314e+01 5.881248e+00 -1.418579e+01
      vertex   -1.437523e+01 5.878730e+00 -1.414225e+01
    endloop
  endfacet
  facet normal 9.241381e-01 6.517461e-02 -3.764585e-01
    outer loop
      vertex   -1.437523e+01 5.878730e+00 -1.414225e+01
      vertex   -1.439314e+01 5.881248e+00 -1.418579e+01
      vertex   -1.438006e+01 5.902888e+00 -1.414993e+01
    endloop
  endfacet
  facet normal 9.590901e-01 1.087545e-01 -2.613784e-01
    outer loop
      vertex   -1.437523e+01 5.878730e+00 -1.414225e+01
      vertex   -1.438006e+01 5.902888e+00 -1.414993e+01
      vertex   -1.436762e+01 5.895554e+00 -1.410734e+01
    endloop
  endfacet
  facet normal 9.566254e-01 1.405240e-01 -2.551877e-01
    outer loop
      vertex   -1.436762e+01 5.895554e+00 -1.410734e+01
      vertex   -1.438006e+01 5.902888e+00 -1.414993e+01
      vertex   -1.437418e+01 5.927658e+00 -1.411424e+01
    endloop
  endfacet
  facet normal 9.758881e-01 1.698047e-01 -1.371449e-01
    outer loop
      vertex   -1.436762e+01 5.895554e+00 -1.410734e+01
      vertex   -1.437418e+01 5.927658e+00 -1.411424e+01
      vertex   -1.436385e+01 5.903904e+00 -1.407014e+01
    endloop
  endfacet
  facet normal 9.725663e-01 1.988513e-01 -1.207188e-01
    outer loop
      vertex   -1.436385e+01 5.903904e+00 -1.407014e+01
      vertex   -1.437418e+01 5.927658e+00 -1.411424e+01
      vertex   -1.437544e+01 5.954776e+00 -1.407968e+01
    endloop
  endfacet
  facet normal 9.730460e-01 2.280430e-01 3.432046e-02
    outer loop
      vertex   -1.436385e+01 5.903904e+00 -1.407014e+01
      vertex   -1.437544e+01 5.954776e+00 -1.407968e+01
      vertex   -1.438326e+01 5.983285e+00 -1.404719e+01
    endloop
  endfacet
  facet normal 7.170075e-01 -1.312695e-02 -6.969419e-01
    outer loop
      vertex   -1.446829e+01 5.839443e+00 -1.428440e+01
      vertex   -1.443828e+01 5.849454e+00 -1.425372e+01
      vertex   -1.446427e+01 5.838090e+00 -1.428024e+01
    endloop
  endfacet
  facet normal 8.696410e-01 4.870056e-01 -8.093295e-02
    outer loop
      vertex   -1.439684e+01 6.012526e+00 -1.401712e+01
      vertex   -1.439088e+01 6.000437e+00 -1.402579e+01
      vertex   -1.438326e+01 5.983285e+00 -1.404719e+01
    endloop
  endfacet
  facet normal 9.568189e-01 2.582298e-01 1.334730e-01
    outer loop
      vertex   -1.438326e+01 5.983285e+00 -1.404719e+01
      vertex   -1.439088e+01 6.000437e+00 -1.402579e+01
      vertex   -1.436374e+01 5.904139e+00 -1.403399e+01
    endloop
  endfacet
  facet normal 9.710701e-01 2.387541e-01 -4.394657e-03
    outer loop
      vertex   -1.438326e+01 5.983285e+00 -1.404719e+01
      vertex   -1.436374e+01 5.904139e+00 -1.403399e+01
      vertex   -1.436385e+01 5.903904e+00 -1.407014e+01
    endloop
  endfacet
  facet normal 9.968896e-01 7.873620e-02 -3.432750e-03
    outer loop
      vertex   -1.436385e+01 5.903904e+00 -1.407014e+01
      vertex   -1.436374e+01 5.904139e+00 -1.403399e+01
      vertex   -1.436017e+01 5.858721e+00 -1.403827e+01
    endloop
  endfacet
  facet normal 9.968896e-01 7.873620e-02 -3.432750e-03
    outer loop
      vertex   -1.436385e+01 5.903904e+00 -1.407014e+01
      vertex   -1.436017e+01 5.858721e+00 -1.403827e+01
      vertex   -1.436025e+01 5.858546e+00 -1.406530e+01
    endloop
  endfacet
  facet normal 9.981109e-01 -6.138554e-02 -2.527750e-03
    outer loop
      vertex   -1.436025e+01 5.858546e+00 -1.406530e+01
      vertex   -1.436017e+01 5.858721e+00 -1.403827e+01
      vertex   -1.436281e+01 5.815926e+00 -1.404256e+01
    endloop
  endfacet
  facet normal 9.981109e-01 -6.138554e-02 -2.527750e-03
    outer loop
      vertex   -1.436025e+01 5.858546e+00 -1.406530e+01
      vertex   -1.436281e+01 5.815926e+00 -1.404256e+01
      vertex   -1.436287e+01 5.815810e+00 -1.406044e+01
    endloop
  endfacet
  facet normal 9.617432e-01 -2.739506e-01 -1.042825e-03
    outer loop
      vertex   -1.436287e+01 5.815810e+00 -1.406044e+01
      vertex   -1.436281e+01 5.815926e+00 -1.404256e+01
      vertex   -1.438450e+01 5.739813e+00 -1.405094e+01
    endloop
  endfacet
  facet normal 9.251272e-01 3.487295e-01 1.500913e-01
    outer loop
      vertex   -1.439088e+01 6.000437e+00 -1.402579e+01
      vertex   -1.439684e+01 6.012526e+00 -1.401712e+01
      vertex   -1.439515e+01 5.990975e+00 -1.397744e+01
    endloop
  endfacet
  facet normal 8.774938e-01 4.360957e-01 1.995626e-01
    outer loop
      vertex   -1.439515e+01 5.990975e+00 -1.397744e+01
      vertex   -1.439684e+01 6.012526e+00 -1.401712e+01
      vertex   -1.443776e+01 6.071030e+00 -1.396506e+01
    endloop
  endfacet
  facet normal 8.569784e-01 4.071898e-01 3.158869e-01
    outer loop
      vertex   -1.439515e+01 5.990975e+00 -1.397744e+01
      vertex   -1.443776e+01 6.071030e+00 -1.396506e+01
      vertex   -1.440253e+01 5.974655e+00 -1.393639e+01
    endloop
  endfacet
  facet normal 8.469614e-01 4.101799e-01 3.382437e-01
    outer loop
      vertex   -1.440253e+01 5.974655e+00 -1.393639e+01
      vertex   -1.443776e+01 6.071030e+00 -1.396506e+01
      vertex   -1.445985e+01 6.065815e+00 -1.390342e+01
    endloop
  endfacet
  facet normal 7.884688e-01 5.211572e-01 3.266682e-01
    outer loop
      vertex   -1.443776e+01 6.071030e+00 -1.396506e+01
      vertex   -1.449359e+01 6.128890e+00 -1.392261e+01
      vertex   -1.445985e+01 6.065815e+00 -1.390342e+01
    endloop
  endfacet
  facet normal 7.272368e-01 5.239309e-01 4.434220e-01
    outer loop
      vertex   -1.445985e+01 6.065815e+00 -1.390342e+01
      vertex   -1.449359e+01 6.128890e+00 -1.392261e+01
      vertex   -1.453520e+01 6.149285e+00 -1.387845e+01
    endloop
  endfacet
  facet normal 6.923591e-01 6.223807e-01 3.650768e-01
    outer loop
      vertex   -1.449359e+01 6.128890e+00 -1.392261e+01
      vertex   -1.456427e+01 6.187313e+00 -1.388816e+01
      vertex   -1.453520e+01 6.149285e+00 -1.387845e+01
    endloop
  endfacet
  facet normal 6.038197e-01 5.965061e-01 5.287553e-01
    outer loop
      vertex   -1.453520e+01 6.149285e+00 -1.387845e+01
      vertex   -1.456427e+01 6.187313e+00 -1.388816e+01
      vertex   -1.462609e+01 6.225535e+00 -1.386068e+01
    endloop
  endfacet
  facet normal 5.999259e-01 7.209120e-01 3.469508e-01
    outer loop
      vertex   -1.456427e+01 6.187313e+00 -1.388816e+01
      vertex   -1.464696e+01 6.244019e+00 -1.386301e+01
      vertex   -1.462609e+01 6.225535e+00 -1.386068e+01
    endloop
  endfacet
  facet normal 9.453999e-01 -3.102901e-01 9.969448e-02
    outer loop
      vertex   -1.437310e+01 5.793177e+00 -1.399301e+01
      vertex   -1.438450e+01 5.739813e+00 -1.405094e+01
      vertex   -1.436977e+01 5.800549e+00 -1.400167e+01
    endloop
  endfacet
  facet normal 9.566395e-01 -2.853418e-01 5.848867e-02
    outer loop
      vertex   -1.436670e+01 5.807332e+00 -1.401276e+01
      vertex   -1.438450e+01 5.739813e+00 -1.405094e+01
      vertex   -1.436424e+01 5.812772e+00 -1.402644e+01
    endloop
  endfacet
  facet normal 9.603613e-01 -2.770579e-01 3.074285e-02
    outer loop
      vertex   -1.436424e+01 5.812772e+00 -1.402644e+01
      vertex   -1.438450e+01 5.739813e+00 -1.405094e+01
      vertex   -1.436281e+01 5.815926e+00 -1.404256e+01
    endloop
  endfacet
  facet normal 9.600230e-01 -2.777143e-01 -3.508084e-02
    outer loop
      vertex   -1.436287e+01 5.815810e+00 -1.406044e+01
      vertex   -1.438450e+01 5.739813e+00 -1.405094e+01
      vertex   -1.436473e+01 5.811680e+00 -1.407884e+01
    endloop
  endfacet
  facet normal 9.547817e-01 -2.892846e-01 -6.860322e-02
    outer loop
      vertex   -1.436473e+01 5.811680e+00 -1.407884e+01
      vertex   -1.438450e+01 5.739813e+00 -1.405094e+01
      vertex   -1.436850e+01 5.803359e+00 -1.409610e+01
    endloop
  endfacet
  facet normal 9.461814e-01 -3.083088e-01 -9.841994e-02
    outer loop
      vertex   -1.436850e+01 5.803359e+00 -1.409610e+01
      vertex   -1.438450e+01 5.739813e+00 -1.405094e+01
      vertex   -1.437389e+01 5.791421e+00 -1.411059e+01
    endloop
  endfacet
  facet normal 9.350037e-01 -3.330581e-01 -1.218213e-01
    outer loop
      vertex   -1.437389e+01 5.791421e+00 -1.411059e+01
      vertex   -1.438450e+01 5.739813e+00 -1.405094e+01
      vertex   -1.438038e+01 5.777079e+00 -1.412114e+01
    endloop
  endfacet
  facet normal 9.224265e-01 -3.609209e-01 -1.373516e-01
    outer loop
      vertex   -1.438038e+01 5.777079e+00 -1.412114e+01
      vertex   -1.438450e+01 5.739813e+00 -1.405094e+01
      vertex   -1.438728e+01 5.761808e+00 -1.412738e+01
    endloop
  endfacet
  facet normal 9.096624e-01 -3.892061e-01 -1.450274e-01
    outer loop
      vertex   -1.438728e+01 5.761808e+00 -1.412738e+01
      vertex   -1.438450e+01 5.739813e+00 -1.405094e+01
      vertex   -1.439401e+01 5.746928e+00 -1.412964e+01
    endloop
  endfacet
  facet normal 8.869954e-01 -4.394441e-01 -1.418730e-01
    outer loop
      vertex   -1.440014e+01 5.733350e+00 -1.412871e+01
      vertex   -1.438450e+01 5.739813e+00 -1.405094e+01
      vertex   -1.440548e+01 5.721537e+00 -1.412550e+01
    endloop
  endfacet
  facet normal 8.778887e-01 -4.596281e-01 -1.343633e-01
    outer loop
      vertex   -1.440548e+01 5.721537e+00 -1.412550e+01
      vertex   -1.438450e+01 5.739813e+00 -1.405094e+01
      vertex   -1.440998e+01 5.711600e+00 -1.412086e+01
    endloop
  endfacet
  facet normal 5.642782e-01 5.086765e-01 6.502602e-01
    outer loop
      vertex   -1.464137e+01 6.191743e+00 -1.380544e+01
      vertex   -1.456411e+01 6.085346e+00 -1.378926e+01
      vertex   -1.454905e+01 6.118649e+00 -1.382837e+01
    endloop
  endfacet
  facet normal 6.756921e-01 4.123106e-01 6.110975e-01
    outer loop
      vertex   -1.454905e+01 6.118649e+00 -1.382837e+01
      vertex   -1.456411e+01 6.085346e+00 -1.378926e+01
      vertex   -1.448457e+01 6.011130e+00 -1.382713e+01
    endloop
  endfacet
  facet normal 6.756921e-01 4.123106e-01 6.110975e-01
    outer loop
      vertex   -1.454905e+01 6.118649e+00 -1.382837e+01
      vertex   -1.448457e+01 6.011130e+00 -1.382713e+01
      vertex   -1.447169e+01 6.039613e+00 -1.386058e+01
    endloop
  endfacet
  facet normal 7.893111e-01 2.831090e-01 5.448278e-01
    outer loop
      vertex   -1.447169e+01 6.039613e+00 -1.386058e+01
      vertex   -1.448457e+01 6.011130e+00 -1.382713e+01
      vertex   -1.442173e+01 5.932192e+00 -1.387715e+01
    endloop
  endfacet
  facet normal 7.893111e-01 2.831090e-01 5.448278e-01
    outer loop
      vertex   -1.447169e+01 6.039613e+00 -1.386058e+01
      vertex   -1.442173e+01 5.932192e+00 -1.387715e+01
      vertex   -1.441173e+01 5.954309e+00 -1.390313e+01
    endloop
  endfacet
  facet normal 8.916217e-01 1.121662e-01 4.386679e-01
    outer loop
      vertex   -1.441173e+01 5.954309e+00 -1.390313e+01
      vertex   -1.442173e+01 5.932192e+00 -1.387715e+01
      vertex   -1.438454e+01 5.858144e+00 -1.393381e+01
    endloop
  endfacet
  facet normal 8.916217e-01 1.121662e-01 4.386679e-01
    outer loop
      vertex   -1.441173e+01 5.954309e+00 -1.390313e+01
      vertex   -1.438454e+01 5.858144e+00 -1.393381e+01
      vertex   -1.437780e+01 5.873050e+00 -1.395132e+01
    endloop
  endfacet
  facet normal 9.436468e-01 -4.084027e-02 3.284246e-01
    outer loop
      vertex   -1.437780e+01 5.873050e+00 -1.395132e+01
      vertex   -1.438454e+01 5.858144e+00 -1.393381e+01
      vertex   -1.437572e+01 5.824324e+00 -1.396335e+01
    endloop
  endfacet
  facet normal 9.436468e-01 -4.084027e-02 3.284246e-01
    outer loop
      vertex   -1.437780e+01 5.873050e+00 -1.395132e+01
      vertex   -1.437572e+01 5.824324e+00 -1.396335e+01
      vertex   -1.437068e+01 5.835472e+00 -1.397644e+01
    endloop
  endfacet
  facet normal 9.587568e-01 -1.494804e-01 2.417459e-01
    outer loop
      vertex   -1.437068e+01 5.835472e+00 -1.397644e+01
      vertex   -1.437572e+01 5.824324e+00 -1.396335e+01
      vertex   -1.437310e+01 5.793177e+00 -1.399301e+01
    endloop
  endfacet
  facet normal 9.587568e-01 -1.494804e-01 2.417459e-01
    outer loop
      vertex   -1.437068e+01 5.835472e+00 -1.397644e+01
      vertex   -1.437310e+01 5.793177e+00 -1.399301e+01
      vertex   -1.436977e+01 5.800549e+00 -1.400167e+01
    endloop
  endfacet
  facet normal 9.858868e-01 -8.899008e-02 1.418025e-01
    outer loop
      vertex   -1.436605e+01 5.845727e+00 -1.399320e+01
      vertex   -1.436670e+01 5.807332e+00 -1.401276e+01
      vertex   -1.436233e+01 5.853952e+00 -1.401390e+01
    endloop
  endfacet
  facet normal 9.858868e-01 -8.899008e-02 1.418025e-01
    outer loop
      vertex   -1.436233e+01 5.853952e+00 -1.401390e+01
      vertex   -1.436670e+01 5.807332e+00 -1.401276e+01
      vertex   -1.436424e+01 5.812772e+00 -1.402644e+01
    endloop
  endfacet
  facet normal 9.948351e-01 -6.891174e-02 7.452658e-02
    outer loop
      vertex   -1.436233e+01 5.853952e+00 -1.401390e+01
      vertex   -1.436424e+01 5.812772e+00 -1.402644e+01
      vertex   -1.436017e+01 5.858721e+00 -1.403827e+01
    endloop
  endfacet
  facet normal 9.948351e-01 -6.891174e-02 7.452658e-02
    outer loop
      vertex   -1.436017e+01 5.858721e+00 -1.403827e+01
      vertex   -1.436424e+01 5.812772e+00 -1.402644e+01
      vertex   -1.436281e+01 5.815926e+00 -1.404256e+01
    endloop
  endfacet
  facet normal 9.405764e-01 2.217433e-01 2.571884e-01
    outer loop
      vertex   -1.439515e+01 5.990975e+00 -1.397744e+01
      vertex   -1.440253e+01 5.974655e+00 -1.393639e+01
      vertex   -1.437160e+01 5.886762e+00 -1.397374e+01
    endloop
  endfacet
  facet normal 9.804056e-01 4.129749e-02 1.926120e-01
    outer loop
      vertex   -1.437160e+01 5.886762e+00 -1.397374e+01
      vertex   -1.436605e+01 5.845727e+00 -1.399320e+01
      vertex   -1.436663e+01 5.897761e+00 -1.400140e+01
    endloop
  endfacet
  facet normal 9.804056e-01 4.129749e-02 1.926120e-01
    outer loop
      vertex   -1.436663e+01 5.897761e+00 -1.400140e+01
      vertex   -1.436605e+01 5.845727e+00 -1.399320e+01
      vertex   -1.436233e+01 5.853952e+00 -1.401390e+01
    endloop
  endfacet
  facet normal 9.925001e-01 6.854257e-02 1.012196e-01
    outer loop
      vertex   -1.436663e+01 5.897761e+00 -1.400140e+01
      vertex   -1.436233e+01 5.853952e+00 -1.401390e+01
      vertex   -1.436374e+01 5.904139e+00 -1.403399e+01
    endloop
  endfacet
  facet normal 9.925001e-01 6.854257e-02 1.012196e-01
    outer loop
      vertex   -1.436374e+01 5.904139e+00 -1.403399e+01
      vertex   -1.436233e+01 5.853952e+00 -1.401390e+01
      vertex   -1.436017e+01 5.858721e+00 -1.403827e+01
    endloop
  endfacet
  facet normal 4.203636e-01 -5.330193e-01 -7.342920e-01
    outer loop
      vertex   -1.453236e+01 5.687475e+00 -1.426070e+01
      vertex   -1.462704e+01 5.695975e+00 -1.432107e+01
      vertex   -1.451888e+01 5.717283e+00 -1.427462e+01
    endloop
  endfacet
  facet normal 4.203636e-01 -5.330193e-01 -7.342920e-01
    outer loop
      vertex   -1.451888e+01 5.717283e+00 -1.427462e+01
      vertex   -1.462704e+01 5.695975e+00 -1.432107e+01
      vertex   -1.460969e+01 5.734363e+00 -1.433900e+01
    endloop
  endfacet
  facet normal 4.699813e-01 -4.225468e-01 -7.749657e-01
    outer loop
      vertex   -1.451888e+01 5.717283e+00 -1.427462e+01
      vertex   -1.460969e+01 5.734363e+00 -1.433900e+01
      vertex   -1.450286e+01 5.752721e+00 -1.428423e+01
    endloop
  endfacet
  facet normal 4.699813e-01 -4.225468e-01 -7.749657e-01
    outer loop
      vertex   -1.450286e+01 5.752721e+00 -1.428423e+01
      vertex   -1.460969e+01 5.734363e+00 -1.433900e+01
      vertex   -1.458906e+01 5.780001e+00 -1.435138e+01
    endloop
  endfacet
  facet normal 5.945637e-01 -5.449392e-01 -5.912150e-01
    outer loop
      vertex   -1.445910e+01 5.693212e+00 -1.419231e+01
      vertex   -1.453236e+01 5.687475e+00 -1.426070e+01
      vertex   -1.445002e+01 5.713301e+00 -1.420169e+01
    endloop
  endfacet
  facet normal 5.945637e-01 -5.449392e-01 -5.912150e-01
    outer loop
      vertex   -1.445002e+01 5.713301e+00 -1.420169e+01
      vertex   -1.453236e+01 5.687475e+00 -1.426070e+01
      vertex   -1.451888e+01 5.717283e+00 -1.427462e+01
    endloop
  endfacet
  facet normal 6.344972e-01 -4.560141e-01 -6.240708e-01
    outer loop
      vertex   -1.445002e+01 5.713301e+00 -1.420169e+01
      vertex   -1.451888e+01 5.717283e+00 -1.427462e+01
      vertex   -1.443922e+01 5.737185e+00 -1.420817e+01
    endloop
  endfacet
  facet normal 6.344972e-01 -4.560141e-01 -6.240708e-01
    outer loop
      vertex   -1.443922e+01 5.737185e+00 -1.420817e+01
      vertex   -1.451888e+01 5.717283e+00 -1.427462e+01
      vertex   -1.450286e+01 5.752721e+00 -1.428423e+01
    endloop
  endfacet
  facet normal 7.950508e-01 -5.116052e-01 -3.258132e-01
    outer loop
      vertex   -1.440548e+01 5.721537e+00 -1.412550e+01
      vertex   -1.440998e+01 5.711600e+00 -1.412086e+01
      vertex   -1.443148e+01 5.700981e+00 -1.415666e+01
    endloop
  endfacet
  facet normal 7.212437e-01 -5.328060e-01 -4.426345e-01
    outer loop
      vertex   -1.443148e+01 5.700981e+00 -1.415666e+01
      vertex   -1.445910e+01 5.693212e+00 -1.419231e+01
      vertex   -1.442469e+01 5.716005e+00 -1.416368e+01
    endloop
  endfacet
  facet normal 7.212437e-01 -5.328060e-01 -4.426345e-01
    outer loop
      vertex   -1.442469e+01 5.716005e+00 -1.416368e+01
      vertex   -1.445910e+01 5.693212e+00 -1.419231e+01
      vertex   -1.445002e+01 5.713301e+00 -1.420169e+01
    endloop
  endfacet
  facet normal 7.511585e-01 -4.662544e-01 -4.672983e-01
    outer loop
      vertex   -1.442469e+01 5.716005e+00 -1.416368e+01
      vertex   -1.445002e+01 5.713301e+00 -1.420169e+01
      vertex   -1.441661e+01 5.733866e+00 -1.416852e+01
    endloop
  endfacet
  facet normal 7.511585e-01 -4.662544e-01 -4.672983e-01
    outer loop
      vertex   -1.441661e+01 5.733866e+00 -1.416852e+01
      vertex   -1.445002e+01 5.713301e+00 -1.420169e+01
      vertex   -1.443922e+01 5.737185e+00 -1.420817e+01
    endloop
  endfacet
  facet normal 8.170900e-01 -4.626346e-01 -3.439958e-01
    outer loop
      vertex   -1.440014e+01 5.733350e+00 -1.412871e+01
      vertex   -1.440548e+01 5.721537e+00 -1.412550e+01
      vertex   -1.442469e+01 5.716005e+00 -1.416368e+01
    endloop
  endfacet
  facet normal 7.950508e-01 -5.116052e-01 -3.258132e-01
    outer loop
      vertex   -1.442469e+01 5.716005e+00 -1.416368e+01
      vertex   -1.440548e+01 5.721537e+00 -1.412550e+01
      vertex   -1.443148e+01 5.700981e+00 -1.415666e+01
    endloop
  endfacet
  facet normal 8.170900e-01 -4.626346e-01 -3.439958e-01
    outer loop
      vertex   -1.440014e+01 5.733350e+00 -1.412871e+01
      vertex   -1.442469e+01 5.716005e+00 -1.416368e+01
      vertex   -1.441661e+01 5.733866e+00 -1.416852e+01
    endloop
  endfacet
  facet normal 7.337900e-01 -2.349121e-01 -6.374704e-01
    outer loop
      vertex   -1.448445e+01 5.793453e+00 -1.428702e+01
      vertex   -1.441321e+01 5.794722e+00 -1.420548e+01
      vertex   -1.442681e+01 5.764638e+00 -1.421005e+01
    endloop
  endfacet
  facet normal 8.255760e-01 -3.007010e-01 -4.774967e-01
    outer loop
      vertex   -1.442681e+01 5.764638e+00 -1.421005e+01
      vertex   -1.441321e+01 5.794722e+00 -1.420548e+01
      vertex   -1.439716e+01 5.776895e+00 -1.416651e+01
    endloop
  endfacet
  facet normal 8.255760e-01 -3.007010e-01 -4.774967e-01
    outer loop
      vertex   -1.442681e+01 5.764638e+00 -1.421005e+01
      vertex   -1.439716e+01 5.776895e+00 -1.416651e+01
      vertex   -1.440733e+01 5.754397e+00 -1.416993e+01
    endloop
  endfacet
  facet normal 8.719312e-01 -3.407807e-01 -3.515742e-01
    outer loop
      vertex   -1.440733e+01 5.754397e+00 -1.416993e+01
      vertex   -1.439716e+01 5.776895e+00 -1.416651e+01
      vertex   -1.438728e+01 5.761808e+00 -1.412738e+01
    endloop
  endfacet
  facet normal 8.719312e-01 -3.407807e-01 -3.515742e-01
    outer loop
      vertex   -1.440733e+01 5.754397e+00 -1.416993e+01
      vertex   -1.438728e+01 5.761808e+00 -1.412738e+01
      vertex   -1.439401e+01 5.746928e+00 -1.412964e+01
    endloop
  endfacet
  facet normal 9.028095e-01 -2.721967e-01 -3.329325e-01
    outer loop
      vertex   -1.438038e+01 5.777079e+00 -1.412114e+01
      vertex   -1.438728e+01 5.761808e+00 -1.412738e+01
      vertex   -1.439716e+01 5.776895e+00 -1.416651e+01
    endloop
  endfacet
  facet normal 8.674677e-01 -2.075508e-01 -4.521310e-01
    outer loop
      vertex   -1.439716e+01 5.776895e+00 -1.416651e+01
      vertex   -1.441321e+01 5.794722e+00 -1.420548e+01
      vertex   -1.438672e+01 5.799984e+00 -1.415708e+01
    endloop
  endfacet
  facet normal 8.674677e-01 -2.075508e-01 -4.521310e-01
    outer loop
      vertex   -1.438672e+01 5.799984e+00 -1.415708e+01
      vertex   -1.441321e+01 5.794722e+00 -1.420548e+01
      vertex   -1.439925e+01 5.825596e+00 -1.419287e+01
    endloop
  endfacet
  facet normal 9.087520e-01 -1.158299e-01 -4.009405e-01
    outer loop
      vertex   -1.438672e+01 5.799984e+00 -1.415708e+01
      vertex   -1.439925e+01 5.825596e+00 -1.419287e+01
      vertex   -1.437692e+01 5.821669e+00 -1.414113e+01
    endloop
  endfacet
  facet normal 9.087520e-01 -1.158299e-01 -4.009405e-01
    outer loop
      vertex   -1.437692e+01 5.821669e+00 -1.414113e+01
      vertex   -1.439925e+01 5.825596e+00 -1.419287e+01
      vertex   -1.438614e+01 5.854593e+00 -1.417154e+01
    endloop
  endfacet
  facet normal 9.454698e-01 -3.438079e-02 -3.238902e-01
    outer loop
      vertex   -1.437692e+01 5.821669e+00 -1.414113e+01
      vertex   -1.438614e+01 5.854593e+00 -1.417154e+01
      vertex   -1.436876e+01 5.839719e+00 -1.411923e+01
    endloop
  endfacet
  facet normal 9.454698e-01 -3.438079e-02 -3.238902e-01
    outer loop
      vertex   -1.436876e+01 5.839719e+00 -1.411923e+01
      vertex   -1.438614e+01 5.854593e+00 -1.417154e+01
      vertex   -1.437523e+01 5.878730e+00 -1.414225e+01
    endloop
  endfacet
  facet normal 9.737725e-01 2.822606e-02 -2.257663e-01
    outer loop
      vertex   -1.436876e+01 5.839719e+00 -1.411923e+01
      vertex   -1.437523e+01 5.878730e+00 -1.414225e+01
      vertex   -1.436307e+01 5.852301e+00 -1.409312e+01
    endloop
  endfacet
  facet normal 9.737725e-01 2.822606e-02 -2.257663e-01
    outer loop
      vertex   -1.436307e+01 5.852301e+00 -1.409312e+01
      vertex   -1.437523e+01 5.878730e+00 -1.414225e+01
      vertex   -1.436762e+01 5.895554e+00 -1.410734e+01
    endloop
  endfacet
  facet normal 9.910959e-01 6.631864e-02 -1.154587e-01
    outer loop
      vertex   -1.436307e+01 5.852301e+00 -1.409312e+01
      vertex   -1.436762e+01 5.895554e+00 -1.410734e+01
      vertex   -1.436025e+01 5.858546e+00 -1.406530e+01
    endloop
  endfacet
  facet normal 9.910959e-01 6.631864e-02 -1.154587e-01
    outer loop
      vertex   -1.436025e+01 5.858546e+00 -1.406530e+01
      vertex   -1.436762e+01 5.895554e+00 -1.410734e+01
      vertex   -1.436385e+01 5.903904e+00 -1.407014e+01
    endloop
  endfacet
  facet normal 9.332402e-01 -2.046520e-01 -2.952630e-01
    outer loop
      vertex   -1.437389e+01 5.791421e+00 -1.411059e+01
      vertex   -1.438038e+01 5.777079e+00 -1.412114e+01
      vertex   -1.438672e+01 5.799984e+00 -1.415708e+01
    endloop
  endfacet
  facet normal 9.028095e-01 -2.721967e-01 -3.329325e-01
    outer loop
      vertex   -1.438672e+01 5.799984e+00 -1.415708e+01
      vertex   -1.438038e+01 5.777079e+00 -1.412114e+01
      vertex   -1.439716e+01 5.776895e+00 -1.416651e+01
    endloop
  endfacet
  facet normal 9.332402e-01 -2.046520e-01 -2.952630e-01
    outer loop
      vertex   -1.437389e+01 5.791421e+00 -1.411059e+01
      vertex   -1.438672e+01 5.799984e+00 -1.415708e+01
      vertex   -1.437692e+01 5.821669e+00 -1.414113e+01
    endloop
  endfacet
  facet normal 9.602990e-01 -1.446651e-01 -2.385329e-01
    outer loop
      vertex   -1.436850e+01 5.803359e+00 -1.409610e+01
      vertex   -1.437389e+01 5.791421e+00 -1.411059e+01
      vertex   -1.437692e+01 5.821669e+00 -1.414113e+01
    endloop
  endfacet
  facet normal 9.602990e-01 -1.446651e-01 -2.385329e-01
    outer loop
      vertex   -1.436850e+01 5.803359e+00 -1.409610e+01
      vertex   -1.437692e+01 5.821669e+00 -1.414113e+01
      vertex   -1.436876e+01 5.839719e+00 -1.411923e+01
    endloop
  endfacet
  facet normal 9.811428e-01 -9.855748e-02 -1.662683e-01
    outer loop
      vertex   -1.436473e+01 5.811680e+00 -1.407884e+01
      vertex   -1.436850e+01 5.803359e+00 -1.409610e+01
      vertex   -1.436876e+01 5.839719e+00 -1.411923e+01
    endloop
  endfacet
  facet normal 9.811428e-01 -9.855748e-02 -1.662683e-01
    outer loop
      vertex   -1.436473e+01 5.811680e+00 -1.407884e+01
      vertex   -1.436876e+01 5.839719e+00 -1.411923e+01
      vertex   -1.436307e+01 5.852301e+00 -1.409312e+01
    endloop
  endfacet
  facet normal 9.938804e-01 -7.051306e-02 -8.502683e-02
    outer loop
      vertex   -1.436287e+01 5.815810e+00 -1.406044e+01
      vertex   -1.436473e+01 5.811680e+00 -1.407884e+01
      vertex   -1.436307e+01 5.852301e+00 -1.409312e+01
    endloop
  endfacet
  facet normal 9.938804e-01 -7.051306e-02 -8.502683e-02
    outer loop
      vertex   -1.436287e+01 5.815810e+00 -1.406044e+01
      vertex   -1.436307e+01 5.852301e+00 -1.409312e+01
      vertex   -1.436025e+01 5.858546e+00 -1.406530e+01
    endloop
  endfacet
  facet normal 9.566380e-01 2.580376e-01 1.351308e-01
    outer loop
      vertex   -1.436663e+01 5.897761e+00 -1.400140e+01
      vertex   -1.436374e+01 5.904139e+00 -1.403399e+01
      vertex   -1.439088e+01 6.000437e+00 -1.402579e+01
    endloop
  endfacet
  facet normal 9.405764e-01 2.217433e-01 2.571884e-01
    outer loop
      vertex   -1.437160e+01 5.886762e+00 -1.397374e+01
      vertex   -1.436663e+01 5.897761e+00 -1.400140e+01
      vertex   -1.439515e+01 5.990975e+00 -1.397744e+01
    endloop
  endfacet
  facet normal 9.566380e-01 2.580376e-01 1.351308e-01
    outer loop
      vertex   -1.439515e+01 5.990975e+00 -1.397744e+01
      vertex   -1.436663e+01 5.897761e+00 -1.400140e+01
      vertex   -1.439088e+01 6.000437e+00 -1.402579e+01
    endloop
  endfacet
  facet normal -8.933953e-01 4.459265e-01 5.472037e-02
    outer loop
      vertex   -1.460476e+01 6.001198e+00 -1.415418e+01
      vertex   -1.460797e+01 5.995854e+00 -1.416303e+01
      vertex   -1.472624e+01 5.732486e+00 -1.394770e+01
    endloop
  endfacet
  facet normal -8.933953e-01 4.459265e-01 5.472037e-02
    outer loop
      vertex   -1.472624e+01 5.732486e+00 -1.394770e+01
      vertex   -1.460797e+01 5.995854e+00 -1.416303e+01
      vertex   -1.472945e+01 5.727141e+00 -1.395654e+01
    endloop
  endfacet
  facet normal -8.467173e-01 5.069214e-01 1.615567e-01
    outer loop
      vertex   -1.472945e+01 5.727141e+00 -1.395654e+01
      vertex   -1.460797e+01 5.995854e+00 -1.416303e+01
      vertex   -1.461249e+01 5.991118e+00 -1.417185e+01
    endloop
  endfacet
  facet normal -8.467173e-01 5.069214e-01 1.615567e-01
    outer loop
      vertex   -1.472945e+01 5.727141e+00 -1.395654e+01
      vertex   -1.461249e+01 5.991118e+00 -1.417185e+01
      vertex   -1.473396e+01 5.722406e+00 -1.396536e+01
    endloop
  endfacet
  facet normal -7.560992e-01 5.778755e-01 3.072034e-01
    outer loop
      vertex   -1.473396e+01 5.722406e+00 -1.396536e+01
      vertex   -1.461249e+01 5.991118e+00 -1.417185e+01
      vertex   -1.462541e+01 5.983515e+00 -1.418934e+01
    endloop
  endfacet
  facet normal -7.560992e-01 5.778755e-01 3.072034e-01
    outer loop
      vertex   -1.473396e+01 5.722406e+00 -1.396536e+01
      vertex   -1.462541e+01 5.983515e+00 -1.418934e+01
      vertex   -1.474688e+01 5.714803e+00 -1.398286e+01
    endloop
  endfacet
  facet normal -6.191254e-01 6.349595e-01 4.620715e-01
    outer loop
      vertex   -1.474688e+01 5.714803e+00 -1.398286e+01
      vertex   -1.462541e+01 5.983515e+00 -1.418934e+01
      vertex   -1.464339e+01 5.978463e+00 -1.420650e+01
    endloop
  endfacet
  facet normal -6.191254e-01 6.349595e-01 4.620715e-01
    outer loop
      vertex   -1.474688e+01 5.714803e+00 -1.398286e+01
      vertex   -1.464339e+01 5.978463e+00 -1.420650e+01
      vertex   -1.476487e+01 5.709750e+00 -1.400001e+01
    endloop
  endfacet
  facet normal -4.871417e-01 6.598437e-01 5.721007e-01
    outer loop
      vertex   -1.476487e+01 5.709750e+00 -1.400001e+01
      vertex   -1.464339e+01 5.978463e+00 -1.420650e+01
      vertex   -1.466627e+01 5.976010e+00 -1.422315e+01
    endloop
  endfacet
  facet normal -4.871417e-01 6.598437e-01 5.721007e-01
    outer loop
      vertex   -1.476487e+01 5.709750e+00 -1.400001e+01
      vertex   -1.466627e+01 5.976010e+00 -1.422315e+01
      vertex   -1.478775e+01 5.707297e+00 -1.401666e+01
    endloop
  endfacet
  facet normal -3.206176e-01 6.640132e-01 6.754930e-01
    outer loop
      vertex   -1.478775e+01 5.707297e+00 -1.401666e+01
      vertex   -1.466627e+01 5.976010e+00 -1.422315e+01
      vertex   -1.472578e+01 5.978971e+00 -1.425431e+01
    endloop
  endfacet
  facet normal -3.206176e-01 6.640132e-01 6.754930e-01
    outer loop
      vertex   -1.478775e+01 5.707297e+00 -1.401666e+01
      vertex   -1.472578e+01 5.978971e+00 -1.425431e+01
      vertex   -1.484726e+01 5.710258e+00 -1.404782e+01
    endloop
  endfacet
  facet normal -1.559811e-01 6.452256e-01 7.478996e-01
    outer loop
      vertex   -1.484726e+01 5.710258e+00 -1.404782e+01
      vertex   -1.472578e+01 5.978971e+00 -1.425431e+01
      vertex   -1.480165e+01 5.992284e+00 -1.428161e+01
    endloop
  endfacet
  facet normal -1.559811e-01 6.452256e-01 7.478996e-01
    outer loop
      vertex   -1.484726e+01 5.710258e+00 -1.404782e+01
      vertex   -1.480165e+01 5.992284e+00 -1.428161e+01
      vertex   -1.492312e+01 5.723572e+00 -1.407513e+01
    endloop
  endfacet
  facet normal 1.265437e-02 6.056617e-01 7.956216e-01
    outer loop
      vertex   -1.492312e+01 5.723572e+00 -1.407513e+01
      vertex   -1.480165e+01 5.992284e+00 -1.428161e+01
      vertex   -1.499029e+01 6.047543e+00 -1.432068e+01
    endloop
  endfacet
  facet normal 1.265437e-02 6.056617e-01 7.956216e-01
    outer loop
      vertex   -1.492312e+01 5.723572e+00 -1.407513e+01
      vertex   -1.499029e+01 6.047543e+00 -1.432068e+01
      vertex   -1.511176e+01 5.778831e+00 -1.411419e+01
    endloop
  endfacet
  facet normal 1.693662e-01 5.512309e-01 8.169820e-01
    outer loop
      vertex   -1.511176e+01 5.778831e+00 -1.411419e+01
      vertex   -1.499029e+01 6.047543e+00 -1.432068e+01
      vertex   -1.520347e+01 6.133375e+00 -1.433440e+01
    endloop
  endfacet
  facet normal 1.693662e-01 5.512309e-01 8.169820e-01
    outer loop
      vertex   -1.511176e+01 5.778831e+00 -1.411419e+01
      vertex   -1.520347e+01 6.133375e+00 -1.433440e+01
      vertex   -1.532494e+01 5.864662e+00 -1.412791e+01
    endloop
  endfacet
  facet normal 3.019320e-01 4.913018e-01 8.169820e-01
    outer loop
      vertex   -1.532494e+01 5.864662e+00 -1.412791e+01
      vertex   -1.520347e+01 6.133375e+00 -1.433440e+01
      vertex   -1.540874e+01 6.236711e+00 -1.432068e+01
    endloop
  endfacet
  facet normal 3.019320e-01 4.913018e-01 8.169820e-01
    outer loop
      vertex   -1.532494e+01 5.864662e+00 -1.412791e+01
      vertex   -1.540874e+01 6.236711e+00 -1.432068e+01
      vertex   -1.553021e+01 5.967999e+00 -1.411419e+01
    endloop
  endfacet
  facet normal 4.463215e-01 4.096136e-01 7.956216e-01
    outer loop
      vertex   -1.553021e+01 5.967999e+00 -1.411419e+01
      vertex   -1.540874e+01 6.236711e+00 -1.432068e+01
      vertex   -1.557484e+01 6.341821e+00 -1.428161e+01
    endloop
  endfacet
  facet normal 4.463215e-01 4.096136e-01 7.956216e-01
    outer loop
      vertex   -1.553021e+01 5.967999e+00 -1.411419e+01
      vertex   -1.557484e+01 6.341821e+00 -1.428161e+01
      vertex   -1.569632e+01 6.073108e+00 -1.407513e+01
    endloop
  endfacet
  facet normal 5.874273e-01 3.091527e-01 7.478996e-01
    outer loop
      vertex   -1.569632e+01 6.073108e+00 -1.407513e+01
      vertex   -1.557484e+01 6.341821e+00 -1.428161e+01
      vertex   -1.563495e+01 6.389982e+00 -1.425431e+01
    endloop
  endfacet
  facet normal 5.874273e-01 3.091527e-01 7.478996e-01
    outer loop
      vertex   -1.569632e+01 6.073108e+00 -1.407513e+01
      vertex   -1.563495e+01 6.389982e+00 -1.425431e+01
      vertex   -1.575643e+01 6.121270e+00 -1.404782e+01
    endloop
  endfacet
  facet normal 7.102941e-01 1.979686e-01 6.754930e-01
    outer loop
      vertex   -1.575643e+01 6.121270e+00 -1.404782e+01
      vertex   -1.563495e+01 6.389982e+00 -1.425431e+01
      vertex   -1.567649e+01 6.432701e+00 -1.422315e+01
    endloop
  endfacet
  facet normal 7.102941e-01 1.979686e-01 6.754930e-01
    outer loop
      vertex   -1.575643e+01 6.121270e+00 -1.404782e+01
      vertex   -1.567649e+01 6.432701e+00 -1.422315e+01
      vertex   -1.579797e+01 6.163989e+00 -1.401666e+01
    endloop
  endfacet
  facet normal 8.171735e-01 7.020142e-02 5.721007e-01
    outer loop
      vertex   -1.579797e+01 6.163989e+00 -1.401666e+01
      vertex   -1.567649e+01 6.432701e+00 -1.422315e+01
      vertex   -1.568976e+01 6.451497e+00 -1.420650e+01
    endloop
  endfacet
  facet normal 8.171735e-01 7.020142e-02 5.721007e-01
    outer loop
      vertex   -1.579797e+01 6.163989e+00 -1.401666e+01
      vertex   -1.568976e+01 6.451497e+00 -1.420650e+01
      vertex   -1.581124e+01 6.182785e+00 -1.400001e+01
    endloop
  endfacet
  facet normal 8.856839e-01 -4.532019e-02 4.620715e-01
    outer loop
      vertex   -1.581124e+01 6.182785e+00 -1.400001e+01
      vertex   -1.568976e+01 6.451497e+00 -1.420650e+01
      vertex   -1.569785e+01 6.468336e+00 -1.418934e+01
    endloop
  endfacet
  facet normal 8.856839e-01 -4.532019e-02 4.620715e-01
    outer loop
      vertex   -1.581124e+01 6.182785e+00 -1.400001e+01
      vertex   -1.569785e+01 6.468336e+00 -1.418934e+01
      vertex   -1.581933e+01 6.199624e+00 -1.398286e+01
    endloop
  endfacet
  facet normal 9.333178e-01 -1.858600e-01 3.072034e-01
    outer loop
      vertex   -1.581933e+01 6.199624e+00 -1.398286e+01
      vertex   -1.569785e+01 6.468336e+00 -1.418934e+01
      vertex   -1.570068e+01 6.483057e+00 -1.417185e+01
    endloop
  endfacet
  facet normal 9.333178e-01 -1.858600e-01 3.072034e-01
    outer loop
      vertex   -1.581933e+01 6.199624e+00 -1.398286e+01
      vertex   -1.570068e+01 6.483057e+00 -1.417185e+01
      vertex   -1.582216e+01 6.214345e+00 -1.396536e+01
    endloop
  endfacet
  facet normal 9.399156e-01 -3.007624e-01 1.615567e-01
    outer loop
      vertex   -1.582216e+01 6.214345e+00 -1.396536e+01
      vertex   -1.570068e+01 6.483057e+00 -1.417185e+01
      vertex   -1.570011e+01 6.489578e+00 -1.416303e+01
    endloop
  endfacet
  facet normal 9.399156e-01 -3.007624e-01 1.615567e-01
    outer loop
      vertex   -1.582216e+01 6.214345e+00 -1.396536e+01
      vertex   -1.570011e+01 6.489578e+00 -1.416303e+01
      vertex   -1.582158e+01 6.220866e+00 -1.395654e+01
    endloop
  endfacet
  facet normal 9.249622e-01 -3.760991e-01 5.472037e-02
    outer loop
      vertex   -1.582158e+01 6.220866e+00 -1.395654e+01
      vertex   -1.570011e+01 6.489578e+00 -1.416303e+01
      vertex   -1.569822e+01 6.495518e+00 -1.415418e+01
    endloop
  endfacet
  facet normal 9.249622e-01 -3.760991e-01 5.472037e-02
    outer loop
      vertex   -1.582158e+01 6.220866e+00 -1.395654e+01
      vertex   -1.569822e+01 6.495518e+00 -1.415418e+01
      vertex   -1.581969e+01 6.226805e+00 -1.394770e+01
    endloop
  endfacet
  facet normal -8.391817e-01 -1.471396e-01 -5.235686e-01
    outer loop
      vertex   -4.609830e+01 1.982448e+01 -1.424378e+01
      vertex   -4.627700e+01 2.015747e+01 -1.405094e+01
      vertex   -4.607452e+01 1.987709e+01 -1.429669e+01
    endloop
  endfacet
  facet normal -9.205419e-01 -3.271120e-01 -2.135426e-01
    outer loop
      vertex   -4.612534e+01 1.976467e+01 -1.410304e+01
      vertex   -4.627700e+01 2.015747e+01 -1.405094e+01
      vertex   -4.611564e+01 1.978613e+01 -1.417773e+01
    endloop
  endfacet
  facet normal -9.271469e-01 -3.417226e-01 1.537020e-01
    outer loop
      vertex   -4.611976e+01 1.977701e+01 -1.394834e+01
      vertex   -4.627700e+01 2.015747e+01 -1.405094e+01
      vertex   -4.612674e+01 1.976156e+01 -1.402479e+01
    endloop
  endfacet
  facet normal -8.572270e-01 -1.870565e-01 4.797622e-01
    outer loop
      vertex   -4.608307e+01 1.985817e+01 -1.382113e+01
      vertex   -4.627700e+01 2.015747e+01 -1.405094e+01
      vertex   -4.610487e+01 1.980996e+01 -1.387887e+01
    endloop
  endfacet
  facet normal -7.295170e-01 9.544355e-02 6.772706e-01
    outer loop
      vertex   -4.602509e+01 1.998642e+01 -1.375550e+01
      vertex   -4.627700e+01 2.015747e+01 -1.405094e+01
      vertex   -4.605586e+01 1.991836e+01 -1.377905e+01
    endloop
  endfacet
  facet normal -5.782369e-01 4.300820e-01 6.933048e-01
    outer loop
      vertex   -4.596137e+01 2.012738e+01 -1.376903e+01
      vertex   -4.627700e+01 2.015747e+01 -1.405094e+01
      vertex   -4.599286e+01 2.005771e+01 -1.375208e+01
    endloop
  endfacet
  facet normal -4.439219e-01 7.271927e-01 5.235686e-01
    outer loop
      vertex   -4.590897e+01 2.024330e+01 -1.385810e+01
      vertex   -4.627700e+01 2.015747e+01 -1.405094e+01
      vertex   -4.593275e+01 2.019068e+01 -1.380520e+01
    endloop
  endfacet
  facet normal -3.625617e-01 9.071651e-01 2.135426e-01
    outer loop
      vertex   -4.588193e+01 2.030310e+01 -1.399885e+01
      vertex   -4.627700e+01 2.015747e+01 -1.405094e+01
      vertex   -4.589163e+01 2.028164e+01 -1.392416e+01
    endloop
  endfacet
  facet normal -3.559567e-01 9.217757e-01 -1.537020e-01
    outer loop
      vertex   -4.588751e+01 2.029076e+01 -1.415355e+01
      vertex   -4.627700e+01 2.015747e+01 -1.405094e+01
      vertex   -4.588053e+01 2.030621e+01 -1.407709e+01
    endloop
  endfacet
  facet normal -4.258766e-01 7.671097e-01 -4.797622e-01
    outer loop
      vertex   -4.592420e+01 2.020960e+01 -1.428075e+01
      vertex   -4.627700e+01 2.015747e+01 -1.405094e+01
      vertex   -4.590240e+01 2.025781e+01 -1.422301e+01
    endloop
  endfacet
  facet normal -5.535866e-01 4.846096e-01 -6.772706e-01
    outer loop
      vertex   -4.598218e+01 2.008136e+01 -1.434638e+01
      vertex   -4.627700e+01 2.015747e+01 -1.405094e+01
      vertex   -4.595141e+01 2.014941e+01 -1.432283e+01
    endloop
  endfacet
  facet normal -7.048667e-01 1.499712e-01 -6.933048e-01
    outer loop
      vertex   -4.604590e+01 1.994039e+01 -1.433285e+01
      vertex   -4.627700e+01 2.015747e+01 -1.405094e+01
      vertex   -4.601441e+01 2.001006e+01 -1.434980e+01
    endloop
  endfacet
  facet normal -7.766268e-01 -8.765283e-03 -6.299000e-01
    outer loop
      vertex   -4.607452e+01 1.987709e+01 -1.429669e+01
      vertex   -4.627700e+01 2.015747e+01 -1.405094e+01
      vertex   -4.604590e+01 1.994039e+01 -1.433285e+01
    endloop
  endfacet
  facet normal -3.493010e-01 9.364984e-01 3.097578e-02
    outer loop
      vertex   -4.588053e+01 2.030621e+01 -1.407709e+01
      vertex   -4.627700e+01 2.015747e+01 -1.405094e+01
      vertex   -4.588193e+01 2.030310e+01 -1.399885e+01
    endloop
  endfacet
  facet normal -7.987276e-01 -5.765340e-02 5.989242e-01
    outer loop
      vertex   -4.605586e+01 1.991836e+01 -1.377905e+01
      vertex   -4.627700e+01 2.015747e+01 -1.405094e+01
      vertex   -4.608307e+01 1.985817e+01 -1.382113e+01
    endloop
  endfacet
  facet normal -6.287919e-01 3.182521e-01 -7.094620e-01
    outer loop
      vertex   -4.601441e+01 2.001006e+01 -1.434980e+01
      vertex   -4.627700e+01 2.015747e+01 -1.405094e+01
      vertex   -4.598218e+01 2.008136e+01 -1.434638e+01
    endloop
  endfacet
  facet normal -4.843760e-01 6.377066e-01 -5.989242e-01
    outer loop
      vertex   -4.595141e+01 2.014941e+01 -1.432283e+01
      vertex   -4.627700e+01 2.015747e+01 -1.405094e+01
      vertex   -4.592420e+01 2.020960e+01 -1.428075e+01
    endloop
  endfacet
  facet normal -3.820752e-01 8.640004e-01 -3.279052e-01
    outer loop
      vertex   -4.590240e+01 2.025781e+01 -1.422301e+01
      vertex   -4.627700e+01 2.015747e+01 -1.405094e+01
      vertex   -4.588751e+01 2.029076e+01 -1.415355e+01
    endloop
  endfacet
  facet normal -3.948352e-01 8.357748e-01 3.815568e-01
    outer loop
      vertex   -4.589163e+01 2.028164e+01 -1.392416e+01
      vertex   -4.627700e+01 2.015747e+01 -1.405094e+01
      vertex   -4.590897e+01 2.024330e+01 -1.385810e+01
    endloop
  endfacet
  facet normal -5.064768e-01 5.888184e-01 6.299000e-01
    outer loop
      vertex   -4.593275e+01 2.019068e+01 -1.380520e+01
      vertex   -4.627700e+01 2.015747e+01 -1.405094e+01
      vertex   -4.596137e+01 2.012738e+01 -1.376903e+01
    endloop
  endfacet
  facet normal -6.543117e-01 2.618010e-01 7.094620e-01
    outer loop
      vertex   -4.599286e+01 2.005771e+01 -1.375208e+01
      vertex   -4.627700e+01 2.015747e+01 -1.405094e+01
      vertex   -4.602509e+01 1.998642e+01 -1.375550e+01
    endloop
  endfacet
  facet normal -9.010284e-01 -2.839472e-01 3.279052e-01
    outer loop
      vertex   -4.610487e+01 1.980996e+01 -1.387887e+01
      vertex   -4.627700e+01 2.015747e+01 -1.405094e+01
      vertex   -4.611976e+01 1.977701e+01 -1.394834e+01
    endloop
  endfacet
  facet normal -9.338026e-01 -3.564453e-01 -3.097578e-02
    outer loop
      vertex   -4.612674e+01 1.976156e+01 -1.402479e+01
      vertex   -4.627700e+01 2.015747e+01 -1.405094e+01
      vertex   -4.612534e+01 1.976467e+01 -1.410304e+01
    endloop
  endfacet
  facet normal -8.882684e-01 -2.557217e-01 -3.815568e-01
    outer loop
      vertex   -4.611564e+01 1.978613e+01 -1.417773e+01
      vertex   -4.627700e+01 2.015747e+01 -1.405094e+01
      vertex   -4.609830e+01 1.982448e+01 -1.424378e+01
    endloop
  endfacet
  facet normal -2.782979e-01 -6.156074e-01 -7.372773e-01
    outer loop
      vertex   -1.630160e+01 6.354270e+00 -1.424378e+01
      vertex   -1.779143e+01 7.027780e+00 -1.424378e+01
      vertex   -1.627781e+01 6.406883e+00 -1.429669e+01
    endloop
  endfacet
  facet normal -2.782979e-01 -6.156074e-01 -7.372773e-01
    outer loop
      vertex   -1.627781e+01 6.406883e+00 -1.429669e+01
      vertex   -1.779143e+01 7.027780e+00 -1.424378e+01
      vertex   -1.776765e+01 7.080394e+00 -1.429669e+01
    endloop
  endfacet
  facet normal -1.902095e-01 -4.207519e-01 -8.870108e-01
    outer loop
      vertex   -1.627781e+01 6.406883e+00 -1.429669e+01
      vertex   -1.776765e+01 7.080394e+00 -1.429669e+01
      vertex   -1.624920e+01 6.470183e+00 -1.433285e+01
    endloop
  endfacet
  facet normal -1.902095e-01 -4.207519e-01 -8.870108e-01
    outer loop
      vertex   -1.624920e+01 6.470183e+00 -1.433285e+01
      vertex   -1.776765e+01 7.080394e+00 -1.429669e+01
      vertex   -1.773903e+01 7.143693e+00 -1.433285e+01
    endloop
  endfacet
  facet normal -8.915861e-02 -1.972228e-01 -9.762960e-01
    outer loop
      vertex   -1.624920e+01 6.470183e+00 -1.433285e+01
      vertex   -1.773903e+01 7.143693e+00 -1.433285e+01
      vertex   -1.621770e+01 6.539853e+00 -1.434980e+01
    endloop
  endfacet
  facet normal -8.915861e-02 -1.972228e-01 -9.762960e-01
    outer loop
      vertex   -1.621770e+01 6.539853e+00 -1.434980e+01
      vertex   -1.773903e+01 7.143693e+00 -1.433285e+01
      vertex   -1.770754e+01 7.213364e+00 -1.434980e+01
    endloop
  endfacet
  facet normal 1.796826e-02 3.974660e-02 -9.990482e-01
    outer loop
      vertex   -1.621770e+01 6.539853e+00 -1.434980e+01
      vertex   -1.770754e+01 7.213364e+00 -1.434980e+01
      vertex   -1.618547e+01 6.611148e+00 -1.434638e+01
    endloop
  endfacet
  facet normal 1.796826e-02 3.974660e-02 -9.990482e-01
    outer loop
      vertex   -1.618547e+01 6.611148e+00 -1.434638e+01
      vertex   -1.770754e+01 7.213364e+00 -1.434980e+01
      vertex   -1.767531e+01 7.284658e+00 -1.434638e+01
    endloop
  endfacet
  facet normal 1.238706e-01 2.740074e-01 -9.537170e-01
    outer loop
      vertex   -1.618547e+01 6.611148e+00 -1.434638e+01
      vertex   -1.767531e+01 7.284658e+00 -1.434638e+01
      vertex   -1.615470e+01 6.679207e+00 -1.432283e+01
    endloop
  endfacet
  facet normal 1.238706e-01 2.740074e-01 -9.537170e-01
    outer loop
      vertex   -1.615470e+01 6.679207e+00 -1.432283e+01
      vertex   -1.767531e+01 7.284658e+00 -1.434638e+01
      vertex   -1.764454e+01 7.352718e+00 -1.432283e+01
    endloop
  endfacet
  facet normal 2.213314e-01 4.895950e-01 -8.433914e-01
    outer loop
      vertex   -1.615470e+01 6.679207e+00 -1.432283e+01
      vertex   -1.764454e+01 7.352718e+00 -1.432283e+01
      vertex   -1.612750e+01 6.739394e+00 -1.428075e+01
    endloop
  endfacet
  facet normal 2.213314e-01 4.895950e-01 -8.433914e-01
    outer loop
      vertex   -1.612750e+01 6.739394e+00 -1.428075e+01
      vertex   -1.764454e+01 7.352718e+00 -1.432283e+01
      vertex   -1.761733e+01 7.412904e+00 -1.428075e+01
    endloop
  endfacet
  facet normal 3.037088e-01 6.718175e-01 -6.755902e-01
    outer loop
      vertex   -1.612750e+01 6.739394e+00 -1.428075e+01
      vertex   -1.761733e+01 7.412904e+00 -1.428075e+01
      vertex   -1.610570e+01 6.787606e+00 -1.422301e+01
    endloop
  endfacet
  facet normal 3.037088e-01 6.718175e-01 -6.755902e-01
    outer loop
      vertex   -1.610570e+01 6.787606e+00 -1.422301e+01
      vertex   -1.761733e+01 7.412904e+00 -1.428075e+01
      vertex   -1.759554e+01 7.461116e+00 -1.422301e+01
    endloop
  endfacet
  facet normal 3.653890e-01 8.082568e-01 -4.617486e-01
    outer loop
      vertex   -1.610570e+01 6.787606e+00 -1.422301e+01
      vertex   -1.759554e+01 7.461116e+00 -1.422301e+01
      vertex   -1.609080e+01 6.820557e+00 -1.415355e+01
    endloop
  endfacet
  facet normal 3.653890e-01 8.082568e-01 -4.617486e-01
    outer loop
      vertex   -1.609080e+01 6.820557e+00 -1.415355e+01
      vertex   -1.759554e+01 7.461116e+00 -1.422301e+01
      vertex   -1.758064e+01 7.494067e+00 -1.415355e+01
    endloop
  endfacet
  facet normal 4.021685e-01 8.896147e-01 -2.164396e-01
    outer loop
      vertex   -1.609080e+01 6.820557e+00 -1.415355e+01
      vertex   -1.758064e+01 7.494067e+00 -1.415355e+01
      vertex   -1.608382e+01 6.836003e+00 -1.407709e+01
    endloop
  endfacet
  facet normal 4.021685e-01 8.896147e-01 -2.164396e-01
    outer loop
      vertex   -1.608382e+01 6.836003e+00 -1.407709e+01
      vertex   -1.758064e+01 7.494067e+00 -1.415355e+01
      vertex   -1.757366e+01 7.509513e+00 -1.407709e+01
    endloop
  endfacet
  facet normal 4.115409e-01 9.103469e-01 4.361939e-02
    outer loop
      vertex   -1.608382e+01 6.836003e+00 -1.407709e+01
      vertex   -1.757366e+01 7.509513e+00 -1.407709e+01
      vertex   -1.608523e+01 6.832890e+00 -1.399885e+01
    endloop
  endfacet
  facet normal 4.115409e-01 9.103469e-01 4.361939e-02
    outer loop
      vertex   -1.608523e+01 6.832890e+00 -1.399885e+01
      vertex   -1.757366e+01 7.509513e+00 -1.407709e+01
      vertex   -1.757506e+01 7.506400e+00 -1.399885e+01
    endloop
  endfacet
  facet normal 3.928674e-01 8.690404e-01 3.007058e-01
    outer loop
      vertex   -1.608523e+01 6.832890e+00 -1.399885e+01
      vertex   -1.757506e+01 7.506400e+00 -1.399885e+01
      vertex   -1.609493e+01 6.811431e+00 -1.392416e+01
    endloop
  endfacet
  facet normal 3.928674e-01 8.690404e-01 3.007058e-01
    outer loop
      vertex   -1.609493e+01 6.811431e+00 -1.392416e+01
      vertex   -1.757506e+01 7.506400e+00 -1.399885e+01
      vertex   -1.758477e+01 7.484941e+00 -1.392416e+01
    endloop
  endfacet
  facet normal 3.474207e-01 7.685102e-01 5.372996e-01
    outer loop
      vertex   -1.609493e+01 6.811431e+00 -1.392416e+01
      vertex   -1.758477e+01 7.484941e+00 -1.392416e+01
      vertex   -1.611226e+01 6.773088e+00 -1.385810e+01
    endloop
  endfacet
  facet normal 3.474207e-01 7.685102e-01 5.372996e-01
    outer loop
      vertex   -1.611226e+01 6.773088e+00 -1.385810e+01
      vertex   -1.758477e+01 7.484941e+00 -1.392416e+01
      vertex   -1.760210e+01 7.446598e+00 -1.385810e+01
    endloop
  endfacet
  facet normal 2.782979e-01 6.156074e-01 7.372773e-01
    outer loop
      vertex   -1.611226e+01 6.773088e+00 -1.385810e+01
      vertex   -1.760210e+01 7.446598e+00 -1.385810e+01
      vertex   -1.613605e+01 6.720474e+00 -1.380520e+01
    endloop
  endfacet
  facet normal 2.782979e-01 6.156074e-01 7.372773e-01
    outer loop
      vertex   -1.613605e+01 6.720474e+00 -1.380520e+01
      vertex   -1.760210e+01 7.446598e+00 -1.385810e+01
      vertex   -1.762588e+01 7.393984e+00 -1.380520e+01
    endloop
  endfacet
  facet normal 1.902095e-01 4.207519e-01 8.870108e-01
    outer loop
      vertex   -1.613605e+01 6.720474e+00 -1.380520e+01
      vertex   -1.762588e+01 7.393984e+00 -1.380520e+01
      vertex   -1.616467e+01 6.657175e+00 -1.376903e+01
    endloop
  endfacet
  facet normal 1.902095e-01 4.207519e-01 8.870108e-01
    outer loop
      vertex   -1.616467e+01 6.657175e+00 -1.376903e+01
      vertex   -1.762588e+01 7.393984e+00 -1.380520e+01
      vertex   -1.765450e+01 7.330685e+00 -1.376903e+01
    endloop
  endfacet
  facet normal 8.915861e-02 1.972228e-01 9.762960e-01
    outer loop
      vertex   -1.616467e+01 6.657175e+00 -1.376903e+01
      vertex   -1.765450e+01 7.330685e+00 -1.376903e+01
      vertex   -1.619616e+01 6.587504e+00 -1.375208e+01
    endloop
  endfacet
  facet normal 8.915861e-02 1.972228e-01 9.762960e-01
    outer loop
      vertex   -1.619616e+01 6.587504e+00 -1.375208e+01
      vertex   -1.765450e+01 7.330685e+00 -1.376903e+01
      vertex   -1.768600e+01 7.261014e+00 -1.375208e+01
    endloop
  endfacet
  facet normal -1.796826e-02 -3.974660e-02 9.990482e-01
    outer loop
      vertex   -1.619616e+01 6.587504e+00 -1.375208e+01
      vertex   -1.768600e+01 7.261014e+00 -1.375208e+01
      vertex   -1.622839e+01 6.516210e+00 -1.375550e+01
    endloop
  endfacet
  facet normal -1.796826e-02 -3.974660e-02 9.990482e-01
    outer loop
      vertex   -1.622839e+01 6.516210e+00 -1.375550e+01
      vertex   -1.768600e+01 7.261014e+00 -1.375208e+01
      vertex   -1.771823e+01 7.189720e+00 -1.375550e+01
    endloop
  endfacet
  facet normal -1.238706e-01 -2.740074e-01 9.537170e-01
    outer loop
      vertex   -1.622839e+01 6.516210e+00 -1.375550e+01
      vertex   -1.771823e+01 7.189720e+00 -1.375550e+01
      vertex   -1.625916e+01 6.448150e+00 -1.377905e+01
    endloop
  endfacet
  facet normal -1.238706e-01 -2.740074e-01 9.537170e-01
    outer loop
      vertex   -1.625916e+01 6.448150e+00 -1.377905e+01
      vertex   -1.771823e+01 7.189720e+00 -1.375550e+01
      vertex   -1.774899e+01 7.121660e+00 -1.377905e+01
    endloop
  endfacet
  facet normal -2.213314e-01 -4.895950e-01 8.433914e-01
    outer loop
      vertex   -1.625916e+01 6.448150e+00 -1.377905e+01
      vertex   -1.774899e+01 7.121660e+00 -1.377905e+01
      vertex   -1.628637e+01 6.387964e+00 -1.382113e+01
    endloop
  endfacet
  facet normal -2.213314e-01 -4.895950e-01 8.433914e-01
    outer loop
      vertex   -1.628637e+01 6.387964e+00 -1.382113e+01
      vertex   -1.774899e+01 7.121660e+00 -1.377905e+01
      vertex   -1.777620e+01 7.061474e+00 -1.382113e+01
    endloop
  endfacet
  facet normal -3.037088e-01 -6.718175e-01 6.755902e-01
    outer loop
      vertex   -1.628637e+01 6.387964e+00 -1.382113e+01
      vertex   -1.777620e+01 7.061474e+00 -1.382113e+01
      vertex   -1.630816e+01 6.339752e+00 -1.387887e+01
    endloop
  endfacet
  facet normal -3.037088e-01 -6.718175e-01 6.755902e-01
    outer loop
      vertex   -1.630816e+01 6.339752e+00 -1.387887e+01
      vertex   -1.777620e+01 7.061474e+00 -1.382113e+01
      vertex   -1.779800e+01 7.013262e+00 -1.387887e+01
    endloop
  endfacet
  facet normal -3.653890e-01 -8.082568e-01 4.617486e-01
    outer loop
      vertex   -1.630816e+01 6.339752e+00 -1.387887e+01
      vertex   -1.779800e+01 7.013262e+00 -1.387887e+01
      vertex   -1.632306e+01 6.306800e+00 -1.394834e+01
    endloop
  endfacet
  facet normal -3.653890e-01 -8.082568e-01 4.617486e-01
    outer loop
      vertex   -1.632306e+01 6.306800e+00 -1.394834e+01
      vertex   -1.779800e+01 7.013262e+00 -1.387887e+01
      vertex   -1.781289e+01 6.980311e+00 -1.394834e+01
    endloop
  endfacet
  facet normal -4.021685e-01 -8.896147e-01 2.164396e-01
    outer loop
      vertex   -1.632306e+01 6.306800e+00 -1.394834e+01
      vertex   -1.781289e+01 6.980311e+00 -1.394834e+01
      vertex   -1.633004e+01 6.291355e+00 -1.402479e+01
    endloop
  endfacet
  facet normal -4.021685e-01 -8.896147e-01 2.164396e-01
    outer loop
      vertex   -1.633004e+01 6.291355e+00 -1.402479e+01
      vertex   -1.781289e+01 6.980311e+00 -1.394834e+01
      vertex   -1.781988e+01 6.964865e+00 -1.402479e+01
    endloop
  endfacet
  facet normal -4.115409e-01 -9.103469e-01 -4.361939e-02
    outer loop
      vertex   -1.633004e+01 6.291355e+00 -1.402479e+01
      vertex   -1.781988e+01 6.964865e+00 -1.402479e+01
      vertex   -1.632863e+01 6.294468e+00 -1.410304e+01
    endloop
  endfacet
  facet normal -4.115409e-01 -9.103469e-01 -4.361939e-02
    outer loop
      vertex   -1.632863e+01 6.294468e+00 -1.410304e+01
      vertex   -1.781988e+01 6.964865e+00 -1.402479e+01
      vertex   -1.781847e+01 6.967978e+00 -1.410304e+01
    endloop
  endfacet
  facet normal -3.928674e-01 -8.690404e-01 -3.007058e-01
    outer loop
      vertex   -1.632863e+01 6.294468e+00 -1.410304e+01
      vertex   -1.781847e+01 6.967978e+00 -1.410304e+01
      vertex   -1.631893e+01 6.315927e+00 -1.417773e+01
    endloop
  endfacet
  facet normal -3.928674e-01 -8.690404e-01 -3.007058e-01
    outer loop
      vertex   -1.631893e+01 6.315927e+00 -1.417773e+01
      vertex   -1.781847e+01 6.967978e+00 -1.410304e+01
      vertex   -1.780877e+01 6.989437e+00 -1.417773e+01
    endloop
  endfacet
  facet normal -3.474207e-01 -7.685102e-01 -5.372996e-01
    outer loop
      vertex   -1.631893e+01 6.315927e+00 -1.417773e+01
      vertex   -1.780877e+01 6.989437e+00 -1.417773e+01
      vertex   -1.630160e+01 6.354270e+00 -1.424378e+01
    endloop
  endfacet
  facet normal -3.474207e-01 -7.685102e-01 -5.372996e-01
    outer loop
      vertex   -1.630160e+01 6.354270e+00 -1.424378e+01
      vertex   -1.780877e+01 6.989437e+00 -1.417773e+01
      vertex   -1.779143e+01 7.027780e+00 -1.424378e+01
    endloop
  endfacet
  facet normal -1.902095e-01 -4.207519e-01 -8.870108e-01
    outer loop
      vertex   -4.604590e+01 1.994039e+01 -1.433285e+01
      vertex   -4.455607e+01 1.926688e+01 -1.433285e+01
      vertex   -4.607452e+01 1.987709e+01 -1.429669e+01
    endloop
  endfacet
  facet normal -1.902095e-01 -4.207519e-01 -8.870108e-01
    outer loop
      vertex   -4.607452e+01 1.987709e+01 -1.429669e+01
      vertex   -4.455607e+01 1.926688e+01 -1.433285e+01
      vertex   -4.458468e+01 1.920358e+01 -1.429669e+01
    endloop
  endfacet
  facet normal -2.782979e-01 -6.156074e-01 -7.372773e-01
    outer loop
      vertex   -4.607452e+01 1.987709e+01 -1.429669e+01
      vertex   -4.458468e+01 1.920358e+01 -1.429669e+01
      vertex   -4.609830e+01 1.982448e+01 -1.424378e+01
    endloop
  endfacet
  facet normal -2.782979e-01 -6.156074e-01 -7.372773e-01
    outer loop
      vertex   -4.609830e+01 1.982448e+01 -1.424378e+01
      vertex   -4.458468e+01 1.920358e+01 -1.429669e+01
      vertex   -4.460847e+01 1.915097e+01 -1.424378e+01
    endloop
  endfacet
  facet normal -3.474207e-01 -7.685102e-01 -5.372996e-01
    outer loop
      vertex   -4.609830e+01 1.982448e+01 -1.424378e+01
      vertex   -4.460847e+01 1.915097e+01 -1.424378e+01
      vertex   -4.611564e+01 1.978613e+01 -1.417773e+01
    endloop
  endfacet
  facet normal -3.474207e-01 -7.685102e-01 -5.372996e-01
    outer loop
      vertex   -4.611564e+01 1.978613e+01 -1.417773e+01
      vertex   -4.460847e+01 1.915097e+01 -1.424378e+01
      vertex   -4.462580e+01 1.911262e+01 -1.417773e+01
    endloop
  endfacet
  facet normal -3.928674e-01 -8.690404e-01 -3.007058e-01
    outer loop
      vertex   -4.611564e+01 1.978613e+01 -1.417773e+01
      vertex   -4.462580e+01 1.911262e+01 -1.417773e+01
      vertex   -4.612534e+01 1.976467e+01 -1.410304e+01
    endloop
  endfacet
  facet normal -3.928674e-01 -8.690404e-01 -3.007058e-01
    outer loop
      vertex   -4.612534e+01 1.976467e+01 -1.410304e+01
      vertex   -4.462580e+01 1.911262e+01 -1.417773e+01
      vertex   -4.463550e+01 1.909116e+01 -1.410304e+01
    endloop
  endfacet
  facet normal -4.115409e-01 -9.103469e-01 -4.361939e-02
    outer loop
      vertex   -4.612534e+01 1.976467e+01 -1.410304e+01
      vertex   -4.463550e+01 1.909116e+01 -1.410304e+01
      vertex   -4.612674e+01 1.976156e+01 -1.402479e+01
    endloop
  endfacet
  facet normal -4.115409e-01 -9.103469e-01 -4.361939e-02
    outer loop
      vertex   -4.612674e+01 1.976156e+01 -1.402479e+01
      vertex   -4.463550e+01 1.909116e+01 -1.410304e+01
      vertex   -4.463691e+01 1.908805e+01 -1.402479e+01
    endloop
  endfacet
  facet normal -4.021685e-01 -8.896147e-01 2.164396e-01
    outer loop
      vertex   -4.612674e+01 1.976156e+01 -1.402479e+01
      vertex   -4.463691e+01 1.908805e+01 -1.402479e+01
      vertex   -4.611976e+01 1.977701e+01 -1.394834e+01
    endloop
  endfacet
  facet normal -4.021685e-01 -8.896147e-01 2.164396e-01
    outer loop
      vertex   -4.611976e+01 1.977701e+01 -1.394834e+01
      vertex   -4.463691e+01 1.908805e+01 -1.402479e+01
      vertex   -4.462993e+01 1.910350e+01 -1.394834e+01
    endloop
  endfacet
  facet normal -3.653890e-01 -8.082568e-01 4.617486e-01
    outer loop
      vertex   -4.611976e+01 1.977701e+01 -1.394834e+01
      vertex   -4.462993e+01 1.910350e+01 -1.394834e+01
      vertex   -4.610487e+01 1.980996e+01 -1.387887e+01
    endloop
  endfacet
  facet normal -3.653890e-01 -8.082568e-01 4.617486e-01
    outer loop
      vertex   -4.610487e+01 1.980996e+01 -1.387887e+01
      vertex   -4.462993e+01 1.910350e+01 -1.394834e+01
      vertex   -4.461503e+01 1.913645e+01 -1.387887e+01
    endloop
  endfacet
  facet normal -3.037088e-01 -6.718175e-01 6.755902e-01
    outer loop
      vertex   -4.610487e+01 1.980996e+01 -1.387887e+01
      vertex   -4.461503e+01 1.913645e+01 -1.387887e+01
      vertex   -4.608307e+01 1.985817e+01 -1.382113e+01
    endloop
  endfacet
  facet normal -3.037088e-01 -6.718175e-01 6.755902e-01
    outer loop
      vertex   -4.608307e+01 1.985817e+01 -1.382113e+01
      vertex   -4.461503e+01 1.913645e+01 -1.387887e+01
      vertex   -4.459324e+01 1.918466e+01 -1.382113e+01
    endloop
  endfacet
  facet normal -2.213314e-01 -4.895950e-01 8.433914e-01
    outer loop
      vertex   -4.608307e+01 1.985817e+01 -1.382113e+01
      vertex   -4.459324e+01 1.918466e+01 -1.382113e+01
      vertex   -4.605586e+01 1.991836e+01 -1.377905e+01
    endloop
  endfacet
  facet normal -2.213314e-01 -4.895950e-01 8.433914e-01
    outer loop
      vertex   -4.605586e+01 1.991836e+01 -1.377905e+01
      vertex   -4.459324e+01 1.918466e+01 -1.382113e+01
      vertex   -4.456603e+01 1.924485e+01 -1.377905e+01
    endloop
  endfacet
  facet normal -1.238706e-01 -2.740074e-01 9.537170e-01
    outer loop
      vertex   -4.605586e+01 1.991836e+01 -1.377905e+01
      vertex   -4.456603e+01 1.924485e+01 -1.377905e+01
      vertex   -4.602509e+01 1.998642e+01 -1.375550e+01
    endloop
  endfacet
  facet normal -1.238706e-01 -2.740074e-01 9.537170e-01
    outer loop
      vertex   -4.602509e+01 1.998642e+01 -1.375550e+01
      vertex   -4.456603e+01 1.924485e+01 -1.377905e+01
      vertex   -4.453526e+01 1.931291e+01 -1.375550e+01
    endloop
  endfacet
  facet normal -1.796826e-02 -3.974660e-02 9.990482e-01
    outer loop
      vertex   -4.602509e+01 1.998642e+01 -1.375550e+01
      vertex   -4.453526e+01 1.931291e+01 -1.375550e+01
      vertex   -4.599286e+01 2.005771e+01 -1.375208e+01
    endloop
  endfacet
  facet normal -1.796826e-02 -3.974660e-02 9.990482e-01
    outer loop
      vertex   -4.599286e+01 2.005771e+01 -1.375208e+01
      vertex   -4.453526e+01 1.931291e+01 -1.375550e+01
      vertex   -4.450303e+01 1.938420e+01 -1.375208e+01
    endloop
  endfacet
  facet normal 8.915861e-02 1.972228e-01 9.762960e-01
    outer loop
      vertex   -4.599286e+01 2.005771e+01 -1.375208e+01
      vertex   -4.450303e+01 1.938420e+01 -1.375208e+01
      vertex   -4.596137e+01 2.012738e+01 -1.376903e+01
    endloop
  endfacet
  facet normal 8.915861e-02 1.972228e-01 9.762960e-01
    outer loop
      vertex   -4.596137e+01 2.012738e+01 -1.376903e+01
      vertex   -4.450303e+01 1.938420e+01 -1.375208e+01
      vertex   -4.447153e+01 1.945387e+01 -1.376903e+01
    endloop
  endfacet
  facet normal 1.902095e-01 4.207519e-01 8.870108e-01
    outer loop
      vertex   -4.596137e+01 2.012738e+01 -1.376903e+01
      vertex   -4.447153e+01 1.945387e+01 -1.376903e+01
      vertex   -4.593275e+01 2.019068e+01 -1.380520e+01
    endloop
  endfacet
  facet normal 1.902095e-01 4.207519e-01 8.870108e-01
    outer loop
      vertex   -4.593275e+01 2.019068e+01 -1.380520e+01
      vertex   -4.447153e+01 1.945387e+01 -1.376903e+01
      vertex   -4.444292e+01 1.951717e+01 -1.380520e+01
    endloop
  endfacet
  facet normal 2.782979e-01 6.156074e-01 7.372773e-01
    outer loop
      vertex   -4.593275e+01 2.019068e+01 -1.380520e+01
      vertex   -4.444292e+01 1.951717e+01 -1.380520e+01
      vertex   -4.590897e+01 2.024330e+01 -1.385810e+01
    endloop
  endfacet
  facet normal 2.782979e-01 6.156074e-01 7.372773e-01
    outer loop
      vertex   -4.590897e+01 2.024330e+01 -1.385810e+01
      vertex   -4.444292e+01 1.951717e+01 -1.380520e+01
      vertex   -4.441913e+01 1.956978e+01 -1.385810e+01
    endloop
  endfacet
  facet normal 3.474207e-01 7.685102e-01 5.372996e-01
    outer loop
      vertex   -4.590897e+01 2.024330e+01 -1.385810e+01
      vertex   -4.441913e+01 1.956978e+01 -1.385810e+01
      vertex   -4.589163e+01 2.028164e+01 -1.392416e+01
    endloop
  endfacet
  facet normal 3.474207e-01 7.685102e-01 5.372996e-01
    outer loop
      vertex   -4.589163e+01 2.028164e+01 -1.392416e+01
      vertex   -4.441913e+01 1.956978e+01 -1.385810e+01
      vertex   -4.440180e+01 1.960813e+01 -1.392416e+01
    endloop
  endfacet
  facet normal 3.928674e-01 8.690404e-01 3.007058e-01
    outer loop
      vertex   -4.589163e+01 2.028164e+01 -1.392416e+01
      vertex   -4.440180e+01 1.960813e+01 -1.392416e+01
      vertex   -4.588193e+01 2.030310e+01 -1.399885e+01
    endloop
  endfacet
  facet normal 3.928674e-01 8.690404e-01 3.007058e-01
    outer loop
      vertex   -4.588193e+01 2.030310e+01 -1.399885e+01
      vertex   -4.440180e+01 1.960813e+01 -1.392416e+01
      vertex   -4.439210e+01 1.962959e+01 -1.399885e+01
    endloop
  endfacet
  facet normal 4.115409e-01 9.103469e-01 4.361939e-02
    outer loop
      vertex   -4.588193e+01 2.030310e+01 -1.399885e+01
      vertex   -4.439210e+01 1.962959e+01 -1.399885e+01
      vertex   -4.588053e+01 2.030621e+01 -1.407709e+01
    endloop
  endfacet
  facet normal 4.115409e-01 9.103469e-01 4.361939e-02
    outer loop
      vertex   -4.588053e+01 2.030621e+01 -1.407709e+01
      vertex   -4.439210e+01 1.962959e+01 -1.399885e+01
      vertex   -4.439069e+01 1.963270e+01 -1.407709e+01
    endloop
  endfacet
  facet normal 4.021685e-01 8.896147e-01 -2.164396e-01
    outer loop
      vertex   -4.588053e+01 2.030621e+01 -1.407709e+01
      vertex   -4.439069e+01 1.963270e+01 -1.407709e+01
      vertex   -4.588751e+01 2.029076e+01 -1.415355e+01
    endloop
  endfacet
  facet normal 4.021685e-01 8.896147e-01 -2.164396e-01
    outer loop
      vertex   -4.588751e+01 2.029076e+01 -1.415355e+01
      vertex   -4.439069e+01 1.963270e+01 -1.407709e+01
      vertex   -4.439767e+01 1.961725e+01 -1.415355e+01
    endloop
  endfacet
  facet normal 3.653890e-01 8.082568e-01 -4.617486e-01
    outer loop
      vertex   -4.588751e+01 2.029076e+01 -1.415355e+01
      vertex   -4.439767e+01 1.961725e+01 -1.415355e+01
      vertex   -4.590240e+01 2.025781e+01 -1.422301e+01
    endloop
  endfacet
  facet normal 3.653890e-01 8.082568e-01 -4.617486e-01
    outer loop
      vertex   -4.590240e+01 2.025781e+01 -1.422301e+01
      vertex   -4.439767e+01 1.961725e+01 -1.415355e+01
      vertex   -4.441257e+01 1.958430e+01 -1.422301e+01
    endloop
  endfacet
  facet normal 3.037088e-01 6.718175e-01 -6.755902e-01
    outer loop
      vertex   -4.590240e+01 2.025781e+01 -1.422301e+01
      vertex   -4.441257e+01 1.958430e+01 -1.422301e+01
      vertex   -4.592420e+01 2.020960e+01 -1.428075e+01
    endloop
  endfacet
  facet normal 3.037088e-01 6.718175e-01 -6.755902e-01
    outer loop
      vertex   -4.592420e+01 2.020960e+01 -1.428075e+01
      vertex   -4.441257e+01 1.958430e+01 -1.422301e+01
      vertex   -4.443436e+01 1.953609e+01 -1.428075e+01
    endloop
  endfacet
  facet normal 2.213314e-01 4.895950e-01 -8.433914e-01
    outer loop
      vertex   -4.592420e+01 2.020960e+01 -1.428075e+01
      vertex   -4.443436e+01 1.953609e+01 -1.428075e+01
      vertex   -4.595141e+01 2.014941e+01 -1.432283e+01
    endloop
  endfacet
  facet normal 2.213314e-01 4.895950e-01 -8.433914e-01
    outer loop
      vertex   -4.595141e+01 2.014941e+01 -1.432283e+01
      vertex   -4.443436e+01 1.953609e+01 -1.428075e+01
      vertex   -4.446157e+01 1.947590e+01 -1.432283e+01
    endloop
  endfacet
  facet normal 1.238706e-01 2.740074e-01 -9.537170e-01
    outer loop
      vertex   -4.595141e+01 2.014941e+01 -1.432283e+01
      vertex   -4.446157e+01 1.947590e+01 -1.432283e+01
      vertex   -4.598218e+01 2.008136e+01 -1.434638e+01
    endloop
  endfacet
  facet normal 1.238706e-01 2.740074e-01 -9.537170e-01
    outer loop
      vertex   -4.598218e+01 2.008136e+01 -1.434638e+01
      vertex   -4.446157e+01 1.947590e+01 -1.432283e+01
      vertex   -4.449234e+01 1.940784e+01 -1.434638e+01
    endloop
  endfacet
  facet normal 1.796826e-02 3.974660e-02 -9.990482e-01
    outer loop
      vertex   -4.598218e+01 2.008136e+01 -1.434638e+01
      vertex   -4.449234e+01 1.940784e+01 -1.434638e+01
      vertex   -4.601441e+01 2.001006e+01 -1.434980e+01
    endloop
  endfacet
  facet normal 1.796826e-02 3.974660e-02 -9.990482e-01
    outer loop
      vertex   -4.601441e+01 2.001006e+01 -1.434980e+01
      vertex   -4.449234e+01 1.940784e+01 -1.434638e+01
      vertex   -4.452457e+01 1.933655e+01 -1.434980e+01
    endloop
  endfacet
  facet normal -8.915861e-02 -1.972228e-01 -9.762960e-01
    outer loop
      vertex   -4.601441e+01 2.001006e+01 -1.434980e+01
      vertex   -4.452457e+01 1.933655e+01 -1.434980e+01
      vertex   -4.604590e+01 1.994039e+01 -1.433285e+01
    endloop
  endfacet
  facet normal -8.915861e-02 -1.972228e-01 -9.762960e-01
    outer loop
      vertex   -4.604590e+01 1.994039e+01 -1.433285e+01
      vertex   -4.452457e+01 1.933655e+01 -1.434980e+01
      vertex   -4.455607e+01 1.926688e+01 -1.433285e+01
    endloop
  endfacet
  facet normal 1.902095e-01 4.207519e-01 8.870108e-01
    outer loop
      vertex   -1.762588e+01 7.393984e+00 -1.380520e+01
      vertex   -1.911572e+01 8.067495e+00 -1.380520e+01
      vertex   -1.765450e+01 7.330685e+00 -1.376903e+01
    endloop
  endfacet
  facet normal 1.902095e-01 4.207519e-01 8.870108e-01
    outer loop
      vertex   -1.765450e+01 7.330685e+00 -1.376903e+01
      vertex   -1.911572e+01 8.067495e+00 -1.380520e+01
      vertex   -1.914434e+01 8.004196e+00 -1.376903e+01
    endloop
  endfacet
  facet normal 8.915861e-02 1.972228e-01 9.762960e-01
    outer loop
      vertex   -1.765450e+01 7.330685e+00 -1.376903e+01
      vertex   -1.914434e+01 8.004196e+00 -1.376903e+01
      vertex   -1.768600e+01 7.261014e+00 -1.375208e+01
    endloop
  endfacet
  facet normal 8.915861e-02 1.972228e-01 9.762960e-01
    outer loop
      vertex   -1.768600e+01 7.261014e+00 -1.375208e+01
      vertex   -1.914434e+01 8.004196e+00 -1.376903e+01
      vertex   -1.917583e+01 7.934525e+00 -1.375208e+01
    endloop
  endfacet
  facet normal -1.796826e-02 -3.974660e-02 9.990482e-01
    outer loop
      vertex   -1.768600e+01 7.261014e+00 -1.375208e+01
      vertex   -1.917583e+01 7.934525e+00 -1.375208e+01
      vertex   -1.771823e+01 7.189720e+00 -1.375550e+01
    endloop
  endfacet
  facet normal -1.796826e-02 -3.974660e-02 9.990482e-01
    outer loop
      vertex   -1.771823e+01 7.189720e+00 -1.375550e+01
      vertex   -1.917583e+01 7.934525e+00 -1.375208e+01
      vertex   -1.920806e+01 7.863230e+00 -1.375550e+01
    endloop
  endfacet
  facet normal -1.238706e-01 -2.740074e-01 9.537170e-01
    outer loop
      vertex   -1.771823e+01 7.189720e+00 -1.375550e+01
      vertex   -1.920806e+01 7.863230e+00 -1.375550e+01
      vertex   -1.774899e+01 7.121660e+00 -1.377905e+01
    endloop
  endfacet
  facet normal -1.238706e-01 -2.740074e-01 9.537170e-01
    outer loop
      vertex   -1.774899e+01 7.121660e+00 -1.377905e+01
      vertex   -1.920806e+01 7.863230e+00 -1.375550e+01
      vertex   -1.923883e+01 7.795171e+00 -1.377905e+01
    endloop
  endfacet
  facet normal -2.213314e-01 -4.895950e-01 8.433914e-01
    outer loop
      vertex   -1.774899e+01 7.121660e+00 -1.377905e+01
      vertex   -1.923883e+01 7.795171e+00 -1.377905e+01
      vertex   -1.777620e+01 7.061474e+00 -1.382113e+01
    endloop
  endfacet
  facet normal -2.213314e-01 -4.895950e-01 8.433914e-01
    outer loop
      vertex   -1.777620e+01 7.061474e+00 -1.382113e+01
      vertex   -1.923883e+01 7.795171e+00 -1.377905e+01
      vertex   -1.926604e+01 7.734984e+00 -1.382113e+01
    endloop
  endfacet
  facet normal -3.037088e-01 -6.718175e-01 6.755902e-01
    outer loop
      vertex   -1.777620e+01 7.061474e+00 -1.382113e+01
      vertex   -1.926604e+01 7.734984e+00 -1.382113e+01
      vertex   -1.779800e+01 7.013262e+00 -1.387887e+01
    endloop
  endfacet
  facet normal -3.037088e-01 -6.718175e-01 6.755902e-01
    outer loop
      vertex   -1.779800e+01 7.013262e+00 -1.387887e+01
      vertex   -1.926604e+01 7.734984e+00 -1.382113e+01
      vertex   -1.928783e+01 7.686773e+00 -1.387887e+01
    endloop
  endfacet
  facet normal -3.653890e-01 -8.082568e-01 4.617486e-01
    outer loop
      vertex   -1.779800e+01 7.013262e+00 -1.387887e+01
      vertex   -1.928783e+01 7.686773e+00 -1.387887e+01
      vertex   -1.781289e+01 6.980311e+00 -1.394834e+01
    endloop
  endfacet
  facet normal -3.653890e-01 -8.082568e-01 4.617486e-01
    outer loop
      vertex   -1.781289e+01 6.980311e+00 -1.394834e+01
      vertex   -1.928783e+01 7.686773e+00 -1.387887e+01
      vertex   -1.930273e+01 7.653821e+00 -1.394834e+01
    endloop
  endfacet
  facet normal -4.021685e-01 -8.896147e-01 2.164396e-01
    outer loop
      vertex   -1.781289e+01 6.980311e+00 -1.394834e+01
      vertex   -1.930273e+01 7.653821e+00 -1.394834e+01
      vertex   -1.781988e+01 6.964865e+00 -1.402479e+01
    endloop
  endfacet
  facet normal -4.021685e-01 -8.896147e-01 2.164396e-01
    outer loop
      vertex   -1.781988e+01 6.964865e+00 -1.402479e+01
      vertex   -1.930273e+01 7.653821e+00 -1.394834e+01
      vertex   -1.930971e+01 7.638375e+00 -1.402479e+01
    endloop
  endfacet
  facet normal -4.115409e-01 -9.103469e-01 -4.361939e-02
    outer loop
      vertex   -1.781988e+01 6.964865e+00 -1.402479e+01
      vertex   -1.930971e+01 7.638375e+00 -1.402479e+01
      vertex   -1.781847e+01 6.967978e+00 -1.410304e+01
    endloop
  endfacet
  facet normal -4.115409e-01 -9.103469e-01 -4.361939e-02
    outer loop
      vertex   -1.781847e+01 6.967978e+00 -1.410304e+01
      vertex   -1.930971e+01 7.638375e+00 -1.402479e+01
      vertex   -1.930830e+01 7.641488e+00 -1.410304e+01
    endloop
  endfacet
  facet normal -3.928674e-01 -8.690404e-01 -3.007058e-01
    outer loop
      vertex   -1.781847e+01 6.967978e+00 -1.410304e+01
      vertex   -1.930830e+01 7.641488e+00 -1.410304e+01
      vertex   -1.780877e+01 6.989437e+00 -1.417773e+01
    endloop
  endfacet
  facet normal -3.928674e-01 -8.690404e-01 -3.007058e-01
    outer loop
      vertex   -1.780877e+01 6.989437e+00 -1.417773e+01
      vertex   -1.930830e+01 7.641488e+00 -1.410304e+01
      vertex   -1.929860e+01 7.662947e+00 -1.417773e+01
    endloop
  endfacet
  facet normal -3.474207e-01 -7.685102e-01 -5.372996e-01
    outer loop
      vertex   -1.780877e+01 6.989437e+00 -1.417773e+01
      vertex   -1.929860e+01 7.662947e+00 -1.417773e+01
      vertex   -1.779143e+01 7.027780e+00 -1.424378e+01
    endloop
  endfacet
  facet normal -3.474207e-01 -7.685102e-01 -5.372996e-01
    outer loop
      vertex   -1.779143e+01 7.027780e+00 -1.424378e+01
      vertex   -1.929860e+01 7.662947e+00 -1.417773e+01
      vertex   -1.928127e+01 7.701290e+00 -1.424378e+01
    endloop
  endfacet
  facet normal -2.782979e-01 -6.156074e-01 -7.372773e-01
    outer loop
      vertex   -1.779143e+01 7.027780e+00 -1.424378e+01
      vertex   -1.928127e+01 7.701290e+00 -1.424378e+01
      vertex   -1.776765e+01 7.080394e+00 -1.429669e+01
    endloop
  endfacet
  facet normal -2.782979e-01 -6.156074e-01 -7.372773e-01
    outer loop
      vertex   -1.776765e+01 7.080394e+00 -1.429669e+01
      vertex   -1.928127e+01 7.701290e+00 -1.424378e+01
      vertex   -1.925748e+01 7.753904e+00 -1.429669e+01
    endloop
  endfacet
  facet normal -1.902095e-01 -4.207519e-01 -8.870108e-01
    outer loop
      vertex   -1.776765e+01 7.080394e+00 -1.429669e+01
      vertex   -1.925748e+01 7.753904e+00 -1.429669e+01
      vertex   -1.773903e+01 7.143693e+00 -1.433285e+01
    endloop
  endfacet
  facet normal -1.902095e-01 -4.207519e-01 -8.870108e-01
    outer loop
      vertex   -1.773903e+01 7.143693e+00 -1.433285e+01
      vertex   -1.925748e+01 7.753904e+00 -1.429669e+01
      vertex   -1.922887e+01 7.817203e+00 -1.433285e+01
    endloop
  endfacet
  facet normal -8.915861e-02 -1.972228e-01 -9.762960e-01
    outer loop
      vertex   -1.773903e+01 7.143693e+00 -1.433285e+01
      vertex   -1.922887e+01 7.817203e+00 -1.433285e+01
      vertex   -1.770754e+01 7.213364e+00 -1.434980e+01
    endloop
  endfacet
  facet normal -8.915861e-02 -1.972228e-01 -9.762960e-01
    outer loop
      vertex   -1.770754e+01 7.213364e+00 -1.434980e+01
      vertex   -1.922887e+01 7.817203e+00 -1.433285e+01
      vertex   -1.919737e+01 7.886874e+00 -1.434980e+01
    endloop
  endfacet
  facet normal 1.796826e-02 3.974660e-02 -9.990482e-01
    outer loop
      vertex   -1.770754e+01 7.213364e+00 -1.434980e+01
      vertex   -1.919737e+01 7.886874e+00 -1.434980e+01
      vertex   -1.767531e+01 7.284658e+00 -1.434638e+01
    endloop
  endfacet
  facet normal 1.796826e-02 3.974660e-02 -9.990482e-01
    outer loop
      vertex   -1.767531e+01 7.284658e+00 -1.434638e+01
      vertex   -1.919737e+01 7.886874e+00 -1.434980e+01
      vertex   -1.916514e+01 7.958169e+00 -1.434638e+01
    endloop
  endfacet
  facet normal 1.238706e-01 2.740074e-01 -9.537170e-01
    outer loop
      vertex   -1.767531e+01 7.284658e+00 -1.434638e+01
      vertex   -1.916514e+01 7.958169e+00 -1.434638e+01
      vertex   -1.764454e+01 7.352718e+00 -1.432283e+01
    endloop
  endfacet
  facet normal 1.238706e-01 2.740074e-01 -9.537170e-01
    outer loop
      vertex   -1.764454e+01 7.352718e+00 -1.432283e+01
      vertex   -1.916514e+01 7.958169e+00 -1.434638e+01
      vertex   -1.913438e+01 8.026228e+00 -1.432283e+01
    endloop
  endfacet
  facet normal 2.213314e-01 4.895950e-01 -8.433914e-01
    outer loop
      vertex   -1.764454e+01 7.352718e+00 -1.432283e+01
      vertex   -1.913438e+01 8.026228e+00 -1.432283e+01
      vertex   -1.761733e+01 7.412904e+00 -1.428075e+01
    endloop
  endfacet
  facet normal 2.213314e-01 4.895950e-01 -8.433914e-01
    outer loop
      vertex   -1.761733e+01 7.412904e+00 -1.428075e+01
      vertex   -1.913438e+01 8.026228e+00 -1.432283e+01
      vertex   -1.910717e+01 8.086415e+00 -1.428075e+01
    endloop
  endfacet
  facet normal 3.037088e-01 6.718175e-01 -6.755902e-01
    outer loop
      vertex   -1.761733e+01 7.412904e+00 -1.428075e+01
      vertex   -1.910717e+01 8.086415e+00 -1.428075e+01
      vertex   -1.759554e+01 7.461116e+00 -1.422301e+01
    endloop
  endfacet
  facet normal 3.037088e-01 6.718175e-01 -6.755902e-01
    outer loop
      vertex   -1.759554e+01 7.461116e+00 -1.422301e+01
      vertex   -1.910717e+01 8.086415e+00 -1.428075e+01
      vertex   -1.908537e+01 8.134626e+00 -1.422301e+01
    endloop
  endfacet
  facet normal 3.653890e-01 8.082568e-01 -4.617486e-01
    outer loop
      vertex   -1.759554e+01 7.461116e+00 -1.422301e+01
      vertex   -1.908537e+01 8.134626e+00 -1.422301e+01
      vertex   -1.758064e+01 7.494067e+00 -1.415355e+01
    endloop
  endfacet
  facet normal 3.653890e-01 8.082568e-01 -4.617486e-01
    outer loop
      vertex   -1.758064e+01 7.494067e+00 -1.415355e+01
      vertex   -1.908537e+01 8.134626e+00 -1.422301e+01
      vertex   -1.907048e+01 8.167578e+00 -1.415355e+01
    endloop
  endfacet
  facet normal 4.021685e-01 8.896147e-01 -2.164396e-01
    outer loop
      vertex   -1.758064e+01 7.494067e+00 -1.415355e+01
      vertex   -1.907048e+01 8.167578e+00 -1.415355e+01
      vertex   -1.757366e+01 7.509513e+00 -1.407709e+01
    endloop
  endfacet
  facet normal 4.021685e-01 8.896147e-01 -2.164396e-01
    outer loop
      vertex   -1.757366e+01 7.509513e+00 -1.407709e+01
      vertex   -1.907048e+01 8.167578e+00 -1.415355e+01
      vertex   -1.906349e+01 8.183024e+00 -1.407709e+01
    endloop
  endfacet
  facet normal 4.115409e-01 9.103469e-01 4.361939e-02
    outer loop
      vertex   -1.757366e+01 7.509513e+00 -1.407709e+01
      vertex   -1.906349e+01 8.183024e+00 -1.407709e+01
      vertex   -1.757506e+01 7.506400e+00 -1.399885e+01
    endloop
  endfacet
  facet normal 4.115409e-01 9.103469e-01 4.361939e-02
    outer loop
      vertex   -1.757506e+01 7.506400e+00 -1.399885e+01
      vertex   -1.906349e+01 8.183024e+00 -1.407709e+01
      vertex   -1.906490e+01 8.179911e+00 -1.399885e+01
    endloop
  endfacet
  facet normal 3.928674e-01 8.690404e-01 3.007058e-01
    outer loop
      vertex   -1.757506e+01 7.506400e+00 -1.399885e+01
      vertex   -1.906490e+01 8.179911e+00 -1.399885e+01
      vertex   -1.758477e+01 7.484941e+00 -1.392416e+01
    endloop
  endfacet
  facet normal 3.928674e-01 8.690404e-01 3.007058e-01
    outer loop
      vertex   -1.758477e+01 7.484941e+00 -1.392416e+01
      vertex   -1.906490e+01 8.179911e+00 -1.399885e+01
      vertex   -1.907460e+01 8.158452e+00 -1.392416e+01
    endloop
  endfacet
  facet normal 3.474207e-01 7.685102e-01 5.372996e-01
    outer loop
      vertex   -1.758477e+01 7.484941e+00 -1.392416e+01
      vertex   -1.907460e+01 8.158452e+00 -1.392416e+01
      vertex   -1.760210e+01 7.446598e+00 -1.385810e+01
    endloop
  endfacet
  facet normal 3.474207e-01 7.685102e-01 5.372996e-01
    outer loop
      vertex   -1.760210e+01 7.446598e+00 -1.385810e+01
      vertex   -1.907460e+01 8.158452e+00 -1.392416e+01
      vertex   -1.909193e+01 8.120109e+00 -1.385810e+01
    endloop
  endfacet
  facet normal 2.782979e-01 6.156074e-01 7.372773e-01
    outer loop
      vertex   -1.760210e+01 7.446598e+00 -1.385810e+01
      vertex   -1.909193e+01 8.120109e+00 -1.385810e+01
      vertex   -1.762588e+01 7.393984e+00 -1.380520e+01
    endloop
  endfacet
  facet normal 2.782979e-01 6.156074e-01 7.372773e-01
    outer loop
      vertex   -1.762588e+01 7.393984e+00 -1.380520e+01
      vertex   -1.909193e+01 8.120109e+00 -1.385810e+01
      vertex   -1.911572e+01 8.067495e+00 -1.380520e+01
    endloop
  endfacet
  facet normal 1.902095e-01 4.207519e-01 8.870108e-01
    outer loop
      vertex   -1.911572e+01 8.067495e+00 -1.380520e+01
      vertex   -2.060556e+01 8.741005e+00 -1.380520e+01
      vertex   -1.914434e+01 8.004196e+00 -1.376903e+01
    endloop
  endfacet
  facet normal 1.902095e-01 4.207519e-01 8.870108e-01
    outer loop
      vertex   -1.914434e+01 8.004196e+00 -1.376903e+01
      vertex   -2.060556e+01 8.741005e+00 -1.380520e+01
      vertex   -2.063417e+01 8.677706e+00 -1.376903e+01
    endloop
  endfacet
  facet normal 8.915861e-02 1.972228e-01 9.762960e-01
    outer loop
      vertex   -1.914434e+01 8.004196e+00 -1.376903e+01
      vertex   -2.063417e+01 8.677706e+00 -1.376903e+01
      vertex   -1.917583e+01 7.934525e+00 -1.375208e+01
    endloop
  endfacet
  facet normal 8.915861e-02 1.972228e-01 9.762960e-01
    outer loop
      vertex   -1.917583e+01 7.934525e+00 -1.375208e+01
      vertex   -2.063417e+01 8.677706e+00 -1.376903e+01
      vertex   -2.066567e+01 8.608035e+00 -1.375208e+01
    endloop
  endfacet
  facet normal -1.796826e-02 -3.974660e-02 9.990482e-01
    outer loop
      vertex   -1.917583e+01 7.934525e+00 -1.375208e+01
      vertex   -2.066567e+01 8.608035e+00 -1.375208e+01
      vertex   -1.920806e+01 7.863230e+00 -1.375550e+01
    endloop
  endfacet
  facet normal -1.796826e-02 -3.974660e-02 9.990482e-01
    outer loop
      vertex   -1.920806e+01 7.863230e+00 -1.375550e+01
      vertex   -2.066567e+01 8.608035e+00 -1.375208e+01
      vertex   -2.069790e+01 8.536741e+00 -1.375550e+01
    endloop
  endfacet
  facet normal -1.238706e-01 -2.740074e-01 9.537170e-01
    outer loop
      vertex   -1.920806e+01 7.863230e+00 -1.375550e+01
      vertex   -2.069790e+01 8.536741e+00 -1.375550e+01
      vertex   -1.923883e+01 7.795171e+00 -1.377905e+01
    endloop
  endfacet
  facet normal -1.238706e-01 -2.740074e-01 9.537170e-01
    outer loop
      vertex   -1.923883e+01 7.795171e+00 -1.377905e+01
      vertex   -2.069790e+01 8.536741e+00 -1.375550e+01
      vertex   -2.072866e+01 8.468681e+00 -1.377905e+01
    endloop
  endfacet
  facet normal -2.213314e-01 -4.895950e-01 8.433914e-01
    outer loop
      vertex   -1.923883e+01 7.795171e+00 -1.377905e+01
      vertex   -2.072866e+01 8.468681e+00 -1.377905e+01
      vertex   -1.926604e+01 7.734984e+00 -1.382113e+01
    endloop
  endfacet
  facet normal -2.213314e-01 -4.895950e-01 8.433914e-01
    outer loop
      vertex   -1.926604e+01 7.734984e+00 -1.382113e+01
      vertex   -2.072866e+01 8.468681e+00 -1.377905e+01
      vertex   -2.075587e+01 8.408495e+00 -1.382113e+01
    endloop
  endfacet
  facet normal -3.037088e-01 -6.718175e-01 6.755902e-01
    outer loop
      vertex   -1.926604e+01 7.734984e+00 -1.382113e+01
      vertex   -2.075587e+01 8.408495e+00 -1.382113e+01
      vertex   -1.928783e+01 7.686773e+00 -1.387887e+01
    endloop
  endfacet
  facet normal -3.037088e-01 -6.718175e-01 6.755902e-01
    outer loop
      vertex   -1.928783e+01 7.686773e+00 -1.387887e+01
      vertex   -2.075587e+01 8.408495e+00 -1.382113e+01
      vertex   -2.077767e+01 8.360283e+00 -1.387887e+01
    endloop
  endfacet
  facet normal -3.653890e-01 -8.082568e-01 4.617486e-01
    outer loop
      vertex   -1.928783e+01 7.686773e+00 -1.387887e+01
      vertex   -2.077767e+01 8.360283e+00 -1.387887e+01
      vertex   -1.930273e+01 7.653821e+00 -1.394834e+01
    endloop
  endfacet
  facet normal -3.653890e-01 -8.082568e-01 4.617486e-01
    outer loop
      vertex   -1.930273e+01 7.653821e+00 -1.394834e+01
      vertex   -2.077767e+01 8.360283e+00 -1.387887e+01
      vertex   -2.079256e+01 8.327332e+00 -1.394834e+01
    endloop
  endfacet
  facet normal -4.021685e-01 -8.896147e-01 2.164396e-01
    outer loop
      vertex   -1.930273e+01 7.653821e+00 -1.394834e+01
      vertex   -2.079256e+01 8.327332e+00 -1.394834e+01
      vertex   -1.930971e+01 7.638375e+00 -1.402479e+01
    endloop
  endfacet
  facet normal -4.021685e-01 -8.896147e-01 2.164396e-01
    outer loop
      vertex   -1.930971e+01 7.638375e+00 -1.402479e+01
      vertex   -2.079256e+01 8.327332e+00 -1.394834e+01
      vertex   -2.079955e+01 8.311886e+00 -1.402479e+01
    endloop
  endfacet
  facet normal -4.115409e-01 -9.103469e-01 -4.361939e-02
    outer loop
      vertex   -1.930971e+01 7.638375e+00 -1.402479e+01
      vertex   -2.079955e+01 8.311886e+00 -1.402479e+01
      vertex   -1.930830e+01 7.641488e+00 -1.410304e+01
    endloop
  endfacet
  facet normal -4.115409e-01 -9.103469e-01 -4.361939e-02
    outer loop
      vertex   -1.930830e+01 7.641488e+00 -1.410304e+01
      vertex   -2.079955e+01 8.311886e+00 -1.402479e+01
      vertex   -2.079814e+01 8.314999e+00 -1.410304e+01
    endloop
  endfacet
  facet normal -3.928674e-01 -8.690404e-01 -3.007058e-01
    outer loop
      vertex   -1.930830e+01 7.641488e+00 -1.410304e+01
      vertex   -2.079814e+01 8.314999e+00 -1.410304e+01
      vertex   -1.929860e+01 7.662947e+00 -1.417773e+01
    endloop
  endfacet
  facet normal -3.928674e-01 -8.690404e-01 -3.007058e-01
    outer loop
      vertex   -1.929860e+01 7.662947e+00 -1.417773e+01
      vertex   -2.079814e+01 8.314999e+00 -1.410304e+01
      vertex   -2.078844e+01 8.336458e+00 -1.417773e+01
    endloop
  endfacet
  facet normal -3.474207e-01 -7.685102e-01 -5.372996e-01
    outer loop
      vertex   -1.929860e+01 7.662947e+00 -1.417773e+01
      vertex   -2.078844e+01 8.336458e+00 -1.417773e+01
      vertex   -1.928127e+01 7.701290e+00 -1.424378e+01
    endloop
  endfacet
  facet normal -3.474207e-01 -7.685102e-01 -5.372996e-01
    outer loop
      vertex   -1.928127e+01 7.701290e+00 -1.424378e+01
      vertex   -2.078844e+01 8.336458e+00 -1.417773e+01
      vertex   -2.077111e+01 8.374801e+00 -1.424378e+01
    endloop
  endfacet
  facet normal -2.782979e-01 -6.156074e-01 -7.372773e-01
    outer loop
      vertex   -1.928127e+01 7.701290e+00 -1.424378e+01
      vertex   -2.077111e+01 8.374801e+00 -1.424378e+01
      vertex   -1.925748e+01 7.753904e+00 -1.429669e+01
    endloop
  endfacet
  facet normal -2.782979e-01 -6.156074e-01 -7.372773e-01
    outer loop
      vertex   -1.925748e+01 7.753904e+00 -1.429669e+01
      vertex   -2.077111e+01 8.374801e+00 -1.424378e+01
      vertex   -2.074732e+01 8.427415e+00 -1.429669e+01
    endloop
  endfacet
  facet normal -1.902095e-01 -4.207519e-01 -8.870108e-01
    outer loop
      vertex   -1.925748e+01 7.753904e+00 -1.429669e+01
      vertex   -2.074732e+01 8.427415e+00 -1.429669e+01
      vertex   -1.922887e+01 7.817203e+00 -1.433285e+01
    endloop
  endfacet
  facet normal -1.902095e-01 -4.207519e-01 -8.870108e-01
    outer loop
      vertex   -1.922887e+01 7.817203e+00 -1.433285e+01
      vertex   -2.074732e+01 8.427415e+00 -1.429669e+01
      vertex   -2.071870e+01 8.490714e+00 -1.433285e+01
    endloop
  endfacet
  facet normal -8.915861e-02 -1.972228e-01 -9.762960e-01
    outer loop
      vertex   -1.922887e+01 7.817203e+00 -1.433285e+01
      vertex   -2.071870e+01 8.490714e+00 -1.433285e+01
      vertex   -1.919737e+01 7.886874e+00 -1.434980e+01
    endloop
  endfacet
  facet normal -8.915861e-02 -1.972228e-01 -9.762960e-01
    outer loop
      vertex   -1.919737e+01 7.886874e+00 -1.434980e+01
      vertex   -2.071870e+01 8.490714e+00 -1.433285e+01
      vertex   -2.068721e+01 8.560385e+00 -1.434980e+01
    endloop
  endfacet
  facet normal 1.796826e-02 3.974660e-02 -9.990482e-01
    outer loop
      vertex   -1.919737e+01 7.886874e+00 -1.434980e+01
      vertex   -2.068721e+01 8.560385e+00 -1.434980e+01
      vertex   -1.916514e+01 7.958169e+00 -1.434638e+01
    endloop
  endfacet
  facet normal 1.796826e-02 3.974660e-02 -9.990482e-01
    outer loop
      vertex   -1.916514e+01 7.958169e+00 -1.434638e+01
      vertex   -2.068721e+01 8.560385e+00 -1.434980e+01
      vertex   -2.065498e+01 8.631679e+00 -1.434638e+01
    endloop
  endfacet
  facet normal 1.238706e-01 2.740074e-01 -9.537170e-01
    outer loop
      vertex   -1.916514e+01 7.958169e+00 -1.434638e+01
      vertex   -2.065498e+01 8.631679e+00 -1.434638e+01
      vertex   -1.913438e+01 8.026228e+00 -1.432283e+01
    endloop
  endfacet
  facet normal 1.238706e-01 2.740074e-01 -9.537170e-01
    outer loop
      vertex   -1.913438e+01 8.026228e+00 -1.432283e+01
      vertex   -2.065498e+01 8.631679e+00 -1.434638e+01
      vertex   -2.062421e+01 8.699739e+00 -1.432283e+01
    endloop
  endfacet
  facet normal 2.213314e-01 4.895950e-01 -8.433914e-01
    outer loop
      vertex   -1.913438e+01 8.026228e+00 -1.432283e+01
      vertex   -2.062421e+01 8.699739e+00 -1.432283e+01
      vertex   -1.910717e+01 8.086415e+00 -1.428075e+01
    endloop
  endfacet
  facet normal 2.213314e-01 4.895950e-01 -8.433914e-01
    outer loop
      vertex   -1.910717e+01 8.086415e+00 -1.428075e+01
      vertex   -2.062421e+01 8.699739e+00 -1.432283e+01
      vertex   -2.059700e+01 8.759925e+00 -1.428075e+01
    endloop
  endfacet
  facet normal 3.037088e-01 6.718175e-01 -6.755902e-01
    outer loop
      vertex   -1.910717e+01 8.086415e+00 -1.428075e+01
      vertex   -2.059700e+01 8.759925e+00 -1.428075e+01
      vertex   -1.908537e+01 8.134626e+00 -1.422301e+01
    endloop
  endfacet
  facet normal 3.037088e-01 6.718175e-01 -6.755902e-01
    outer loop
      vertex   -1.908537e+01 8.134626e+00 -1.422301e+01
      vertex   -2.059700e+01 8.759925e+00 -1.428075e+01
      vertex   -2.057521e+01 8.808137e+00 -1.422301e+01
    endloop
  endfacet
  facet normal 3.653890e-01 8.082568e-01 -4.617486e-01
    outer loop
      vertex   -1.908537e+01 8.134626e+00 -1.422301e+01
      vertex   -2.057521e+01 8.808137e+00 -1.422301e+01
      vertex   -1.907048e+01 8.167578e+00 -1.415355e+01
    endloop
  endfacet
  facet normal 3.653890e-01 8.082568e-01 -4.617486e-01
    outer loop
      vertex   -1.907048e+01 8.167578e+00 -1.415355e+01
      vertex   -2.057521e+01 8.808137e+00 -1.422301e+01
      vertex   -2.056031e+01 8.841088e+00 -1.415355e+01
    endloop
  endfacet
  facet normal 4.021685e-01 8.896147e-01 -2.164396e-01
    outer loop
      vertex   -1.907048e+01 8.167578e+00 -1.415355e+01
      vertex   -2.056031e+01 8.841088e+00 -1.415355e+01
      vertex   -1.906349e+01 8.183024e+00 -1.407709e+01
    endloop
  endfacet
  facet normal 4.021685e-01 8.896147e-01 -2.164396e-01
    outer loop
      vertex   -1.906349e+01 8.183024e+00 -1.407709e+01
      vertex   -2.056031e+01 8.841088e+00 -1.415355e+01
      vertex   -2.055333e+01 8.856534e+00 -1.407709e+01
    endloop
  endfacet
  facet normal 4.115409e-01 9.103469e-01 4.361939e-02
    outer loop
      vertex   -1.906349e+01 8.183024e+00 -1.407709e+01
      vertex   -2.055333e+01 8.856534e+00 -1.407709e+01
      vertex   -1.906490e+01 8.179911e+00 -1.399885e+01
    endloop
  endfacet
  facet normal 4.115409e-01 9.103469e-01 4.361939e-02
    outer loop
      vertex   -1.906490e+01 8.179911e+00 -1.399885e+01
      vertex   -2.055333e+01 8.856534e+00 -1.407709e+01
      vertex   -2.055474e+01 8.853421e+00 -1.399885e+01
    endloop
  endfacet
  facet normal 3.928674e-01 8.690404e-01 3.007058e-01
    outer loop
      vertex   -1.906490e+01 8.179911e+00 -1.399885e+01
      vertex   -2.055474e+01 8.853421e+00 -1.399885e+01
      vertex   -1.907460e+01 8.158452e+00 -1.392416e+01
    endloop
  endfacet
  facet normal 3.928674e-01 8.690404e-01 3.007058e-01
    outer loop
      vertex   -1.907460e+01 8.158452e+00 -1.392416e+01
      vertex   -2.055474e+01 8.853421e+00 -1.399885e+01
      vertex   -2.056444e+01 8.831962e+00 -1.392416e+01
    endloop
  endfacet
  facet normal 3.474207e-01 7.685102e-01 5.372996e-01
    outer loop
      vertex   -1.907460e+01 8.158452e+00 -1.392416e+01
      vertex   -2.056444e+01 8.831962e+00 -1.392416e+01
      vertex   -1.909193e+01 8.120109e+00 -1.385810e+01
    endloop
  endfacet
  facet normal 3.474207e-01 7.685102e-01 5.372996e-01
    outer loop
      vertex   -1.909193e+01 8.120109e+00 -1.385810e+01
      vertex   -2.056444e+01 8.831962e+00 -1.392416e+01
      vertex   -2.058177e+01 8.793619e+00 -1.385810e+01
    endloop
  endfacet
  facet normal 2.782979e-01 6.156074e-01 7.372773e-01
    outer loop
      vertex   -1.909193e+01 8.120109e+00 -1.385810e+01
      vertex   -2.058177e+01 8.793619e+00 -1.385810e+01
      vertex   -1.911572e+01 8.067495e+00 -1.380520e+01
    endloop
  endfacet
  facet normal 2.782979e-01 6.156074e-01 7.372773e-01
    outer loop
      vertex   -1.911572e+01 8.067495e+00 -1.380520e+01
      vertex   -2.058177e+01 8.793619e+00 -1.385810e+01
      vertex   -2.060556e+01 8.741005e+00 -1.380520e+01
    endloop
  endfacet
  facet normal 1.902095e-01 4.207519e-01 8.870108e-01
    outer loop
      vertex   -2.060556e+01 8.741005e+00 -1.380520e+01
      vertex   -2.209539e+01 9.414516e+00 -1.380520e+01
      vertex   -2.063417e+01 8.677706e+00 -1.376903e+01
    endloop
  endfacet
  facet normal 1.902095e-01 4.207519e-01 8.870108e-01
    outer loop
      vertex   -2.063417e+01 8.677706e+00 -1.376903e+01
      vertex   -2.209539e+01 9.414516e+00 -1.380520e+01
      vertex   -2.212401e+01 9.351216e+00 -1.376903e+01
    endloop
  endfacet
  facet normal 8.915861e-02 1.972228e-01 9.762960e-01
    outer loop
      vertex   -2.063417e+01 8.677706e+00 -1.376903e+01
      vertex   -2.212401e+01 9.351216e+00 -1.376903e+01
      vertex   -2.066567e+01 8.608035e+00 -1.375208e+01
    endloop
  endfacet
  facet normal 8.915861e-02 1.972228e-01 9.762960e-01
    outer loop
      vertex   -2.066567e+01 8.608035e+00 -1.375208e+01
      vertex   -2.212401e+01 9.351216e+00 -1.376903e+01
      vertex   -2.215550e+01 9.281546e+00 -1.375208e+01
    endloop
  endfacet
  facet normal -1.796826e-02 -3.974660e-02 9.990482e-01
    outer loop
      vertex   -2.066567e+01 8.608035e+00 -1.375208e+01
      vertex   -2.215550e+01 9.281546e+00 -1.375208e+01
      vertex   -2.069790e+01 8.536741e+00 -1.375550e+01
    endloop
  endfacet
  facet normal -1.796826e-02 -3.974660e-02 9.990482e-01
    outer loop
      vertex   -2.069790e+01 8.536741e+00 -1.375550e+01
      vertex   -2.215550e+01 9.281546e+00 -1.375208e+01
      vertex   -2.218773e+01 9.210251e+00 -1.375550e+01
    endloop
  endfacet
  facet normal -1.238706e-01 -2.740074e-01 9.537170e-01
    outer loop
      vertex   -2.069790e+01 8.536741e+00 -1.375550e+01
      vertex   -2.218773e+01 9.210251e+00 -1.375550e+01
      vertex   -2.072866e+01 8.468681e+00 -1.377905e+01
    endloop
  endfacet
  facet normal -1.238706e-01 -2.740074e-01 9.537170e-01
    outer loop
      vertex   -2.072866e+01 8.468681e+00 -1.377905e+01
      vertex   -2.218773e+01 9.210251e+00 -1.375550e+01
      vertex   -2.221850e+01 9.142192e+00 -1.377905e+01
    endloop
  endfacet
  facet normal -2.213314e-01 -4.895950e-01 8.433914e-01
    outer loop
      vertex   -2.072866e+01 8.468681e+00 -1.377905e+01
      vertex   -2.221850e+01 9.142192e+00 -1.377905e+01
      vertex   -2.075587e+01 8.408495e+00 -1.382113e+01
    endloop
  endfacet
  facet normal -2.213314e-01 -4.895950e-01 8.433914e-01
    outer loop
      vertex   -2.075587e+01 8.408495e+00 -1.382113e+01
      vertex   -2.221850e+01 9.142192e+00 -1.377905e+01
      vertex   -2.224571e+01 9.082005e+00 -1.382113e+01
    endloop
  endfacet
  facet normal -3.037088e-01 -6.718175e-01 6.755902e-01
    outer loop
      vertex   -2.075587e+01 8.408495e+00 -1.382113e+01
      vertex   -2.224571e+01 9.082005e+00 -1.382113e+01
      vertex   -2.077767e+01 8.360283e+00 -1.387887e+01
    endloop
  endfacet
  facet normal -3.037088e-01 -6.718175e-01 6.755902e-01
    outer loop
      vertex   -2.077767e+01 8.360283e+00 -1.387887e+01
      vertex   -2.224571e+01 9.082005e+00 -1.382113e+01
      vertex   -2.226750e+01 9.033793e+00 -1.387887e+01
    endloop
  endfacet
  facet normal -3.653890e-01 -8.082568e-01 4.617486e-01
    outer loop
      vertex   -2.077767e+01 8.360283e+00 -1.387887e+01
      vertex   -2.226750e+01 9.033793e+00 -1.387887e+01
      vertex   -2.079256e+01 8.327332e+00 -1.394834e+01
    endloop
  endfacet
  facet normal -3.653890e-01 -8.082568e-01 4.617486e-01
    outer loop
      vertex   -2.079256e+01 8.327332e+00 -1.394834e+01
      vertex   -2.226750e+01 9.033793e+00 -1.387887e+01
      vertex   -2.228240e+01 9.000842e+00 -1.394834e+01
    endloop
  endfacet
  facet normal -4.021685e-01 -8.896147e-01 2.164396e-01
    outer loop
      vertex   -2.079256e+01 8.327332e+00 -1.394834e+01
      vertex   -2.228240e+01 9.000842e+00 -1.394834e+01
      vertex   -2.079955e+01 8.311886e+00 -1.402479e+01
    endloop
  endfacet
  facet normal -4.021685e-01 -8.896147e-01 2.164396e-01
    outer loop
      vertex   -2.079955e+01 8.311886e+00 -1.402479e+01
      vertex   -2.228240e+01 9.000842e+00 -1.394834e+01
      vertex   -2.228938e+01 8.985396e+00 -1.402479e+01
    endloop
  endfacet
  facet normal -4.115409e-01 -9.103469e-01 -4.361939e-02
    outer loop
      vertex   -2.079955e+01 8.311886e+00 -1.402479e+01
      vertex   -2.228938e+01 8.985396e+00 -1.402479e+01
      vertex   -2.079814e+01 8.314999e+00 -1.410304e+01
    endloop
  endfacet
  facet normal -4.115409e-01 -9.103469e-01 -4.361939e-02
    outer loop
      vertex   -2.079814e+01 8.314999e+00 -1.410304e+01
      vertex   -2.228938e+01 8.985396e+00 -1.402479e+01
      vertex   -2.228798e+01 8.988509e+00 -1.410304e+01
    endloop
  endfacet
  facet normal -3.928674e-01 -8.690404e-01 -3.007058e-01
    outer loop
      vertex   -2.079814e+01 8.314999e+00 -1.410304e+01
      vertex   -2.228798e+01 8.988509e+00 -1.410304e+01
      vertex   -2.078844e+01 8.336458e+00 -1.417773e+01
    endloop
  endfacet
  facet normal -3.928674e-01 -8.690404e-01 -3.007058e-01
    outer loop
      vertex   -2.078844e+01 8.336458e+00 -1.417773e+01
      vertex   -2.228798e+01 8.988509e+00 -1.410304e+01
      vertex   -2.227827e+01 9.009968e+00 -1.417773e+01
    endloop
  endfacet
  facet normal -3.474207e-01 -7.685102e-01 -5.372996e-01
    outer loop
      vertex   -2.078844e+01 8.336458e+00 -1.417773e+01
      vertex   -2.227827e+01 9.009968e+00 -1.417773e+01
      vertex   -2.077111e+01 8.374801e+00 -1.424378e+01
    endloop
  endfacet
  facet normal -3.474207e-01 -7.685102e-01 -5.372996e-01
    outer loop
      vertex   -2.077111e+01 8.374801e+00 -1.424378e+01
      vertex   -2.227827e+01 9.009968e+00 -1.417773e+01
      vertex   -2.226094e+01 9.048311e+00 -1.424378e+01
    endloop
  endfacet
  facet normal -2.782979e-01 -6.156074e-01 -7.372773e-01
    outer loop
      vertex   -2.077111e+01 8.374801e+00 -1.424378e+01
      vertex   -2.226094e+01 9.048311e+00 -1.424378e+01
      vertex   -2.074732e+01 8.427415e+00 -1.429669e+01
    endloop
  endfacet
  facet normal -2.782979e-01 -6.156074e-01 -7.372773e-01
    outer loop
      vertex   -2.074732e+01 8.427415e+00 -1.429669e+01
      vertex   -2.226094e+01 9.048311e+00 -1.424378e+01
      vertex   -2.223716e+01 9.100925e+00 -1.429669e+01
    endloop
  endfacet
  facet normal -1.902095e-01 -4.207519e-01 -8.870108e-01
    outer loop
      vertex   -2.074732e+01 8.427415e+00 -1.429669e+01
      vertex   -2.223716e+01 9.100925e+00 -1.429669e+01
      vertex   -2.071870e+01 8.490714e+00 -1.433285e+01
    endloop
  endfacet
  facet normal -1.902095e-01 -4.207519e-01 -8.870108e-01
    outer loop
      vertex   -2.071870e+01 8.490714e+00 -1.433285e+01
      vertex   -2.223716e+01 9.100925e+00 -1.429669e+01
      vertex   -2.220854e+01 9.164224e+00 -1.433285e+01
    endloop
  endfacet
  facet normal -8.915861e-02 -1.972228e-01 -9.762960e-01
    outer loop
      vertex   -2.071870e+01 8.490714e+00 -1.433285e+01
      vertex   -2.220854e+01 9.164224e+00 -1.433285e+01
      vertex   -2.068721e+01 8.560385e+00 -1.434980e+01
    endloop
  endfacet
  facet normal -8.915861e-02 -1.972228e-01 -9.762960e-01
    outer loop
      vertex   -2.068721e+01 8.560385e+00 -1.434980e+01
      vertex   -2.220854e+01 9.164224e+00 -1.433285e+01
      vertex   -2.217704e+01 9.233895e+00 -1.434980e+01
    endloop
  endfacet
  facet normal 1.796826e-02 3.974660e-02 -9.990482e-01
    outer loop
      vertex   -2.068721e+01 8.560385e+00 -1.434980e+01
      vertex   -2.217704e+01 9.233895e+00 -1.434980e+01
      vertex   -2.065498e+01 8.631679e+00 -1.434638e+01
    endloop
  endfacet
  facet normal 1.796826e-02 3.974660e-02 -9.990482e-01
    outer loop
      vertex   -2.065498e+01 8.631679e+00 -1.434638e+01
      vertex   -2.217704e+01 9.233895e+00 -1.434980e+01
      vertex   -2.214481e+01 9.305189e+00 -1.434638e+01
    endloop
  endfacet
  facet normal 1.238706e-01 2.740074e-01 -9.537170e-01
    outer loop
      vertex   -2.065498e+01 8.631679e+00 -1.434638e+01
      vertex   -2.214481e+01 9.305189e+00 -1.434638e+01
      vertex   -2.062421e+01 8.699739e+00 -1.432283e+01
    endloop
  endfacet
  facet normal 1.238706e-01 2.740074e-01 -9.537170e-01
    outer loop
      vertex   -2.062421e+01 8.699739e+00 -1.432283e+01
      vertex   -2.214481e+01 9.305189e+00 -1.434638e+01
      vertex   -2.211405e+01 9.373249e+00 -1.432283e+01
    endloop
  endfacet
  facet normal 2.213314e-01 4.895950e-01 -8.433914e-01
    outer loop
      vertex   -2.062421e+01 8.699739e+00 -1.432283e+01
      vertex   -2.211405e+01 9.373249e+00 -1.432283e+01
      vertex   -2.059700e+01 8.759925e+00 -1.428075e+01
    endloop
  endfacet
  facet normal 2.213314e-01 4.895950e-01 -8.433914e-01
    outer loop
      vertex   -2.059700e+01 8.759925e+00 -1.428075e+01
      vertex   -2.211405e+01 9.373249e+00 -1.432283e+01
      vertex   -2.208684e+01 9.433435e+00 -1.428075e+01
    endloop
  endfacet
  facet normal 3.037088e-01 6.718175e-01 -6.755902e-01
    outer loop
      vertex   -2.059700e+01 8.759925e+00 -1.428075e+01
      vertex   -2.208684e+01 9.433435e+00 -1.428075e+01
      vertex   -2.057521e+01 8.808137e+00 -1.422301e+01
    endloop
  endfacet
  facet normal 3.037088e-01 6.718175e-01 -6.755902e-01
    outer loop
      vertex   -2.057521e+01 8.808137e+00 -1.422301e+01
      vertex   -2.208684e+01 9.433435e+00 -1.428075e+01
      vertex   -2.206504e+01 9.481647e+00 -1.422301e+01
    endloop
  endfacet
  facet normal 3.653890e-01 8.082568e-01 -4.617486e-01
    outer loop
      vertex   -2.057521e+01 8.808137e+00 -1.422301e+01
      vertex   -2.206504e+01 9.481647e+00 -1.422301e+01
      vertex   -2.056031e+01 8.841088e+00 -1.415355e+01
    endloop
  endfacet
  facet normal 3.653890e-01 8.082568e-01 -4.617486e-01
    outer loop
      vertex   -2.056031e+01 8.841088e+00 -1.415355e+01
      vertex   -2.206504e+01 9.481647e+00 -1.422301e+01
      vertex   -2.205015e+01 9.514599e+00 -1.415355e+01
    endloop
  endfacet
  facet normal 4.021685e-01 8.896147e-01 -2.164396e-01
    outer loop
      vertex   -2.056031e+01 8.841088e+00 -1.415355e+01
      vertex   -2.205015e+01 9.514599e+00 -1.415355e+01
      vertex   -2.055333e+01 8.856534e+00 -1.407709e+01
    endloop
  endfacet
  facet normal 4.021685e-01 8.896147e-01 -2.164396e-01
    outer loop
      vertex   -2.055333e+01 8.856534e+00 -1.407709e+01
      vertex   -2.205015e+01 9.514599e+00 -1.415355e+01
      vertex   -2.204316e+01 9.530044e+00 -1.407709e+01
    endloop
  endfacet
  facet normal 4.115409e-01 9.103469e-01 4.361939e-02
    outer loop
      vertex   -2.055333e+01 8.856534e+00 -1.407709e+01
      vertex   -2.204316e+01 9.530044e+00 -1.407709e+01
      vertex   -2.055474e+01 8.853421e+00 -1.399885e+01
    endloop
  endfacet
  facet normal 4.115409e-01 9.103469e-01 4.361939e-02
    outer loop
      vertex   -2.055474e+01 8.853421e+00 -1.399885e+01
      vertex   -2.204316e+01 9.530044e+00 -1.407709e+01
      vertex   -2.204457e+01 9.526931e+00 -1.399885e+01
    endloop
  endfacet
  facet normal 3.928674e-01 8.690404e-01 3.007058e-01
    outer loop
      vertex   -2.055474e+01 8.853421e+00 -1.399885e+01
      vertex   -2.204457e+01 9.526931e+00 -1.399885e+01
      vertex   -2.056444e+01 8.831962e+00 -1.392416e+01
    endloop
  endfacet
  facet normal 3.928674e-01 8.690404e-01 3.007058e-01
    outer loop
      vertex   -2.056444e+01 8.831962e+00 -1.392416e+01
      vertex   -2.204457e+01 9.526931e+00 -1.399885e+01
      vertex   -2.205427e+01 9.505472e+00 -1.392416e+01
    endloop
  endfacet
  facet normal 3.474207e-01 7.685102e-01 5.372996e-01
    outer loop
      vertex   -2.056444e+01 8.831962e+00 -1.392416e+01
      vertex   -2.205427e+01 9.505472e+00 -1.392416e+01
      vertex   -2.058177e+01 8.793619e+00 -1.385810e+01
    endloop
  endfacet
  facet normal 3.474207e-01 7.685102e-01 5.372996e-01
    outer loop
      vertex   -2.058177e+01 8.793619e+00 -1.385810e+01
      vertex   -2.205427e+01 9.505472e+00 -1.392416e+01
      vertex   -2.207161e+01 9.467129e+00 -1.385810e+01
    endloop
  endfacet
  facet normal 2.782979e-01 6.156074e-01 7.372773e-01
    outer loop
      vertex   -2.058177e+01 8.793619e+00 -1.385810e+01
      vertex   -2.207161e+01 9.467129e+00 -1.385810e+01
      vertex   -2.060556e+01 8.741005e+00 -1.380520e+01
    endloop
  endfacet
  facet normal 2.782979e-01 6.156074e-01 7.372773e-01
    outer loop
      vertex   -2.060556e+01 8.741005e+00 -1.380520e+01
      vertex   -2.207161e+01 9.467129e+00 -1.385810e+01
      vertex   -2.209539e+01 9.414516e+00 -1.380520e+01
    endloop
  endfacet
  facet normal 1.902095e-01 4.207519e-01 8.870108e-01
    outer loop
      vertex   -2.209539e+01 9.414516e+00 -1.380520e+01
      vertex   -2.358523e+01 1.008803e+01 -1.380520e+01
      vertex   -2.212401e+01 9.351216e+00 -1.376903e+01
    endloop
  endfacet
  facet normal 1.902095e-01 4.207519e-01 8.870108e-01
    outer loop
      vertex   -2.212401e+01 9.351216e+00 -1.376903e+01
      vertex   -2.358523e+01 1.008803e+01 -1.380520e+01
      vertex   -2.361384e+01 1.002473e+01 -1.376903e+01
    endloop
  endfacet
  facet normal 8.915861e-02 1.972228e-01 9.762960e-01
    outer loop
      vertex   -2.212401e+01 9.351216e+00 -1.376903e+01
      vertex   -2.361384e+01 1.002473e+01 -1.376903e+01
      vertex   -2.215550e+01 9.281546e+00 -1.375208e+01
    endloop
  endfacet
  facet normal 8.915861e-02 1.972228e-01 9.762960e-01
    outer loop
      vertex   -2.215550e+01 9.281546e+00 -1.375208e+01
      vertex   -2.361384e+01 1.002473e+01 -1.376903e+01
      vertex   -2.364534e+01 9.955056e+00 -1.375208e+01
    endloop
  endfacet
  facet normal -1.796826e-02 -3.974660e-02 9.990482e-01
    outer loop
      vertex   -2.215550e+01 9.281546e+00 -1.375208e+01
      vertex   -2.364534e+01 9.955056e+00 -1.375208e+01
      vertex   -2.218773e+01 9.210251e+00 -1.375550e+01
    endloop
  endfacet
  facet normal -1.796826e-02 -3.974660e-02 9.990482e-01
    outer loop
      vertex   -2.218773e+01 9.210251e+00 -1.375550e+01
      vertex   -2.364534e+01 9.955056e+00 -1.375208e+01
      vertex   -2.367757e+01 9.883761e+00 -1.375550e+01
    endloop
  endfacet
  facet normal -1.238706e-01 -2.740074e-01 9.537170e-01
    outer loop
      vertex   -2.218773e+01 9.210251e+00 -1.375550e+01
      vertex   -2.367757e+01 9.883761e+00 -1.375550e+01
      vertex   -2.221850e+01 9.142192e+00 -1.377905e+01
    endloop
  endfacet
  facet normal -1.238706e-01 -2.740074e-01 9.537170e-01
    outer loop
      vertex   -2.221850e+01 9.142192e+00 -1.377905e+01
      vertex   -2.367757e+01 9.883761e+00 -1.375550e+01
      vertex   -2.370833e+01 9.815702e+00 -1.377905e+01
    endloop
  endfacet
  facet normal -2.213314e-01 -4.895950e-01 8.433914e-01
    outer loop
      vertex   -2.221850e+01 9.142192e+00 -1.377905e+01
      vertex   -2.370833e+01 9.815702e+00 -1.377905e+01
      vertex   -2.224571e+01 9.082005e+00 -1.382113e+01
    endloop
  endfacet
  facet normal -2.213314e-01 -4.895950e-01 8.433914e-01
    outer loop
      vertex   -2.224571e+01 9.082005e+00 -1.382113e+01
      vertex   -2.370833e+01 9.815702e+00 -1.377905e+01
      vertex   -2.373554e+01 9.755515e+00 -1.382113e+01
    endloop
  endfacet
  facet normal -3.037088e-01 -6.718175e-01 6.755902e-01
    outer loop
      vertex   -2.224571e+01 9.082005e+00 -1.382113e+01
      vertex   -2.373554e+01 9.755515e+00 -1.382113e+01
      vertex   -2.226750e+01 9.033793e+00 -1.387887e+01
    endloop
  endfacet
  facet normal -3.037088e-01 -6.718175e-01 6.755902e-01
    outer loop
      vertex   -2.226750e+01 9.033793e+00 -1.387887e+01
      vertex   -2.373554e+01 9.755515e+00 -1.382113e+01
      vertex   -2.375734e+01 9.707304e+00 -1.387887e+01
    endloop
  endfacet
  facet normal -3.653890e-01 -8.082568e-01 4.617486e-01
    outer loop
      vertex   -2.226750e+01 9.033793e+00 -1.387887e+01
      vertex   -2.375734e+01 9.707304e+00 -1.387887e+01
      vertex   -2.228240e+01 9.000842e+00 -1.394834e+01
    endloop
  endfacet
  facet normal -3.653890e-01 -8.082568e-01 4.617486e-01
    outer loop
      vertex   -2.228240e+01 9.000842e+00 -1.394834e+01
      vertex   -2.375734e+01 9.707304e+00 -1.387887e+01
      vertex   -2.377223e+01 9.674352e+00 -1.394834e+01
    endloop
  endfacet
  facet normal -4.021685e-01 -8.896147e-01 2.164396e-01
    outer loop
      vertex   -2.228240e+01 9.000842e+00 -1.394834e+01
      vertex   -2.377223e+01 9.674352e+00 -1.394834e+01
      vertex   -2.228938e+01 8.985396e+00 -1.402479e+01
    endloop
  endfacet
  facet normal -4.021685e-01 -8.896147e-01 2.164396e-01
    outer loop
      vertex   -2.228938e+01 8.985396e+00 -1.402479e+01
      vertex   -2.377223e+01 9.674352e+00 -1.394834e+01
      vertex   -2.377922e+01 9.658907e+00 -1.402479e+01
    endloop
  endfacet
  facet normal -4.115409e-01 -9.103469e-01 -4.361939e-02
    outer loop
      vertex   -2.228938e+01 8.985396e+00 -1.402479e+01
      vertex   -2.377922e+01 9.658907e+00 -1.402479e+01
      vertex   -2.228798e+01 8.988509e+00 -1.410304e+01
    endloop
  endfacet
  facet normal -4.115409e-01 -9.103469e-01 -4.361939e-02
    outer loop
      vertex   -2.228798e+01 8.988509e+00 -1.410304e+01
      vertex   -2.377922e+01 9.658907e+00 -1.402479e+01
      vertex   -2.377781e+01 9.662019e+00 -1.410304e+01
    endloop
  endfacet
  facet normal -3.928674e-01 -8.690404e-01 -3.007058e-01
    outer loop
      vertex   -2.228798e+01 8.988509e+00 -1.410304e+01
      vertex   -2.377781e+01 9.662019e+00 -1.410304e+01
      vertex   -2.227827e+01 9.009968e+00 -1.417773e+01
    endloop
  endfacet
  facet normal -3.928674e-01 -8.690404e-01 -3.007058e-01
    outer loop
      vertex   -2.227827e+01 9.009968e+00 -1.417773e+01
      vertex   -2.377781e+01 9.662019e+00 -1.410304e+01
      vertex   -2.376811e+01 9.683478e+00 -1.417773e+01
    endloop
  endfacet
  facet normal -3.474207e-01 -7.685102e-01 -5.372996e-01
    outer loop
      vertex   -2.227827e+01 9.009968e+00 -1.417773e+01
      vertex   -2.376811e+01 9.683478e+00 -1.417773e+01
      vertex   -2.226094e+01 9.048311e+00 -1.424378e+01
    endloop
  endfacet
  facet normal -3.474207e-01 -7.685102e-01 -5.372996e-01
    outer loop
      vertex   -2.226094e+01 9.048311e+00 -1.424378e+01
      vertex   -2.376811e+01 9.683478e+00 -1.417773e+01
      vertex   -2.375078e+01 9.721821e+00 -1.424378e+01
    endloop
  endfacet
  facet normal -2.782979e-01 -6.156074e-01 -7.372773e-01
    outer loop
      vertex   -2.226094e+01 9.048311e+00 -1.424378e+01
      vertex   -2.375078e+01 9.721821e+00 -1.424378e+01
      vertex   -2.223716e+01 9.100925e+00 -1.429669e+01
    endloop
  endfacet
  facet normal -2.782979e-01 -6.156074e-01 -7.372773e-01
    outer loop
      vertex   -2.223716e+01 9.100925e+00 -1.429669e+01
      vertex   -2.375078e+01 9.721821e+00 -1.424378e+01
      vertex   -2.372699e+01 9.774435e+00 -1.429669e+01
    endloop
  endfacet
  facet normal -1.902095e-01 -4.207519e-01 -8.870108e-01
    outer loop
      vertex   -2.223716e+01 9.100925e+00 -1.429669e+01
      vertex   -2.372699e+01 9.774435e+00 -1.429669e+01
      vertex   -2.220854e+01 9.164224e+00 -1.433285e+01
    endloop
  endfacet
  facet normal -1.902095e-01 -4.207519e-01 -8.870108e-01
    outer loop
      vertex   -2.220854e+01 9.164224e+00 -1.433285e+01
      vertex   -2.372699e+01 9.774435e+00 -1.429669e+01
      vertex   -2.369837e+01 9.837735e+00 -1.433285e+01
    endloop
  endfacet
  facet normal -8.915861e-02 -1.972228e-01 -9.762960e-01
    outer loop
      vertex   -2.220854e+01 9.164224e+00 -1.433285e+01
      vertex   -2.369837e+01 9.837735e+00 -1.433285e+01
      vertex   -2.217704e+01 9.233895e+00 -1.434980e+01
    endloop
  endfacet
  facet normal -8.915861e-02 -1.972228e-01 -9.762960e-01
    outer loop
      vertex   -2.217704e+01 9.233895e+00 -1.434980e+01
      vertex   -2.369837e+01 9.837735e+00 -1.433285e+01
      vertex   -2.366688e+01 9.907405e+00 -1.434980e+01
    endloop
  endfacet
  facet normal 1.796826e-02 3.974660e-02 -9.990482e-01
    outer loop
      vertex   -2.217704e+01 9.233895e+00 -1.434980e+01
      vertex   -2.366688e+01 9.907405e+00 -1.434980e+01
      vertex   -2.214481e+01 9.305189e+00 -1.434638e+01
    endloop
  endfacet
  facet normal 1.796826e-02 3.974660e-02 -9.990482e-01
    outer loop
      vertex   -2.214481e+01 9.305189e+00 -1.434638e+01
      vertex   -2.366688e+01 9.907405e+00 -1.434980e+01
      vertex   -2.363465e+01 9.978700e+00 -1.434638e+01
    endloop
  endfacet
  facet normal 1.238706e-01 2.740074e-01 -9.537170e-01
    outer loop
      vertex   -2.214481e+01 9.305189e+00 -1.434638e+01
      vertex   -2.363465e+01 9.978700e+00 -1.434638e+01
      vertex   -2.211405e+01 9.373249e+00 -1.432283e+01
    endloop
  endfacet
  facet normal 1.238706e-01 2.740074e-01 -9.537170e-01
    outer loop
      vertex   -2.211405e+01 9.373249e+00 -1.432283e+01
      vertex   -2.363465e+01 9.978700e+00 -1.434638e+01
      vertex   -2.360388e+01 1.004676e+01 -1.432283e+01
    endloop
  endfacet
  facet normal 2.213314e-01 4.895950e-01 -8.433914e-01
    outer loop
      vertex   -2.211405e+01 9.373249e+00 -1.432283e+01
      vertex   -2.360388e+01 1.004676e+01 -1.432283e+01
      vertex   -2.208684e+01 9.433435e+00 -1.428075e+01
    endloop
  endfacet
  facet normal 2.213314e-01 4.895950e-01 -8.433914e-01
    outer loop
      vertex   -2.208684e+01 9.433435e+00 -1.428075e+01
      vertex   -2.360388e+01 1.004676e+01 -1.432283e+01
      vertex   -2.357667e+01 1.010695e+01 -1.428075e+01
    endloop
  endfacet
  facet normal 3.037088e-01 6.718175e-01 -6.755902e-01
    outer loop
      vertex   -2.208684e+01 9.433435e+00 -1.428075e+01
      vertex   -2.357667e+01 1.010695e+01 -1.428075e+01
      vertex   -2.206504e+01 9.481647e+00 -1.422301e+01
    endloop
  endfacet
  facet normal 3.037088e-01 6.718175e-01 -6.755902e-01
    outer loop
      vertex   -2.206504e+01 9.481647e+00 -1.422301e+01
      vertex   -2.357667e+01 1.010695e+01 -1.428075e+01
      vertex   -2.355488e+01 1.015516e+01 -1.422301e+01
    endloop
  endfacet
  facet normal 3.653890e-01 8.082568e-01 -4.617486e-01
    outer loop
      vertex   -2.206504e+01 9.481647e+00 -1.422301e+01
      vertex   -2.355488e+01 1.015516e+01 -1.422301e+01
      vertex   -2.205015e+01 9.514599e+00 -1.415355e+01
    endloop
  endfacet
  facet normal 3.653890e-01 8.082568e-01 -4.617486e-01
    outer loop
      vertex   -2.205015e+01 9.514599e+00 -1.415355e+01
      vertex   -2.355488e+01 1.015516e+01 -1.422301e+01
      vertex   -2.353998e+01 1.018811e+01 -1.415355e+01
    endloop
  endfacet
  facet normal 4.021685e-01 8.896147e-01 -2.164396e-01
    outer loop
      vertex   -2.205015e+01 9.514599e+00 -1.415355e+01
      vertex   -2.353998e+01 1.018811e+01 -1.415355e+01
      vertex   -2.204316e+01 9.530044e+00 -1.407709e+01
    endloop
  endfacet
  facet normal 4.021685e-01 8.896147e-01 -2.164396e-01
    outer loop
      vertex   -2.204316e+01 9.530044e+00 -1.407709e+01
      vertex   -2.353998e+01 1.018811e+01 -1.415355e+01
      vertex   -2.353300e+01 1.020355e+01 -1.407709e+01
    endloop
  endfacet
  facet normal 4.115409e-01 9.103469e-01 4.361939e-02
    outer loop
      vertex   -2.204316e+01 9.530044e+00 -1.407709e+01
      vertex   -2.353300e+01 1.020355e+01 -1.407709e+01
      vertex   -2.204457e+01 9.526931e+00 -1.399885e+01
    endloop
  endfacet
  facet normal 4.115409e-01 9.103469e-01 4.361939e-02
    outer loop
      vertex   -2.204457e+01 9.526931e+00 -1.399885e+01
      vertex   -2.353300e+01 1.020355e+01 -1.407709e+01
      vertex   -2.353441e+01 1.020044e+01 -1.399885e+01
    endloop
  endfacet
  facet normal 3.928674e-01 8.690404e-01 3.007058e-01
    outer loop
      vertex   -2.204457e+01 9.526931e+00 -1.399885e+01
      vertex   -2.353441e+01 1.020044e+01 -1.399885e+01
      vertex   -2.205427e+01 9.505472e+00 -1.392416e+01
    endloop
  endfacet
  facet normal 3.928674e-01 8.690404e-01 3.007058e-01
    outer loop
      vertex   -2.205427e+01 9.505472e+00 -1.392416e+01
      vertex   -2.353441e+01 1.020044e+01 -1.399885e+01
      vertex   -2.354411e+01 1.017898e+01 -1.392416e+01
    endloop
  endfacet
  facet normal 3.474207e-01 7.685102e-01 5.372996e-01
    outer loop
      vertex   -2.205427e+01 9.505472e+00 -1.392416e+01
      vertex   -2.354411e+01 1.017898e+01 -1.392416e+01
      vertex   -2.207161e+01 9.467129e+00 -1.385810e+01
    endloop
  endfacet
  facet normal 3.474207e-01 7.685102e-01 5.372996e-01
    outer loop
      vertex   -2.207161e+01 9.467129e+00 -1.385810e+01
      vertex   -2.354411e+01 1.017898e+01 -1.392416e+01
      vertex   -2.356144e+01 1.014064e+01 -1.385810e+01
    endloop
  endfacet
  facet normal 2.782979e-01 6.156074e-01 7.372773e-01
    outer loop
      vertex   -2.207161e+01 9.467129e+00 -1.385810e+01
      vertex   -2.356144e+01 1.014064e+01 -1.385810e+01
      vertex   -2.209539e+01 9.414516e+00 -1.380520e+01
    endloop
  endfacet
  facet normal 2.782979e-01 6.156074e-01 7.372773e-01
    outer loop
      vertex   -2.209539e+01 9.414516e+00 -1.380520e+01
      vertex   -2.356144e+01 1.014064e+01 -1.385810e+01
      vertex   -2.358523e+01 1.008803e+01 -1.380520e+01
    endloop
  endfacet
  facet normal 1.902095e-01 4.207519e-01 8.870108e-01
    outer loop
      vertex   -2.358523e+01 1.008803e+01 -1.380520e+01
      vertex   -2.507506e+01 1.076154e+01 -1.380520e+01
      vertex   -2.361384e+01 1.002473e+01 -1.376903e+01
    endloop
  endfacet
  facet normal 1.902095e-01 4.207519e-01 8.870108e-01
    outer loop
      vertex   -2.361384e+01 1.002473e+01 -1.376903e+01
      vertex   -2.507506e+01 1.076154e+01 -1.380520e+01
      vertex   -2.510368e+01 1.069824e+01 -1.376903e+01
    endloop
  endfacet
  facet normal 8.915861e-02 1.972228e-01 9.762960e-01
    outer loop
      vertex   -2.361384e+01 1.002473e+01 -1.376903e+01
      vertex   -2.510368e+01 1.069824e+01 -1.376903e+01
      vertex   -2.364534e+01 9.955056e+00 -1.375208e+01
    endloop
  endfacet
  facet normal 8.915861e-02 1.972228e-01 9.762960e-01
    outer loop
      vertex   -2.364534e+01 9.955056e+00 -1.375208e+01
      vertex   -2.510368e+01 1.069824e+01 -1.376903e+01
      vertex   -2.513517e+01 1.062857e+01 -1.375208e+01
    endloop
  endfacet
  facet normal -1.796826e-02 -3.974660e-02 9.990482e-01
    outer loop
      vertex   -2.364534e+01 9.955056e+00 -1.375208e+01
      vertex   -2.513517e+01 1.062857e+01 -1.375208e+01
      vertex   -2.367757e+01 9.883761e+00 -1.375550e+01
    endloop
  endfacet
  facet normal -1.796826e-02 -3.974660e-02 9.990482e-01
    outer loop
      vertex   -2.367757e+01 9.883761e+00 -1.375550e+01
      vertex   -2.513517e+01 1.062857e+01 -1.375208e+01
      vertex   -2.516740e+01 1.055727e+01 -1.375550e+01
    endloop
  endfacet
  facet normal -1.238706e-01 -2.740074e-01 9.537170e-01
    outer loop
      vertex   -2.367757e+01 9.883761e+00 -1.375550e+01
      vertex   -2.516740e+01 1.055727e+01 -1.375550e+01
      vertex   -2.370833e+01 9.815702e+00 -1.377905e+01
    endloop
  endfacet
  facet normal -1.238706e-01 -2.740074e-01 9.537170e-01
    outer loop
      vertex   -2.370833e+01 9.815702e+00 -1.377905e+01
      vertex   -2.516740e+01 1.055727e+01 -1.375550e+01
      vertex   -2.519817e+01 1.048921e+01 -1.377905e+01
    endloop
  endfacet
  facet normal -2.213314e-01 -4.895950e-01 8.433914e-01
    outer loop
      vertex   -2.370833e+01 9.815702e+00 -1.377905e+01
      vertex   -2.519817e+01 1.048921e+01 -1.377905e+01
      vertex   -2.373554e+01 9.755515e+00 -1.382113e+01
    endloop
  endfacet
  facet normal -2.213314e-01 -4.895950e-01 8.433914e-01
    outer loop
      vertex   -2.373554e+01 9.755515e+00 -1.382113e+01
      vertex   -2.519817e+01 1.048921e+01 -1.377905e+01
      vertex   -2.522538e+01 1.042903e+01 -1.382113e+01
    endloop
  endfacet
  facet normal -3.037088e-01 -6.718175e-01 6.755902e-01
    outer loop
      vertex   -2.373554e+01 9.755515e+00 -1.382113e+01
      vertex   -2.522538e+01 1.042903e+01 -1.382113e+01
      vertex   -2.375734e+01 9.707304e+00 -1.387887e+01
    endloop
  endfacet
  facet normal -3.037088e-01 -6.718175e-01 6.755902e-01
    outer loop
      vertex   -2.375734e+01 9.707304e+00 -1.387887e+01
      vertex   -2.522538e+01 1.042903e+01 -1.382113e+01
      vertex   -2.524717e+01 1.038081e+01 -1.387887e+01
    endloop
  endfacet
  facet normal -3.653890e-01 -8.082568e-01 4.617486e-01
    outer loop
      vertex   -2.375734e+01 9.707304e+00 -1.387887e+01
      vertex   -2.524717e+01 1.038081e+01 -1.387887e+01
      vertex   -2.377223e+01 9.674352e+00 -1.394834e+01
    endloop
  endfacet
  facet normal -3.653890e-01 -8.082568e-01 4.617486e-01
    outer loop
      vertex   -2.377223e+01 9.674352e+00 -1.394834e+01
      vertex   -2.524717e+01 1.038081e+01 -1.387887e+01
      vertex   -2.526207e+01 1.034786e+01 -1.394834e+01
    endloop
  endfacet
  facet normal -4.021685e-01 -8.896147e-01 2.164396e-01
    outer loop
      vertex   -2.377223e+01 9.674352e+00 -1.394834e+01
      vertex   -2.526207e+01 1.034786e+01 -1.394834e+01
      vertex   -2.377922e+01 9.658907e+00 -1.402479e+01
    endloop
  endfacet
  facet normal -4.021685e-01 -8.896147e-01 2.164396e-01
    outer loop
      vertex   -2.377922e+01 9.658907e+00 -1.402479e+01
      vertex   -2.526207e+01 1.034786e+01 -1.394834e+01
      vertex   -2.526905e+01 1.033242e+01 -1.402479e+01
    endloop
  endfacet
  facet normal -4.115409e-01 -9.103469e-01 -4.361939e-02
    outer loop
      vertex   -2.377922e+01 9.658907e+00 -1.402479e+01
      vertex   -2.526905e+01 1.033242e+01 -1.402479e+01
      vertex   -2.377781e+01 9.662019e+00 -1.410304e+01
    endloop
  endfacet
  facet normal -4.115409e-01 -9.103469e-01 -4.361939e-02
    outer loop
      vertex   -2.377781e+01 9.662019e+00 -1.410304e+01
      vertex   -2.526905e+01 1.033242e+01 -1.402479e+01
      vertex   -2.526765e+01 1.033553e+01 -1.410304e+01
    endloop
  endfacet
  facet normal -3.928674e-01 -8.690404e-01 -3.007058e-01
    outer loop
      vertex   -2.377781e+01 9.662019e+00 -1.410304e+01
      vertex   -2.526765e+01 1.033553e+01 -1.410304e+01
      vertex   -2.376811e+01 9.683478e+00 -1.417773e+01
    endloop
  endfacet
  facet normal -3.928674e-01 -8.690404e-01 -3.007058e-01
    outer loop
      vertex   -2.376811e+01 9.683478e+00 -1.417773e+01
      vertex   -2.526765e+01 1.033553e+01 -1.410304e+01
      vertex   -2.525794e+01 1.035699e+01 -1.417773e+01
    endloop
  endfacet
  facet normal -3.474207e-01 -7.685102e-01 -5.372996e-01
    outer loop
      vertex   -2.376811e+01 9.683478e+00 -1.417773e+01
      vertex   -2.525794e+01 1.035699e+01 -1.417773e+01
      vertex   -2.375078e+01 9.721821e+00 -1.424378e+01
    endloop
  endfacet
  facet normal -3.474207e-01 -7.685102e-01 -5.372996e-01
    outer loop
      vertex   -2.375078e+01 9.721821e+00 -1.424378e+01
      vertex   -2.525794e+01 1.035699e+01 -1.417773e+01
      vertex   -2.524061e+01 1.039533e+01 -1.424378e+01
    endloop
  endfacet
  facet normal -2.782979e-01 -6.156074e-01 -7.372773e-01
    outer loop
      vertex   -2.375078e+01 9.721821e+00 -1.424378e+01
      vertex   -2.524061e+01 1.039533e+01 -1.424378e+01
      vertex   -2.372699e+01 9.774435e+00 -1.429669e+01
    endloop
  endfacet
  facet normal -2.782979e-01 -6.156074e-01 -7.372773e-01
    outer loop
      vertex   -2.372699e+01 9.774435e+00 -1.429669e+01
      vertex   -2.524061e+01 1.039533e+01 -1.424378e+01
      vertex   -2.521683e+01 1.044795e+01 -1.429669e+01
    endloop
  endfacet
  facet normal -1.902095e-01 -4.207519e-01 -8.870108e-01
    outer loop
      vertex   -2.372699e+01 9.774435e+00 -1.429669e+01
      vertex   -2.521683e+01 1.044795e+01 -1.429669e+01
      vertex   -2.369837e+01 9.837735e+00 -1.433285e+01
    endloop
  endfacet
  facet normal -1.902095e-01 -4.207519e-01 -8.870108e-01
    outer loop
      vertex   -2.369837e+01 9.837735e+00 -1.433285e+01
      vertex   -2.521683e+01 1.044795e+01 -1.429669e+01
      vertex   -2.518821e+01 1.051124e+01 -1.433285e+01
    endloop
  endfacet
  facet normal -8.915861e-02 -1.972228e-01 -9.762960e-01
    outer loop
      vertex   -2.369837e+01 9.837735e+00 -1.433285e+01
      vertex   -2.518821e+01 1.051124e+01 -1.433285e+01
      vertex   -2.366688e+01 9.907405e+00 -1.434980e+01
    endloop
  endfacet
  facet normal -8.915861e-02 -1.972228e-01 -9.762960e-01
    outer loop
      vertex   -2.366688e+01 9.907405e+00 -1.434980e+01
      vertex   -2.518821e+01 1.051124e+01 -1.433285e+01
      vertex   -2.515671e+01 1.058092e+01 -1.434980e+01
    endloop
  endfacet
  facet normal 1.796826e-02 3.974660e-02 -9.990482e-01
    outer loop
      vertex   -2.366688e+01 9.907405e+00 -1.434980e+01
      vertex   -2.515671e+01 1.058092e+01 -1.434980e+01
      vertex   -2.363465e+01 9.978700e+00 -1.434638e+01
    endloop
  endfacet
  facet normal 1.796826e-02 3.974660e-02 -9.990482e-01
    outer loop
      vertex   -2.363465e+01 9.978700e+00 -1.434638e+01
      vertex   -2.515671e+01 1.058092e+01 -1.434980e+01
      vertex   -2.512448e+01 1.065221e+01 -1.434638e+01
    endloop
  endfacet
  facet normal 1.238706e-01 2.740074e-01 -9.537170e-01
    outer loop
      vertex   -2.363465e+01 9.978700e+00 -1.434638e+01
      vertex   -2.512448e+01 1.065221e+01 -1.434638e+01
      vertex   -2.360388e+01 1.004676e+01 -1.432283e+01
    endloop
  endfacet
  facet normal 1.238706e-01 2.740074e-01 -9.537170e-01
    outer loop
      vertex   -2.360388e+01 1.004676e+01 -1.432283e+01
      vertex   -2.512448e+01 1.065221e+01 -1.434638e+01
      vertex   -2.509372e+01 1.072027e+01 -1.432283e+01
    endloop
  endfacet
  facet normal 2.213314e-01 4.895950e-01 -8.433914e-01
    outer loop
      vertex   -2.360388e+01 1.004676e+01 -1.432283e+01
      vertex   -2.509372e+01 1.072027e+01 -1.432283e+01
      vertex   -2.357667e+01 1.010695e+01 -1.428075e+01
    endloop
  endfacet
  facet normal 2.213314e-01 4.895950e-01 -8.433914e-01
    outer loop
      vertex   -2.357667e+01 1.010695e+01 -1.428075e+01
      vertex   -2.509372e+01 1.072027e+01 -1.432283e+01
      vertex   -2.506651e+01 1.078046e+01 -1.428075e+01
    endloop
  endfacet
  facet normal 3.037088e-01 6.718175e-01 -6.755902e-01
    outer loop
      vertex   -2.357667e+01 1.010695e+01 -1.428075e+01
      vertex   -2.506651e+01 1.078046e+01 -1.428075e+01
      vertex   -2.355488e+01 1.015516e+01 -1.422301e+01
    endloop
  endfacet
  facet normal 3.037088e-01 6.718175e-01 -6.755902e-01
    outer loop
      vertex   -2.355488e+01 1.015516e+01 -1.422301e+01
      vertex   -2.506651e+01 1.078046e+01 -1.428075e+01
      vertex   -2.504471e+01 1.082867e+01 -1.422301e+01
    endloop
  endfacet
  facet normal 3.653890e-01 8.082568e-01 -4.617486e-01
    outer loop
      vertex   -2.355488e+01 1.015516e+01 -1.422301e+01
      vertex   -2.504471e+01 1.082867e+01 -1.422301e+01
      vertex   -2.353998e+01 1.018811e+01 -1.415355e+01
    endloop
  endfacet
  facet normal 3.653890e-01 8.082568e-01 -4.617486e-01
    outer loop
      vertex   -2.353998e+01 1.018811e+01 -1.415355e+01
      vertex   -2.504471e+01 1.082867e+01 -1.422301e+01
      vertex   -2.502982e+01 1.086162e+01 -1.415355e+01
    endloop
  endfacet
  facet normal 4.021685e-01 8.896147e-01 -2.164396e-01
    outer loop
      vertex   -2.353998e+01 1.018811e+01 -1.415355e+01
      vertex   -2.502982e+01 1.086162e+01 -1.415355e+01
      vertex   -2.353300e+01 1.020355e+01 -1.407709e+01
    endloop
  endfacet
  facet normal 4.021685e-01 8.896147e-01 -2.164396e-01
    outer loop
      vertex   -2.353300e+01 1.020355e+01 -1.407709e+01
      vertex   -2.502982e+01 1.086162e+01 -1.415355e+01
      vertex   -2.502283e+01 1.087706e+01 -1.407709e+01
    endloop
  endfacet
  facet normal 4.115409e-01 9.103469e-01 4.361939e-02
    outer loop
      vertex   -2.353300e+01 1.020355e+01 -1.407709e+01
      vertex   -2.502283e+01 1.087706e+01 -1.407709e+01
      vertex   -2.353441e+01 1.020044e+01 -1.399885e+01
    endloop
  endfacet
  facet normal 4.115409e-01 9.103469e-01 4.361939e-02
    outer loop
      vertex   -2.353441e+01 1.020044e+01 -1.399885e+01
      vertex   -2.502283e+01 1.087706e+01 -1.407709e+01
      vertex   -2.502424e+01 1.087395e+01 -1.399885e+01
    endloop
  endfacet
  facet normal 3.928674e-01 8.690404e-01 3.007058e-01
    outer loop
      vertex   -2.353441e+01 1.020044e+01 -1.399885e+01
      vertex   -2.502424e+01 1.087395e+01 -1.399885e+01
      vertex   -2.354411e+01 1.017898e+01 -1.392416e+01
    endloop
  endfacet
  facet normal 3.928674e-01 8.690404e-01 3.007058e-01
    outer loop
      vertex   -2.354411e+01 1.017898e+01 -1.392416e+01
      vertex   -2.502424e+01 1.087395e+01 -1.399885e+01
      vertex   -2.503394e+01 1.085249e+01 -1.392416e+01
    endloop
  endfacet
  facet normal 3.474207e-01 7.685102e-01 5.372996e-01
    outer loop
      vertex   -2.354411e+01 1.017898e+01 -1.392416e+01
      vertex   -2.503394e+01 1.085249e+01 -1.392416e+01
      vertex   -2.356144e+01 1.014064e+01 -1.385810e+01
    endloop
  endfacet
  facet normal 3.474207e-01 7.685102e-01 5.372996e-01
    outer loop
      vertex   -2.356144e+01 1.014064e+01 -1.385810e+01
      vertex   -2.503394e+01 1.085249e+01 -1.392416e+01
      vertex   -2.505128e+01 1.081415e+01 -1.385810e+01
    endloop
  endfacet
  facet normal 2.782979e-01 6.156074e-01 7.372773e-01
    outer loop
      vertex   -2.356144e+01 1.014064e+01 -1.385810e+01
      vertex   -2.505128e+01 1.081415e+01 -1.385810e+01
      vertex   -2.358523e+01 1.008803e+01 -1.380520e+01
    endloop
  endfacet
  facet normal 2.782979e-01 6.156074e-01 7.372773e-01
    outer loop
      vertex   -2.358523e+01 1.008803e+01 -1.380520e+01
      vertex   -2.505128e+01 1.081415e+01 -1.385810e+01
      vertex   -2.507506e+01 1.076154e+01 -1.380520e+01
    endloop
  endfacet
  facet normal 1.902095e-01 4.207519e-01 8.870108e-01
    outer loop
      vertex   -2.507506e+01 1.076154e+01 -1.380520e+01
      vertex   -2.656490e+01 1.143505e+01 -1.380520e+01
      vertex   -2.510368e+01 1.069824e+01 -1.376903e+01
    endloop
  endfacet
  facet normal 1.902095e-01 4.207519e-01 8.870108e-01
    outer loop
      vertex   -2.510368e+01 1.069824e+01 -1.376903e+01
      vertex   -2.656490e+01 1.143505e+01 -1.380520e+01
      vertex   -2.659351e+01 1.137175e+01 -1.376903e+01
    endloop
  endfacet
  facet normal 8.915861e-02 1.972228e-01 9.762960e-01
    outer loop
      vertex   -2.510368e+01 1.069824e+01 -1.376903e+01
      vertex   -2.659351e+01 1.137175e+01 -1.376903e+01
      vertex   -2.513517e+01 1.062857e+01 -1.375208e+01
    endloop
  endfacet
  facet normal 8.915861e-02 1.972228e-01 9.762960e-01
    outer loop
      vertex   -2.513517e+01 1.062857e+01 -1.375208e+01
      vertex   -2.659351e+01 1.137175e+01 -1.376903e+01
      vertex   -2.662501e+01 1.130208e+01 -1.375208e+01
    endloop
  endfacet
  facet normal -1.796826e-02 -3.974660e-02 9.990482e-01
    outer loop
      vertex   -2.513517e+01 1.062857e+01 -1.375208e+01
      vertex   -2.662501e+01 1.130208e+01 -1.375208e+01
      vertex   -2.516740e+01 1.055727e+01 -1.375550e+01
    endloop
  endfacet
  facet normal -1.796826e-02 -3.974660e-02 9.990482e-01
    outer loop
      vertex   -2.516740e+01 1.055727e+01 -1.375550e+01
      vertex   -2.662501e+01 1.130208e+01 -1.375208e+01
      vertex   -2.665724e+01 1.123078e+01 -1.375550e+01
    endloop
  endfacet
  facet normal -1.238706e-01 -2.740074e-01 9.537170e-01
    outer loop
      vertex   -2.516740e+01 1.055727e+01 -1.375550e+01
      vertex   -2.665724e+01 1.123078e+01 -1.375550e+01
      vertex   -2.519817e+01 1.048921e+01 -1.377905e+01
    endloop
  endfacet
  facet normal -1.238706e-01 -2.740074e-01 9.537170e-01
    outer loop
      vertex   -2.519817e+01 1.048921e+01 -1.377905e+01
      vertex   -2.665724e+01 1.123078e+01 -1.375550e+01
      vertex   -2.668801e+01 1.116272e+01 -1.377905e+01
    endloop
  endfacet
  facet normal -2.213314e-01 -4.895950e-01 8.433914e-01
    outer loop
      vertex   -2.519817e+01 1.048921e+01 -1.377905e+01
      vertex   -2.668801e+01 1.116272e+01 -1.377905e+01
      vertex   -2.522538e+01 1.042903e+01 -1.382113e+01
    endloop
  endfacet
  facet normal -2.213314e-01 -4.895950e-01 8.433914e-01
    outer loop
      vertex   -2.522538e+01 1.042903e+01 -1.382113e+01
      vertex   -2.668801e+01 1.116272e+01 -1.377905e+01
      vertex   -2.671521e+01 1.110254e+01 -1.382113e+01
    endloop
  endfacet
  facet normal -3.037088e-01 -6.718175e-01 6.755902e-01
    outer loop
      vertex   -2.522538e+01 1.042903e+01 -1.382113e+01
      vertex   -2.671521e+01 1.110254e+01 -1.382113e+01
      vertex   -2.524717e+01 1.038081e+01 -1.387887e+01
    endloop
  endfacet
  facet normal -3.037088e-01 -6.718175e-01 6.755902e-01
    outer loop
      vertex   -2.524717e+01 1.038081e+01 -1.387887e+01
      vertex   -2.671521e+01 1.110254e+01 -1.382113e+01
      vertex   -2.673701e+01 1.105432e+01 -1.387887e+01
    endloop
  endfacet
  facet normal -3.653890e-01 -8.082568e-01 4.617486e-01
    outer loop
      vertex   -2.524717e+01 1.038081e+01 -1.387887e+01
      vertex   -2.673701e+01 1.105432e+01 -1.387887e+01
      vertex   -2.526207e+01 1.034786e+01 -1.394834e+01
    endloop
  endfacet
  facet normal -3.653890e-01 -8.082568e-01 4.617486e-01
    outer loop
      vertex   -2.526207e+01 1.034786e+01 -1.394834e+01
      vertex   -2.673701e+01 1.105432e+01 -1.387887e+01
      vertex   -2.675191e+01 1.102137e+01 -1.394834e+01
    endloop
  endfacet
  facet normal -4.021685e-01 -8.896147e-01 2.164396e-01
    outer loop
      vertex   -2.526207e+01 1.034786e+01 -1.394834e+01
      vertex   -2.675191e+01 1.102137e+01 -1.394834e+01
      vertex   -2.526905e+01 1.033242e+01 -1.402479e+01
    endloop
  endfacet
  facet normal -4.021685e-01 -8.896147e-01 2.164396e-01
    outer loop
      vertex   -2.526905e+01 1.033242e+01 -1.402479e+01
      vertex   -2.675191e+01 1.102137e+01 -1.394834e+01
      vertex   -2.675889e+01 1.100593e+01 -1.402479e+01
    endloop
  endfacet
  facet normal -4.115409e-01 -9.103469e-01 -4.361939e-02
    outer loop
      vertex   -2.526905e+01 1.033242e+01 -1.402479e+01
      vertex   -2.675889e+01 1.100593e+01 -1.402479e+01
      vertex   -2.526765e+01 1.033553e+01 -1.410304e+01
    endloop
  endfacet
  facet normal -4.115409e-01 -9.103469e-01 -4.361939e-02
    outer loop
      vertex   -2.526765e+01 1.033553e+01 -1.410304e+01
      vertex   -2.675889e+01 1.100593e+01 -1.402479e+01
      vertex   -2.675748e+01 1.100904e+01 -1.410304e+01
    endloop
  endfacet
  facet normal -3.928674e-01 -8.690404e-01 -3.007058e-01
    outer loop
      vertex   -2.526765e+01 1.033553e+01 -1.410304e+01
      vertex   -2.675748e+01 1.100904e+01 -1.410304e+01
      vertex   -2.525794e+01 1.035699e+01 -1.417773e+01
    endloop
  endfacet
  facet normal -3.928674e-01 -8.690404e-01 -3.007058e-01
    outer loop
      vertex   -2.525794e+01 1.035699e+01 -1.417773e+01
      vertex   -2.675748e+01 1.100904e+01 -1.410304e+01
      vertex   -2.674778e+01 1.103050e+01 -1.417773e+01
    endloop
  endfacet
  facet normal -3.474207e-01 -7.685102e-01 -5.372996e-01
    outer loop
      vertex   -2.525794e+01 1.035699e+01 -1.417773e+01
      vertex   -2.674778e+01 1.103050e+01 -1.417773e+01
      vertex   -2.524061e+01 1.039533e+01 -1.424378e+01
    endloop
  endfacet
  facet normal -3.474207e-01 -7.685102e-01 -5.372996e-01
    outer loop
      vertex   -2.524061e+01 1.039533e+01 -1.424378e+01
      vertex   -2.674778e+01 1.103050e+01 -1.417773e+01
      vertex   -2.673045e+01 1.106884e+01 -1.424378e+01
    endloop
  endfacet
  facet normal -2.782979e-01 -6.156074e-01 -7.372773e-01
    outer loop
      vertex   -2.524061e+01 1.039533e+01 -1.424378e+01
      vertex   -2.673045e+01 1.106884e+01 -1.424378e+01
      vertex   -2.521683e+01 1.044795e+01 -1.429669e+01
    endloop
  endfacet
  facet normal -2.782979e-01 -6.156074e-01 -7.372773e-01
    outer loop
      vertex   -2.521683e+01 1.044795e+01 -1.429669e+01
      vertex   -2.673045e+01 1.106884e+01 -1.424378e+01
      vertex   -2.670666e+01 1.112146e+01 -1.429669e+01
    endloop
  endfacet
  facet normal -1.902095e-01 -4.207519e-01 -8.870108e-01
    outer loop
      vertex   -2.521683e+01 1.044795e+01 -1.429669e+01
      vertex   -2.670666e+01 1.112146e+01 -1.429669e+01
      vertex   -2.518821e+01 1.051124e+01 -1.433285e+01
    endloop
  endfacet
  facet normal -1.902095e-01 -4.207519e-01 -8.870108e-01
    outer loop
      vertex   -2.518821e+01 1.051124e+01 -1.433285e+01
      vertex   -2.670666e+01 1.112146e+01 -1.429669e+01
      vertex   -2.667804e+01 1.118476e+01 -1.433285e+01
    endloop
  endfacet
  facet normal -8.915861e-02 -1.972228e-01 -9.762960e-01
    outer loop
      vertex   -2.518821e+01 1.051124e+01 -1.433285e+01
      vertex   -2.667804e+01 1.118476e+01 -1.433285e+01
      vertex   -2.515671e+01 1.058092e+01 -1.434980e+01
    endloop
  endfacet
  facet normal -8.915861e-02 -1.972228e-01 -9.762960e-01
    outer loop
      vertex   -2.515671e+01 1.058092e+01 -1.434980e+01
      vertex   -2.667804e+01 1.118476e+01 -1.433285e+01
      vertex   -2.664655e+01 1.125443e+01 -1.434980e+01
    endloop
  endfacet
  facet normal 1.796826e-02 3.974660e-02 -9.990482e-01
    outer loop
      vertex   -2.515671e+01 1.058092e+01 -1.434980e+01
      vertex   -2.664655e+01 1.125443e+01 -1.434980e+01
      vertex   -2.512448e+01 1.065221e+01 -1.434638e+01
    endloop
  endfacet
  facet normal 1.796826e-02 3.974660e-02 -9.990482e-01
    outer loop
      vertex   -2.512448e+01 1.065221e+01 -1.434638e+01
      vertex   -2.664655e+01 1.125443e+01 -1.434980e+01
      vertex   -2.661432e+01 1.132572e+01 -1.434638e+01
    endloop
  endfacet
  facet normal 1.238706e-01 2.740074e-01 -9.537170e-01
    outer loop
      vertex   -2.512448e+01 1.065221e+01 -1.434638e+01
      vertex   -2.661432e+01 1.132572e+01 -1.434638e+01
      vertex   -2.509372e+01 1.072027e+01 -1.432283e+01
    endloop
  endfacet
  facet normal 1.238706e-01 2.740074e-01 -9.537170e-01
    outer loop
      vertex   -2.509372e+01 1.072027e+01 -1.432283e+01
      vertex   -2.661432e+01 1.132572e+01 -1.434638e+01
      vertex   -2.658355e+01 1.139378e+01 -1.432283e+01
    endloop
  endfacet
  facet normal 2.213314e-01 4.895950e-01 -8.433914e-01
    outer loop
      vertex   -2.509372e+01 1.072027e+01 -1.432283e+01
      vertex   -2.658355e+01 1.139378e+01 -1.432283e+01
      vertex   -2.506651e+01 1.078046e+01 -1.428075e+01
    endloop
  endfacet
  facet normal 2.213314e-01 4.895950e-01 -8.433914e-01
    outer loop
      vertex   -2.506651e+01 1.078046e+01 -1.428075e+01
      vertex   -2.658355e+01 1.139378e+01 -1.432283e+01
      vertex   -2.655634e+01 1.145397e+01 -1.428075e+01
    endloop
  endfacet
  facet normal 3.037088e-01 6.718175e-01 -6.755902e-01
    outer loop
      vertex   -2.506651e+01 1.078046e+01 -1.428075e+01
      vertex   -2.655634e+01 1.145397e+01 -1.428075e+01
      vertex   -2.504471e+01 1.082867e+01 -1.422301e+01
    endloop
  endfacet
  facet normal 3.037088e-01 6.718175e-01 -6.755902e-01
    outer loop
      vertex   -2.504471e+01 1.082867e+01 -1.422301e+01
      vertex   -2.655634e+01 1.145397e+01 -1.428075e+01
      vertex   -2.653455e+01 1.150218e+01 -1.422301e+01
    endloop
  endfacet
  facet normal 3.653890e-01 8.082568e-01 -4.617486e-01
    outer loop
      vertex   -2.504471e+01 1.082867e+01 -1.422301e+01
      vertex   -2.653455e+01 1.150218e+01 -1.422301e+01
      vertex   -2.502982e+01 1.086162e+01 -1.415355e+01
    endloop
  endfacet
  facet normal 3.653890e-01 8.082568e-01 -4.617486e-01
    outer loop
      vertex   -2.502982e+01 1.086162e+01 -1.415355e+01
      vertex   -2.653455e+01 1.150218e+01 -1.422301e+01
      vertex   -2.651965e+01 1.153513e+01 -1.415355e+01
    endloop
  endfacet
  facet normal 4.021685e-01 8.896147e-01 -2.164396e-01
    outer loop
      vertex   -2.502982e+01 1.086162e+01 -1.415355e+01
      vertex   -2.651965e+01 1.153513e+01 -1.415355e+01
      vertex   -2.502283e+01 1.087706e+01 -1.407709e+01
    endloop
  endfacet
  facet normal 4.021685e-01 8.896147e-01 -2.164396e-01
    outer loop
      vertex   -2.502283e+01 1.087706e+01 -1.407709e+01
      vertex   -2.651965e+01 1.153513e+01 -1.415355e+01
      vertex   -2.651267e+01 1.155058e+01 -1.407709e+01
    endloop
  endfacet
  facet normal 4.115409e-01 9.103469e-01 4.361939e-02
    outer loop
      vertex   -2.502283e+01 1.087706e+01 -1.407709e+01
      vertex   -2.651267e+01 1.155058e+01 -1.407709e+01
      vertex   -2.502424e+01 1.087395e+01 -1.399885e+01
    endloop
  endfacet
  facet normal 4.115409e-01 9.103469e-01 4.361939e-02
    outer loop
      vertex   -2.502424e+01 1.087395e+01 -1.399885e+01
      vertex   -2.651267e+01 1.155058e+01 -1.407709e+01
      vertex   -2.651408e+01 1.154746e+01 -1.399885e+01
    endloop
  endfacet
  facet normal 3.928674e-01 8.690404e-01 3.007058e-01
    outer loop
      vertex   -2.502424e+01 1.087395e+01 -1.399885e+01
      vertex   -2.651408e+01 1.154746e+01 -1.399885e+01
      vertex   -2.503394e+01 1.085249e+01 -1.392416e+01
    endloop
  endfacet
  facet normal 3.928674e-01 8.690404e-01 3.007058e-01
    outer loop
      vertex   -2.503394e+01 1.085249e+01 -1.392416e+01
      vertex   -2.651408e+01 1.154746e+01 -1.399885e+01
      vertex   -2.652378e+01 1.152600e+01 -1.392416e+01
    endloop
  endfacet
  facet normal 3.474207e-01 7.685102e-01 5.372996e-01
    outer loop
      vertex   -2.503394e+01 1.085249e+01 -1.392416e+01
      vertex   -2.652378e+01 1.152600e+01 -1.392416e+01
      vertex   -2.505128e+01 1.081415e+01 -1.385810e+01
    endloop
  endfacet
  facet normal 3.474207e-01 7.685102e-01 5.372996e-01
    outer loop
      vertex   -2.505128e+01 1.081415e+01 -1.385810e+01
      vertex   -2.652378e+01 1.152600e+01 -1.392416e+01
      vertex   -2.654111e+01 1.148766e+01 -1.385810e+01
    endloop
  endfacet
  facet normal 2.782979e-01 6.156074e-01 7.372773e-01
    outer loop
      vertex   -2.505128e+01 1.081415e+01 -1.385810e+01
      vertex   -2.654111e+01 1.148766e+01 -1.385810e+01
      vertex   -2.507506e+01 1.076154e+01 -1.380520e+01
    endloop
  endfacet
  facet normal 2.782979e-01 6.156074e-01 7.372773e-01
    outer loop
      vertex   -2.507506e+01 1.076154e+01 -1.380520e+01
      vertex   -2.654111e+01 1.148766e+01 -1.385810e+01
      vertex   -2.656490e+01 1.143505e+01 -1.380520e+01
    endloop
  endfacet
  facet normal 1.902095e-01 4.207519e-01 8.870108e-01
    outer loop
      vertex   -2.656490e+01 1.143505e+01 -1.380520e+01
      vertex   -2.805473e+01 1.210856e+01 -1.380520e+01
      vertex   -2.659351e+01 1.137175e+01 -1.376903e+01
    endloop
  endfacet
  facet normal 1.902095e-01 4.207519e-01 8.870108e-01
    outer loop
      vertex   -2.659351e+01 1.137175e+01 -1.376903e+01
      vertex   -2.805473e+01 1.210856e+01 -1.380520e+01
      vertex   -2.808335e+01 1.204526e+01 -1.376903e+01
    endloop
  endfacet
  facet normal 8.915861e-02 1.972228e-01 9.762960e-01
    outer loop
      vertex   -2.659351e+01 1.137175e+01 -1.376903e+01
      vertex   -2.808335e+01 1.204526e+01 -1.376903e+01
      vertex   -2.662501e+01 1.130208e+01 -1.375208e+01
    endloop
  endfacet
  facet normal 8.915861e-02 1.972228e-01 9.762960e-01
    outer loop
      vertex   -2.662501e+01 1.130208e+01 -1.375208e+01
      vertex   -2.808335e+01 1.204526e+01 -1.376903e+01
      vertex   -2.811484e+01 1.197559e+01 -1.375208e+01
    endloop
  endfacet
  facet normal -1.796826e-02 -3.974660e-02 9.990482e-01
    outer loop
      vertex   -2.662501e+01 1.130208e+01 -1.375208e+01
      vertex   -2.811484e+01 1.197559e+01 -1.375208e+01
      vertex   -2.665724e+01 1.123078e+01 -1.375550e+01
    endloop
  endfacet
  facet normal -1.796826e-02 -3.974660e-02 9.990482e-01
    outer loop
      vertex   -2.665724e+01 1.123078e+01 -1.375550e+01
      vertex   -2.811484e+01 1.197559e+01 -1.375208e+01
      vertex   -2.814707e+01 1.190429e+01 -1.375550e+01
    endloop
  endfacet
  facet normal -1.238706e-01 -2.740074e-01 9.537170e-01
    outer loop
      vertex   -2.665724e+01 1.123078e+01 -1.375550e+01
      vertex   -2.814707e+01 1.190429e+01 -1.375550e+01
      vertex   -2.668801e+01 1.116272e+01 -1.377905e+01
    endloop
  endfacet
  facet normal -1.238706e-01 -2.740074e-01 9.537170e-01
    outer loop
      vertex   -2.668801e+01 1.116272e+01 -1.377905e+01
      vertex   -2.814707e+01 1.190429e+01 -1.375550e+01
      vertex   -2.817784e+01 1.183623e+01 -1.377905e+01
    endloop
  endfacet
  facet normal -2.213314e-01 -4.895950e-01 8.433914e-01
    outer loop
      vertex   -2.668801e+01 1.116272e+01 -1.377905e+01
      vertex   -2.817784e+01 1.183623e+01 -1.377905e+01
      vertex   -2.671521e+01 1.110254e+01 -1.382113e+01
    endloop
  endfacet
  facet normal -2.213314e-01 -4.895950e-01 8.433914e-01
    outer loop
      vertex   -2.671521e+01 1.110254e+01 -1.382113e+01
      vertex   -2.817784e+01 1.183623e+01 -1.377905e+01
      vertex   -2.820505e+01 1.177605e+01 -1.382113e+01
    endloop
  endfacet
  facet normal -3.037088e-01 -6.718175e-01 6.755902e-01
    outer loop
      vertex   -2.671521e+01 1.110254e+01 -1.382113e+01
      vertex   -2.820505e+01 1.177605e+01 -1.382113e+01
      vertex   -2.673701e+01 1.105432e+01 -1.387887e+01
    endloop
  endfacet
  facet normal -3.037088e-01 -6.718175e-01 6.755902e-01
    outer loop
      vertex   -2.673701e+01 1.105432e+01 -1.387887e+01
      vertex   -2.820505e+01 1.177605e+01 -1.382113e+01
      vertex   -2.822684e+01 1.172783e+01 -1.387887e+01
    endloop
  endfacet
  facet normal -3.653890e-01 -8.082568e-01 4.617486e-01
    outer loop
      vertex   -2.673701e+01 1.105432e+01 -1.387887e+01
      vertex   -2.822684e+01 1.172783e+01 -1.387887e+01
      vertex   -2.675191e+01 1.102137e+01 -1.394834e+01
    endloop
  endfacet
  facet normal -3.653890e-01 -8.082568e-01 4.617486e-01
    outer loop
      vertex   -2.675191e+01 1.102137e+01 -1.394834e+01
      vertex   -2.822684e+01 1.172783e+01 -1.387887e+01
      vertex   -2.824174e+01 1.169488e+01 -1.394834e+01
    endloop
  endfacet
  facet normal -4.021685e-01 -8.896147e-01 2.164396e-01
    outer loop
      vertex   -2.675191e+01 1.102137e+01 -1.394834e+01
      vertex   -2.824174e+01 1.169488e+01 -1.394834e+01
      vertex   -2.675889e+01 1.100593e+01 -1.402479e+01
    endloop
  endfacet
  facet normal -4.021685e-01 -8.896147e-01 2.164396e-01
    outer loop
      vertex   -2.675889e+01 1.100593e+01 -1.402479e+01
      vertex   -2.824174e+01 1.169488e+01 -1.394834e+01
      vertex   -2.824872e+01 1.167944e+01 -1.402479e+01
    endloop
  endfacet
  facet normal -4.115409e-01 -9.103469e-01 -4.361939e-02
    outer loop
      vertex   -2.675889e+01 1.100593e+01 -1.402479e+01
      vertex   -2.824872e+01 1.167944e+01 -1.402479e+01
      vertex   -2.675748e+01 1.100904e+01 -1.410304e+01
    endloop
  endfacet
  facet normal -4.115409e-01 -9.103469e-01 -4.361939e-02
    outer loop
      vertex   -2.675748e+01 1.100904e+01 -1.410304e+01
      vertex   -2.824872e+01 1.167944e+01 -1.402479e+01
      vertex   -2.824732e+01 1.168255e+01 -1.410304e+01
    endloop
  endfacet
  facet normal -3.928674e-01 -8.690404e-01 -3.007058e-01
    outer loop
      vertex   -2.675748e+01 1.100904e+01 -1.410304e+01
      vertex   -2.824732e+01 1.168255e+01 -1.410304e+01
      vertex   -2.674778e+01 1.103050e+01 -1.417773e+01
    endloop
  endfacet
  facet normal -3.928674e-01 -8.690404e-01 -3.007058e-01
    outer loop
      vertex   -2.674778e+01 1.103050e+01 -1.417773e+01
      vertex   -2.824732e+01 1.168255e+01 -1.410304e+01
      vertex   -2.823761e+01 1.170401e+01 -1.417773e+01
    endloop
  endfacet
  facet normal -3.474207e-01 -7.685102e-01 -5.372996e-01
    outer loop
      vertex   -2.674778e+01 1.103050e+01 -1.417773e+01
      vertex   -2.823761e+01 1.170401e+01 -1.417773e+01
      vertex   -2.673045e+01 1.106884e+01 -1.424378e+01
    endloop
  endfacet
  facet normal -3.474207e-01 -7.685102e-01 -5.372996e-01
    outer loop
      vertex   -2.673045e+01 1.106884e+01 -1.424378e+01
      vertex   -2.823761e+01 1.170401e+01 -1.417773e+01
      vertex   -2.822028e+01 1.174235e+01 -1.424378e+01
    endloop
  endfacet
  facet normal -2.782979e-01 -6.156074e-01 -7.372773e-01
    outer loop
      vertex   -2.673045e+01 1.106884e+01 -1.424378e+01
      vertex   -2.822028e+01 1.174235e+01 -1.424378e+01
      vertex   -2.670666e+01 1.112146e+01 -1.429669e+01
    endloop
  endfacet
  facet normal -2.782979e-01 -6.156074e-01 -7.372773e-01
    outer loop
      vertex   -2.670666e+01 1.112146e+01 -1.429669e+01
      vertex   -2.822028e+01 1.174235e+01 -1.424378e+01
      vertex   -2.819650e+01 1.179497e+01 -1.429669e+01
    endloop
  endfacet
  facet normal -1.902095e-01 -4.207519e-01 -8.870108e-01
    outer loop
      vertex   -2.670666e+01 1.112146e+01 -1.429669e+01
      vertex   -2.819650e+01 1.179497e+01 -1.429669e+01
      vertex   -2.667804e+01 1.118476e+01 -1.433285e+01
    endloop
  endfacet
  facet normal -1.902095e-01 -4.207519e-01 -8.870108e-01
    outer loop
      vertex   -2.667804e+01 1.118476e+01 -1.433285e+01
      vertex   -2.819650e+01 1.179497e+01 -1.429669e+01
      vertex   -2.816788e+01 1.185827e+01 -1.433285e+01
    endloop
  endfacet
  facet normal -8.915861e-02 -1.972228e-01 -9.762960e-01
    outer loop
      vertex   -2.667804e+01 1.118476e+01 -1.433285e+01
      vertex   -2.816788e+01 1.185827e+01 -1.433285e+01
      vertex   -2.664655e+01 1.125443e+01 -1.434980e+01
    endloop
  endfacet
  facet normal -8.915861e-02 -1.972228e-01 -9.762960e-01
    outer loop
      vertex   -2.664655e+01 1.125443e+01 -1.434980e+01
      vertex   -2.816788e+01 1.185827e+01 -1.433285e+01
      vertex   -2.813638e+01 1.192794e+01 -1.434980e+01
    endloop
  endfacet
  facet normal 1.796826e-02 3.974660e-02 -9.990482e-01
    outer loop
      vertex   -2.664655e+01 1.125443e+01 -1.434980e+01
      vertex   -2.813638e+01 1.192794e+01 -1.434980e+01
      vertex   -2.661432e+01 1.132572e+01 -1.434638e+01
    endloop
  endfacet
  facet normal 1.796826e-02 3.974660e-02 -9.990482e-01
    outer loop
      vertex   -2.661432e+01 1.132572e+01 -1.434638e+01
      vertex   -2.813638e+01 1.192794e+01 -1.434980e+01
      vertex   -2.810415e+01 1.199923e+01 -1.434638e+01
    endloop
  endfacet
  facet normal 1.238706e-01 2.740074e-01 -9.537170e-01
    outer loop
      vertex   -2.661432e+01 1.132572e+01 -1.434638e+01
      vertex   -2.810415e+01 1.199923e+01 -1.434638e+01
      vertex   -2.658355e+01 1.139378e+01 -1.432283e+01
    endloop
  endfacet
  facet normal 1.238706e-01 2.740074e-01 -9.537170e-01
    outer loop
      vertex   -2.658355e+01 1.139378e+01 -1.432283e+01
      vertex   -2.810415e+01 1.199923e+01 -1.434638e+01
      vertex   -2.807339e+01 1.206729e+01 -1.432283e+01
    endloop
  endfacet
  facet normal 2.213314e-01 4.895950e-01 -8.433914e-01
    outer loop
      vertex   -2.658355e+01 1.139378e+01 -1.432283e+01
      vertex   -2.807339e+01 1.206729e+01 -1.432283e+01
      vertex   -2.655634e+01 1.145397e+01 -1.428075e+01
    endloop
  endfacet
  facet normal 2.213314e-01 4.895950e-01 -8.433914e-01
    outer loop
      vertex   -2.655634e+01 1.145397e+01 -1.428075e+01
      vertex   -2.807339e+01 1.206729e+01 -1.432283e+01
      vertex   -2.804618e+01 1.212748e+01 -1.428075e+01
    endloop
  endfacet
  facet normal 3.037088e-01 6.718175e-01 -6.755902e-01
    outer loop
      vertex   -2.655634e+01 1.145397e+01 -1.428075e+01
      vertex   -2.804618e+01 1.212748e+01 -1.428075e+01
      vertex   -2.653455e+01 1.150218e+01 -1.422301e+01
    endloop
  endfacet
  facet normal 3.037088e-01 6.718175e-01 -6.755902e-01
    outer loop
      vertex   -2.653455e+01 1.150218e+01 -1.422301e+01
      vertex   -2.804618e+01 1.212748e+01 -1.428075e+01
      vertex   -2.802438e+01 1.217569e+01 -1.422301e+01
    endloop
  endfacet
  facet normal 3.653890e-01 8.082568e-01 -4.617486e-01
    outer loop
      vertex   -2.653455e+01 1.150218e+01 -1.422301e+01
      vertex   -2.802438e+01 1.217569e+01 -1.422301e+01
      vertex   -2.651965e+01 1.153513e+01 -1.415355e+01
    endloop
  endfacet
  facet normal 3.653890e-01 8.082568e-01 -4.617486e-01
    outer loop
      vertex   -2.651965e+01 1.153513e+01 -1.415355e+01
      vertex   -2.802438e+01 1.217569e+01 -1.422301e+01
      vertex   -2.800949e+01 1.220864e+01 -1.415355e+01
    endloop
  endfacet
  facet normal 4.021685e-01 8.896147e-01 -2.164396e-01
    outer loop
      vertex   -2.651965e+01 1.153513e+01 -1.415355e+01
      vertex   -2.800949e+01 1.220864e+01 -1.415355e+01
      vertex   -2.651267e+01 1.155058e+01 -1.407709e+01
    endloop
  endfacet
  facet normal 4.021685e-01 8.896147e-01 -2.164396e-01
    outer loop
      vertex   -2.651267e+01 1.155058e+01 -1.407709e+01
      vertex   -2.800949e+01 1.220864e+01 -1.415355e+01
      vertex   -2.800250e+01 1.222409e+01 -1.407709e+01
    endloop
  endfacet
  facet normal 4.115409e-01 9.103469e-01 4.361939e-02
    outer loop
      vertex   -2.651267e+01 1.155058e+01 -1.407709e+01
      vertex   -2.800250e+01 1.222409e+01 -1.407709e+01
      vertex   -2.651408e+01 1.154746e+01 -1.399885e+01
    endloop
  endfacet
  facet normal 4.115409e-01 9.103469e-01 4.361939e-02
    outer loop
      vertex   -2.651408e+01 1.154746e+01 -1.399885e+01
      vertex   -2.800250e+01 1.222409e+01 -1.407709e+01
      vertex   -2.800391e+01 1.222097e+01 -1.399885e+01
    endloop
  endfacet
  facet normal 3.928674e-01 8.690404e-01 3.007058e-01
    outer loop
      vertex   -2.651408e+01 1.154746e+01 -1.399885e+01
      vertex   -2.800391e+01 1.222097e+01 -1.399885e+01
      vertex   -2.652378e+01 1.152600e+01 -1.392416e+01
    endloop
  endfacet
  facet normal 3.928674e-01 8.690404e-01 3.007058e-01
    outer loop
      vertex   -2.652378e+01 1.152600e+01 -1.392416e+01
      vertex   -2.800391e+01 1.222097e+01 -1.399885e+01
      vertex   -2.801361e+01 1.219951e+01 -1.392416e+01
    endloop
  endfacet
  facet normal 3.474207e-01 7.685102e-01 5.372996e-01
    outer loop
      vertex   -2.652378e+01 1.152600e+01 -1.392416e+01
      vertex   -2.801361e+01 1.219951e+01 -1.392416e+01
      vertex   -2.654111e+01 1.148766e+01 -1.385810e+01
    endloop
  endfacet
  facet normal 3.474207e-01 7.685102e-01 5.372996e-01
    outer loop
      vertex   -2.654111e+01 1.148766e+01 -1.385810e+01
      vertex   -2.801361e+01 1.219951e+01 -1.392416e+01
      vertex   -2.803095e+01 1.216117e+01 -1.385810e+01
    endloop
  endfacet
  facet normal 2.782979e-01 6.156074e-01 7.372773e-01
    outer loop
      vertex   -2.654111e+01 1.148766e+01 -1.385810e+01
      vertex   -2.803095e+01 1.216117e+01 -1.385810e+01
      vertex   -2.656490e+01 1.143505e+01 -1.380520e+01
    endloop
  endfacet
  facet normal 2.782979e-01 6.156074e-01 7.372773e-01
    outer loop
      vertex   -2.656490e+01 1.143505e+01 -1.380520e+01
      vertex   -2.803095e+01 1.216117e+01 -1.385810e+01
      vertex   -2.805473e+01 1.210856e+01 -1.380520e+01
    endloop
  endfacet
  facet normal 1.902095e-01 4.207519e-01 8.870108e-01
    outer loop
      vertex   -2.805473e+01 1.210856e+01 -1.380520e+01
      vertex   -2.954457e+01 1.278207e+01 -1.380520e+01
      vertex   -2.808335e+01 1.204526e+01 -1.376903e+01
    endloop
  endfacet
  facet normal 1.902095e-01 4.207519e-01 8.870108e-01
    outer loop
      vertex   -2.808335e+01 1.204526e+01 -1.376903e+01
      vertex   -2.954457e+01 1.278207e+01 -1.380520e+01
      vertex   -2.957318e+01 1.271877e+01 -1.376903e+01
    endloop
  endfacet
  facet normal 8.915861e-02 1.972228e-01 9.762960e-01
    outer loop
      vertex   -2.808335e+01 1.204526e+01 -1.376903e+01
      vertex   -2.957318e+01 1.271877e+01 -1.376903e+01
      vertex   -2.811484e+01 1.197559e+01 -1.375208e+01
    endloop
  endfacet
  facet normal 8.915861e-02 1.972228e-01 9.762960e-01
    outer loop
      vertex   -2.811484e+01 1.197559e+01 -1.375208e+01
      vertex   -2.957318e+01 1.271877e+01 -1.376903e+01
      vertex   -2.960468e+01 1.264910e+01 -1.375208e+01
    endloop
  endfacet
  facet normal -1.796826e-02 -3.974660e-02 9.990482e-01
    outer loop
      vertex   -2.811484e+01 1.197559e+01 -1.375208e+01
      vertex   -2.960468e+01 1.264910e+01 -1.375208e+01
      vertex   -2.814707e+01 1.190429e+01 -1.375550e+01
    endloop
  endfacet
  facet normal -1.796826e-02 -3.974660e-02 9.990482e-01
    outer loop
      vertex   -2.814707e+01 1.190429e+01 -1.375550e+01
      vertex   -2.960468e+01 1.264910e+01 -1.375208e+01
      vertex   -2.963691e+01 1.257780e+01 -1.375550e+01
    endloop
  endfacet
  facet normal -1.238706e-01 -2.740074e-01 9.537170e-01
    outer loop
      vertex   -2.814707e+01 1.190429e+01 -1.375550e+01
      vertex   -2.963691e+01 1.257780e+01 -1.375550e+01
      vertex   -2.817784e+01 1.183623e+01 -1.377905e+01
    endloop
  endfacet
  facet normal -1.238706e-01 -2.740074e-01 9.537170e-01
    outer loop
      vertex   -2.817784e+01 1.183623e+01 -1.377905e+01
      vertex   -2.963691e+01 1.257780e+01 -1.375550e+01
      vertex   -2.966768e+01 1.250974e+01 -1.377905e+01
    endloop
  endfacet
  facet normal -2.213314e-01 -4.895950e-01 8.433914e-01
    outer loop
      vertex   -2.817784e+01 1.183623e+01 -1.377905e+01
      vertex   -2.966768e+01 1.250974e+01 -1.377905e+01
      vertex   -2.820505e+01 1.177605e+01 -1.382113e+01
    endloop
  endfacet
  facet normal -2.213314e-01 -4.895950e-01 8.433914e-01
    outer loop
      vertex   -2.820505e+01 1.177605e+01 -1.382113e+01
      vertex   -2.966768e+01 1.250974e+01 -1.377905e+01
      vertex   -2.969488e+01 1.244956e+01 -1.382113e+01
    endloop
  endfacet
  facet normal -3.037088e-01 -6.718175e-01 6.755902e-01
    outer loop
      vertex   -2.820505e+01 1.177605e+01 -1.382113e+01
      vertex   -2.969488e+01 1.244956e+01 -1.382113e+01
      vertex   -2.822684e+01 1.172783e+01 -1.387887e+01
    endloop
  endfacet
  facet normal -3.037088e-01 -6.718175e-01 6.755902e-01
    outer loop
      vertex   -2.822684e+01 1.172783e+01 -1.387887e+01
      vertex   -2.969488e+01 1.244956e+01 -1.382113e+01
      vertex   -2.971668e+01 1.240135e+01 -1.387887e+01
    endloop
  endfacet
  facet normal -3.653890e-01 -8.082568e-01 4.617486e-01
    outer loop
      vertex   -2.822684e+01 1.172783e+01 -1.387887e+01
      vertex   -2.971668e+01 1.240135e+01 -1.387887e+01
      vertex   -2.824174e+01 1.169488e+01 -1.394834e+01
    endloop
  endfacet
  facet normal -3.653890e-01 -8.082568e-01 4.617486e-01
    outer loop
      vertex   -2.824174e+01 1.169488e+01 -1.394834e+01
      vertex   -2.971668e+01 1.240135e+01 -1.387887e+01
      vertex   -2.973158e+01 1.236839e+01 -1.394834e+01
    endloop
  endfacet
  facet normal -4.021685e-01 -8.896147e-01 2.164396e-01
    outer loop
      vertex   -2.824174e+01 1.169488e+01 -1.394834e+01
      vertex   -2.973158e+01 1.236839e+01 -1.394834e+01
      vertex   -2.824872e+01 1.167944e+01 -1.402479e+01
    endloop
  endfacet
  facet normal -4.021685e-01 -8.896147e-01 2.164396e-01
    outer loop
      vertex   -2.824872e+01 1.167944e+01 -1.402479e+01
      vertex   -2.973158e+01 1.236839e+01 -1.394834e+01
      vertex   -2.973856e+01 1.235295e+01 -1.402479e+01
    endloop
  endfacet
  facet normal -4.115409e-01 -9.103469e-01 -4.361939e-02
    outer loop
      vertex   -2.824872e+01 1.167944e+01 -1.402479e+01
      vertex   -2.973856e+01 1.235295e+01 -1.402479e+01
      vertex   -2.824732e+01 1.168255e+01 -1.410304e+01
    endloop
  endfacet
  facet normal -4.115409e-01 -9.103469e-01 -4.361939e-02
    outer loop
      vertex   -2.824732e+01 1.168255e+01 -1.410304e+01
      vertex   -2.973856e+01 1.235295e+01 -1.402479e+01
      vertex   -2.973715e+01 1.235606e+01 -1.410304e+01
    endloop
  endfacet
  facet normal -3.928674e-01 -8.690404e-01 -3.007058e-01
    outer loop
      vertex   -2.824732e+01 1.168255e+01 -1.410304e+01
      vertex   -2.973715e+01 1.235606e+01 -1.410304e+01
      vertex   -2.823761e+01 1.170401e+01 -1.417773e+01
    endloop
  endfacet
  facet normal -3.928674e-01 -8.690404e-01 -3.007058e-01
    outer loop
      vertex   -2.823761e+01 1.170401e+01 -1.417773e+01
      vertex   -2.973715e+01 1.235606e+01 -1.410304e+01
      vertex   -2.972745e+01 1.237752e+01 -1.417773e+01
    endloop
  endfacet
  facet normal -3.474207e-01 -7.685102e-01 -5.372996e-01
    outer loop
      vertex   -2.823761e+01 1.170401e+01 -1.417773e+01
      vertex   -2.972745e+01 1.237752e+01 -1.417773e+01
      vertex   -2.822028e+01 1.174235e+01 -1.424378e+01
    endloop
  endfacet
  facet normal -3.474207e-01 -7.685102e-01 -5.372996e-01
    outer loop
      vertex   -2.822028e+01 1.174235e+01 -1.424378e+01
      vertex   -2.972745e+01 1.237752e+01 -1.417773e+01
      vertex   -2.971012e+01 1.241586e+01 -1.424378e+01
    endloop
  endfacet
  facet normal -2.782979e-01 -6.156074e-01 -7.372773e-01
    outer loop
      vertex   -2.822028e+01 1.174235e+01 -1.424378e+01
      vertex   -2.971012e+01 1.241586e+01 -1.424378e+01
      vertex   -2.819650e+01 1.179497e+01 -1.429669e+01
    endloop
  endfacet
  facet normal -2.782979e-01 -6.156074e-01 -7.372773e-01
    outer loop
      vertex   -2.819650e+01 1.179497e+01 -1.429669e+01
      vertex   -2.971012e+01 1.241586e+01 -1.424378e+01
      vertex   -2.968633e+01 1.246848e+01 -1.429669e+01
    endloop
  endfacet
  facet normal -1.902095e-01 -4.207519e-01 -8.870108e-01
    outer loop
      vertex   -2.819650e+01 1.179497e+01 -1.429669e+01
      vertex   -2.968633e+01 1.246848e+01 -1.429669e+01
      vertex   -2.816788e+01 1.185827e+01 -1.433285e+01
    endloop
  endfacet
  facet normal -1.902095e-01 -4.207519e-01 -8.870108e-01
    outer loop
      vertex   -2.816788e+01 1.185827e+01 -1.433285e+01
      vertex   -2.968633e+01 1.246848e+01 -1.429669e+01
      vertex   -2.965772e+01 1.253178e+01 -1.433285e+01
    endloop
  endfacet
  facet normal -8.915861e-02 -1.972228e-01 -9.762960e-01
    outer loop
      vertex   -2.816788e+01 1.185827e+01 -1.433285e+01
      vertex   -2.965772e+01 1.253178e+01 -1.433285e+01
      vertex   -2.813638e+01 1.192794e+01 -1.434980e+01
    endloop
  endfacet
  facet normal -8.915861e-02 -1.972228e-01 -9.762960e-01
    outer loop
      vertex   -2.813638e+01 1.192794e+01 -1.434980e+01
      vertex   -2.965772e+01 1.253178e+01 -1.433285e+01
      vertex   -2.962622e+01 1.260145e+01 -1.434980e+01
    endloop
  endfacet
  facet normal 1.796826e-02 3.974660e-02 -9.990482e-01
    outer loop
      vertex   -2.813638e+01 1.192794e+01 -1.434980e+01
      vertex   -2.962622e+01 1.260145e+01 -1.434980e+01
      vertex   -2.810415e+01 1.199923e+01 -1.434638e+01
    endloop
  endfacet
  facet normal 1.796826e-02 3.974660e-02 -9.990482e-01
    outer loop
      vertex   -2.810415e+01 1.199923e+01 -1.434638e+01
      vertex   -2.962622e+01 1.260145e+01 -1.434980e+01
      vertex   -2.959399e+01 1.267274e+01 -1.434638e+01
    endloop
  endfacet
  facet normal 1.238706e-01 2.740074e-01 -9.537170e-01
    outer loop
      vertex   -2.810415e+01 1.199923e+01 -1.434638e+01
      vertex   -2.959399e+01 1.267274e+01 -1.434638e+01
      vertex   -2.807339e+01 1.206729e+01 -1.432283e+01
    endloop
  endfacet
  facet normal 1.238706e-01 2.740074e-01 -9.537170e-01
    outer loop
      vertex   -2.807339e+01 1.206729e+01 -1.432283e+01
      vertex   -2.959399e+01 1.267274e+01 -1.434638e+01
      vertex   -2.956322e+01 1.274080e+01 -1.432283e+01
    endloop
  endfacet
  facet normal 2.213314e-01 4.895950e-01 -8.433914e-01
    outer loop
      vertex   -2.807339e+01 1.206729e+01 -1.432283e+01
      vertex   -2.956322e+01 1.274080e+01 -1.432283e+01
      vertex   -2.804618e+01 1.212748e+01 -1.428075e+01
    endloop
  endfacet
  facet normal 2.213314e-01 4.895950e-01 -8.433914e-01
    outer loop
      vertex   -2.804618e+01 1.212748e+01 -1.428075e+01
      vertex   -2.956322e+01 1.274080e+01 -1.432283e+01
      vertex   -2.953601e+01 1.280099e+01 -1.428075e+01
    endloop
  endfacet
  facet normal 3.037088e-01 6.718175e-01 -6.755902e-01
    outer loop
      vertex   -2.804618e+01 1.212748e+01 -1.428075e+01
      vertex   -2.953601e+01 1.280099e+01 -1.428075e+01
      vertex   -2.802438e+01 1.217569e+01 -1.422301e+01
    endloop
  endfacet
  facet normal 3.037088e-01 6.718175e-01 -6.755902e-01
    outer loop
      vertex   -2.802438e+01 1.217569e+01 -1.422301e+01
      vertex   -2.953601e+01 1.280099e+01 -1.428075e+01
      vertex   -2.951422e+01 1.284920e+01 -1.422301e+01
    endloop
  endfacet
  facet normal 3.653890e-01 8.082568e-01 -4.617486e-01
    outer loop
      vertex   -2.802438e+01 1.217569e+01 -1.422301e+01
      vertex   -2.951422e+01 1.284920e+01 -1.422301e+01
      vertex   -2.800949e+01 1.220864e+01 -1.415355e+01
    endloop
  endfacet
  facet normal 3.653890e-01 8.082568e-01 -4.617486e-01
    outer loop
      vertex   -2.800949e+01 1.220864e+01 -1.415355e+01
      vertex   -2.951422e+01 1.284920e+01 -1.422301e+01
      vertex   -2.949932e+01 1.288215e+01 -1.415355e+01
    endloop
  endfacet
  facet normal 4.021685e-01 8.896147e-01 -2.164396e-01
    outer loop
      vertex   -2.800949e+01 1.220864e+01 -1.415355e+01
      vertex   -2.949932e+01 1.288215e+01 -1.415355e+01
      vertex   -2.800250e+01 1.222409e+01 -1.407709e+01
    endloop
  endfacet
  facet normal 4.021685e-01 8.896147e-01 -2.164396e-01
    outer loop
      vertex   -2.800250e+01 1.222409e+01 -1.407709e+01
      vertex   -2.949932e+01 1.288215e+01 -1.415355e+01
      vertex   -2.949234e+01 1.289760e+01 -1.407709e+01
    endloop
  endfacet
  facet normal 4.115409e-01 9.103469e-01 4.361939e-02
    outer loop
      vertex   -2.800250e+01 1.222409e+01 -1.407709e+01
      vertex   -2.949234e+01 1.289760e+01 -1.407709e+01
      vertex   -2.800391e+01 1.222097e+01 -1.399885e+01
    endloop
  endfacet
  facet normal 4.115409e-01 9.103469e-01 4.361939e-02
    outer loop
      vertex   -2.800391e+01 1.222097e+01 -1.399885e+01
      vertex   -2.949234e+01 1.289760e+01 -1.407709e+01
      vertex   -2.949375e+01 1.289448e+01 -1.399885e+01
    endloop
  endfacet
  facet normal 3.928674e-01 8.690404e-01 3.007058e-01
    outer loop
      vertex   -2.800391e+01 1.222097e+01 -1.399885e+01
      vertex   -2.949375e+01 1.289448e+01 -1.399885e+01
      vertex   -2.801361e+01 1.219951e+01 -1.392416e+01
    endloop
  endfacet
  facet normal 3.928674e-01 8.690404e-01 3.007058e-01
    outer loop
      vertex   -2.801361e+01 1.219951e+01 -1.392416e+01
      vertex   -2.949375e+01 1.289448e+01 -1.399885e+01
      vertex   -2.950345e+01 1.287302e+01 -1.392416e+01
    endloop
  endfacet
  facet normal 3.474207e-01 7.685102e-01 5.372996e-01
    outer loop
      vertex   -2.801361e+01 1.219951e+01 -1.392416e+01
      vertex   -2.950345e+01 1.287302e+01 -1.392416e+01
      vertex   -2.803095e+01 1.216117e+01 -1.385810e+01
    endloop
  endfacet
  facet normal 3.474207e-01 7.685102e-01 5.372996e-01
    outer loop
      vertex   -2.803095e+01 1.216117e+01 -1.385810e+01
      vertex   -2.950345e+01 1.287302e+01 -1.392416e+01
      vertex   -2.952078e+01 1.283468e+01 -1.385810e+01
    endloop
  endfacet
  facet normal 2.782979e-01 6.156074e-01 7.372773e-01
    outer loop
      vertex   -2.803095e+01 1.216117e+01 -1.385810e+01
      vertex   -2.952078e+01 1.283468e+01 -1.385810e+01
      vertex   -2.805473e+01 1.210856e+01 -1.380520e+01
    endloop
  endfacet
  facet normal 2.782979e-01 6.156074e-01 7.372773e-01
    outer loop
      vertex   -2.805473e+01 1.210856e+01 -1.380520e+01
      vertex   -2.952078e+01 1.283468e+01 -1.385810e+01
      vertex   -2.954457e+01 1.278207e+01 -1.380520e+01
    endloop
  endfacet
  facet normal 1.902095e-01 4.207519e-01 8.870108e-01
    outer loop
      vertex   -2.954457e+01 1.278207e+01 -1.380520e+01
      vertex   -3.103440e+01 1.345558e+01 -1.380520e+01
      vertex   -2.957318e+01 1.271877e+01 -1.376903e+01
    endloop
  endfacet
  facet normal 1.902095e-01 4.207519e-01 8.870108e-01
    outer loop
      vertex   -2.957318e+01 1.271877e+01 -1.376903e+01
      vertex   -3.103440e+01 1.345558e+01 -1.380520e+01
      vertex   -3.106302e+01 1.339228e+01 -1.376903e+01
    endloop
  endfacet
  facet normal 8.915861e-02 1.972228e-01 9.762960e-01
    outer loop
      vertex   -2.957318e+01 1.271877e+01 -1.376903e+01
      vertex   -3.106302e+01 1.339228e+01 -1.376903e+01
      vertex   -2.960468e+01 1.264910e+01 -1.375208e+01
    endloop
  endfacet
  facet normal 8.915861e-02 1.972228e-01 9.762960e-01
    outer loop
      vertex   -2.960468e+01 1.264910e+01 -1.375208e+01
      vertex   -3.106302e+01 1.339228e+01 -1.376903e+01
      vertex   -3.109451e+01 1.332261e+01 -1.375208e+01
    endloop
  endfacet
  facet normal -1.796826e-02 -3.974660e-02 9.990482e-01
    outer loop
      vertex   -2.960468e+01 1.264910e+01 -1.375208e+01
      vertex   -3.109451e+01 1.332261e+01 -1.375208e+01
      vertex   -2.963691e+01 1.257780e+01 -1.375550e+01
    endloop
  endfacet
  facet normal -1.796826e-02 -3.974660e-02 9.990482e-01
    outer loop
      vertex   -2.963691e+01 1.257780e+01 -1.375550e+01
      vertex   -3.109451e+01 1.332261e+01 -1.375208e+01
      vertex   -3.112674e+01 1.325131e+01 -1.375550e+01
    endloop
  endfacet
  facet normal -1.238706e-01 -2.740074e-01 9.537170e-01
    outer loop
      vertex   -2.963691e+01 1.257780e+01 -1.375550e+01
      vertex   -3.112674e+01 1.325131e+01 -1.375550e+01
      vertex   -2.966768e+01 1.250974e+01 -1.377905e+01
    endloop
  endfacet
  facet normal -1.238706e-01 -2.740074e-01 9.537170e-01
    outer loop
      vertex   -2.966768e+01 1.250974e+01 -1.377905e+01
      vertex   -3.112674e+01 1.325131e+01 -1.375550e+01
      vertex   -3.115751e+01 1.318325e+01 -1.377905e+01
    endloop
  endfacet
  facet normal -2.213314e-01 -4.895950e-01 8.433914e-01
    outer loop
      vertex   -2.966768e+01 1.250974e+01 -1.377905e+01
      vertex   -3.115751e+01 1.318325e+01 -1.377905e+01
      vertex   -2.969488e+01 1.244956e+01 -1.382113e+01
    endloop
  endfacet
  facet normal -2.213314e-01 -4.895950e-01 8.433914e-01
    outer loop
      vertex   -2.969488e+01 1.244956e+01 -1.382113e+01
      vertex   -3.115751e+01 1.318325e+01 -1.377905e+01
      vertex   -3.118472e+01 1.312307e+01 -1.382113e+01
    endloop
  endfacet
  facet normal -3.037088e-01 -6.718175e-01 6.755902e-01
    outer loop
      vertex   -2.969488e+01 1.244956e+01 -1.382113e+01
      vertex   -3.118472e+01 1.312307e+01 -1.382113e+01
      vertex   -2.971668e+01 1.240135e+01 -1.387887e+01
    endloop
  endfacet
  facet normal -3.037088e-01 -6.718175e-01 6.755902e-01
    outer loop
      vertex   -2.971668e+01 1.240135e+01 -1.387887e+01
      vertex   -3.118472e+01 1.312307e+01 -1.382113e+01
      vertex   -3.120651e+01 1.307486e+01 -1.387887e+01
    endloop
  endfacet
  facet normal -3.653890e-01 -8.082568e-01 4.617486e-01
    outer loop
      vertex   -2.971668e+01 1.240135e+01 -1.387887e+01
      vertex   -3.120651e+01 1.307486e+01 -1.387887e+01
      vertex   -2.973158e+01 1.236839e+01 -1.394834e+01
    endloop
  endfacet
  facet normal -3.653890e-01 -8.082568e-01 4.617486e-01
    outer loop
      vertex   -2.973158e+01 1.236839e+01 -1.394834e+01
      vertex   -3.120651e+01 1.307486e+01 -1.387887e+01
      vertex   -3.122141e+01 1.304190e+01 -1.394834e+01
    endloop
  endfacet
  facet normal -4.021685e-01 -8.896147e-01 2.164396e-01
    outer loop
      vertex   -2.973158e+01 1.236839e+01 -1.394834e+01
      vertex   -3.122141e+01 1.304190e+01 -1.394834e+01
      vertex   -2.973856e+01 1.235295e+01 -1.402479e+01
    endloop
  endfacet
  facet normal -4.021685e-01 -8.896147e-01 2.164396e-01
    outer loop
      vertex   -2.973856e+01 1.235295e+01 -1.402479e+01
      vertex   -3.122141e+01 1.304190e+01 -1.394834e+01
      vertex   -3.122839e+01 1.302646e+01 -1.402479e+01
    endloop
  endfacet
  facet normal -4.115409e-01 -9.103469e-01 -4.361939e-02
    outer loop
      vertex   -2.973856e+01 1.235295e+01 -1.402479e+01
      vertex   -3.122839e+01 1.302646e+01 -1.402479e+01
      vertex   -2.973715e+01 1.235606e+01 -1.410304e+01
    endloop
  endfacet
  facet normal -4.115409e-01 -9.103469e-01 -4.361939e-02
    outer loop
      vertex   -2.973715e+01 1.235606e+01 -1.410304e+01
      vertex   -3.122839e+01 1.302646e+01 -1.402479e+01
      vertex   -3.122699e+01 1.302957e+01 -1.410304e+01
    endloop
  endfacet
  facet normal -3.928674e-01 -8.690404e-01 -3.007058e-01
    outer loop
      vertex   -2.973715e+01 1.235606e+01 -1.410304e+01
      vertex   -3.122699e+01 1.302957e+01 -1.410304e+01
      vertex   -2.972745e+01 1.237752e+01 -1.417773e+01
    endloop
  endfacet
  facet normal -3.928674e-01 -8.690404e-01 -3.007058e-01
    outer loop
      vertex   -2.972745e+01 1.237752e+01 -1.417773e+01
      vertex   -3.122699e+01 1.302957e+01 -1.410304e+01
      vertex   -3.121729e+01 1.305103e+01 -1.417773e+01
    endloop
  endfacet
  facet normal -3.474207e-01 -7.685102e-01 -5.372996e-01
    outer loop
      vertex   -2.972745e+01 1.237752e+01 -1.417773e+01
      vertex   -3.121729e+01 1.305103e+01 -1.417773e+01
      vertex   -2.971012e+01 1.241586e+01 -1.424378e+01
    endloop
  endfacet
  facet normal -3.474207e-01 -7.685102e-01 -5.372996e-01
    outer loop
      vertex   -2.971012e+01 1.241586e+01 -1.424378e+01
      vertex   -3.121729e+01 1.305103e+01 -1.417773e+01
      vertex   -3.119995e+01 1.308937e+01 -1.424378e+01
    endloop
  endfacet
  facet normal -2.782979e-01 -6.156074e-01 -7.372773e-01
    outer loop
      vertex   -2.971012e+01 1.241586e+01 -1.424378e+01
      vertex   -3.119995e+01 1.308937e+01 -1.424378e+01
      vertex   -2.968633e+01 1.246848e+01 -1.429669e+01
    endloop
  endfacet
  facet normal -2.782979e-01 -6.156074e-01 -7.372773e-01
    outer loop
      vertex   -2.968633e+01 1.246848e+01 -1.429669e+01
      vertex   -3.119995e+01 1.308937e+01 -1.424378e+01
      vertex   -3.117617e+01 1.314199e+01 -1.429669e+01
    endloop
  endfacet
  facet normal -1.902095e-01 -4.207519e-01 -8.870108e-01
    outer loop
      vertex   -2.968633e+01 1.246848e+01 -1.429669e+01
      vertex   -3.117617e+01 1.314199e+01 -1.429669e+01
      vertex   -2.965772e+01 1.253178e+01 -1.433285e+01
    endloop
  endfacet
  facet normal -1.902095e-01 -4.207519e-01 -8.870108e-01
    outer loop
      vertex   -2.965772e+01 1.253178e+01 -1.433285e+01
      vertex   -3.117617e+01 1.314199e+01 -1.429669e+01
      vertex   -3.114755e+01 1.320529e+01 -1.433285e+01
    endloop
  endfacet
  facet normal -8.915861e-02 -1.972228e-01 -9.762960e-01
    outer loop
      vertex   -2.965772e+01 1.253178e+01 -1.433285e+01
      vertex   -3.114755e+01 1.320529e+01 -1.433285e+01
      vertex   -2.962622e+01 1.260145e+01 -1.434980e+01
    endloop
  endfacet
  facet normal -8.915861e-02 -1.972228e-01 -9.762960e-01
    outer loop
      vertex   -2.962622e+01 1.260145e+01 -1.434980e+01
      vertex   -3.114755e+01 1.320529e+01 -1.433285e+01
      vertex   -3.111605e+01 1.327496e+01 -1.434980e+01
    endloop
  endfacet
  facet normal 1.796826e-02 3.974660e-02 -9.990482e-01
    outer loop
      vertex   -2.962622e+01 1.260145e+01 -1.434980e+01
      vertex   -3.111605e+01 1.327496e+01 -1.434980e+01
      vertex   -2.959399e+01 1.267274e+01 -1.434638e+01
    endloop
  endfacet
  facet normal 1.796826e-02 3.974660e-02 -9.990482e-01
    outer loop
      vertex   -2.959399e+01 1.267274e+01 -1.434638e+01
      vertex   -3.111605e+01 1.327496e+01 -1.434980e+01
      vertex   -3.108382e+01 1.334625e+01 -1.434638e+01
    endloop
  endfacet
  facet normal 1.238706e-01 2.740074e-01 -9.537170e-01
    outer loop
      vertex   -2.959399e+01 1.267274e+01 -1.434638e+01
      vertex   -3.108382e+01 1.334625e+01 -1.434638e+01
      vertex   -2.956322e+01 1.274080e+01 -1.432283e+01
    endloop
  endfacet
  facet normal 1.238706e-01 2.740074e-01 -9.537170e-01
    outer loop
      vertex   -2.956322e+01 1.274080e+01 -1.432283e+01
      vertex   -3.108382e+01 1.334625e+01 -1.434638e+01
      vertex   -3.105306e+01 1.341431e+01 -1.432283e+01
    endloop
  endfacet
  facet normal 2.213314e-01 4.895950e-01 -8.433914e-01
    outer loop
      vertex   -2.956322e+01 1.274080e+01 -1.432283e+01
      vertex   -3.105306e+01 1.341431e+01 -1.432283e+01
      vertex   -2.953601e+01 1.280099e+01 -1.428075e+01
    endloop
  endfacet
  facet normal 2.213314e-01 4.895950e-01 -8.433914e-01
    outer loop
      vertex   -2.953601e+01 1.280099e+01 -1.428075e+01
      vertex   -3.105306e+01 1.341431e+01 -1.432283e+01
      vertex   -3.102585e+01 1.347450e+01 -1.428075e+01
    endloop
  endfacet
  facet normal 3.037088e-01 6.718175e-01 -6.755902e-01
    outer loop
      vertex   -2.953601e+01 1.280099e+01 -1.428075e+01
      vertex   -3.102585e+01 1.347450e+01 -1.428075e+01
      vertex   -2.951422e+01 1.284920e+01 -1.422301e+01
    endloop
  endfacet
  facet normal 3.037088e-01 6.718175e-01 -6.755902e-01
    outer loop
      vertex   -2.951422e+01 1.284920e+01 -1.422301e+01
      vertex   -3.102585e+01 1.347450e+01 -1.428075e+01
      vertex   -3.100405e+01 1.352271e+01 -1.422301e+01
    endloop
  endfacet
  facet normal 3.653890e-01 8.082568e-01 -4.617486e-01
    outer loop
      vertex   -2.951422e+01 1.284920e+01 -1.422301e+01
      vertex   -3.100405e+01 1.352271e+01 -1.422301e+01
      vertex   -2.949932e+01 1.288215e+01 -1.415355e+01
    endloop
  endfacet
  facet normal 3.653890e-01 8.082568e-01 -4.617486e-01
    outer loop
      vertex   -2.949932e+01 1.288215e+01 -1.415355e+01
      vertex   -3.100405e+01 1.352271e+01 -1.422301e+01
      vertex   -3.098916e+01 1.355566e+01 -1.415355e+01
    endloop
  endfacet
  facet normal 4.021685e-01 8.896147e-01 -2.164396e-01
    outer loop
      vertex   -2.949932e+01 1.288215e+01 -1.415355e+01
      vertex   -3.098916e+01 1.355566e+01 -1.415355e+01
      vertex   -2.949234e+01 1.289760e+01 -1.407709e+01
    endloop
  endfacet
  facet normal 4.021685e-01 8.896147e-01 -2.164396e-01
    outer loop
      vertex   -2.949234e+01 1.289760e+01 -1.407709e+01
      vertex   -3.098916e+01 1.355566e+01 -1.415355e+01
      vertex   -3.098217e+01 1.357111e+01 -1.407709e+01
    endloop
  endfacet
  facet normal 4.115409e-01 9.103469e-01 4.361939e-02
    outer loop
      vertex   -2.949234e+01 1.289760e+01 -1.407709e+01
      vertex   -3.098217e+01 1.357111e+01 -1.407709e+01
      vertex   -2.949375e+01 1.289448e+01 -1.399885e+01
    endloop
  endfacet
  facet normal 4.115409e-01 9.103469e-01 4.361939e-02
    outer loop
      vertex   -2.949375e+01 1.289448e+01 -1.399885e+01
      vertex   -3.098217e+01 1.357111e+01 -1.407709e+01
      vertex   -3.098358e+01 1.356799e+01 -1.399885e+01
    endloop
  endfacet
  facet normal 3.928674e-01 8.690404e-01 3.007058e-01
    outer loop
      vertex   -2.949375e+01 1.289448e+01 -1.399885e+01
      vertex   -3.098358e+01 1.356799e+01 -1.399885e+01
      vertex   -2.950345e+01 1.287302e+01 -1.392416e+01
    endloop
  endfacet
  facet normal 3.928674e-01 8.690404e-01 3.007058e-01
    outer loop
      vertex   -2.950345e+01 1.287302e+01 -1.392416e+01
      vertex   -3.098358e+01 1.356799e+01 -1.399885e+01
      vertex   -3.099328e+01 1.354653e+01 -1.392416e+01
    endloop
  endfacet
  facet normal 3.474207e-01 7.685102e-01 5.372996e-01
    outer loop
      vertex   -2.950345e+01 1.287302e+01 -1.392416e+01
      vertex   -3.099328e+01 1.354653e+01 -1.392416e+01
      vertex   -2.952078e+01 1.283468e+01 -1.385810e+01
    endloop
  endfacet
  facet normal 3.474207e-01 7.685102e-01 5.372996e-01
    outer loop
      vertex   -2.952078e+01 1.283468e+01 -1.385810e+01
      vertex   -3.099328e+01 1.354653e+01 -1.392416e+01
      vertex   -3.101062e+01 1.350819e+01 -1.385810e+01
    endloop
  endfacet
  facet normal 2.782979e-01 6.156074e-01 7.372773e-01
    outer loop
      vertex   -2.952078e+01 1.283468e+01 -1.385810e+01
      vertex   -3.101062e+01 1.350819e+01 -1.385810e+01
      vertex   -2.954457e+01 1.278207e+01 -1.380520e+01
    endloop
  endfacet
  facet normal 2.782979e-01 6.156074e-01 7.372773e-01
    outer loop
      vertex   -2.954457e+01 1.278207e+01 -1.380520e+01
      vertex   -3.101062e+01 1.350819e+01 -1.385810e+01
      vertex   -3.103440e+01 1.345558e+01 -1.380520e+01
    endloop
  endfacet
  facet normal 1.902095e-01 4.207519e-01 8.870108e-01
    outer loop
      vertex   -3.103440e+01 1.345558e+01 -1.380520e+01
      vertex   -3.252424e+01 1.412909e+01 -1.380520e+01
      vertex   -3.106302e+01 1.339228e+01 -1.376903e+01
    endloop
  endfacet
  facet normal 1.902095e-01 4.207519e-01 8.870108e-01
    outer loop
      vertex   -3.106302e+01 1.339228e+01 -1.376903e+01
      vertex   -3.252424e+01 1.412909e+01 -1.380520e+01
      vertex   -3.255285e+01 1.406579e+01 -1.376903e+01
    endloop
  endfacet
  facet normal 8.915861e-02 1.972228e-01 9.762960e-01
    outer loop
      vertex   -3.106302e+01 1.339228e+01 -1.376903e+01
      vertex   -3.255285e+01 1.406579e+01 -1.376903e+01
      vertex   -3.109451e+01 1.332261e+01 -1.375208e+01
    endloop
  endfacet
  facet normal 8.915861e-02 1.972228e-01 9.762960e-01
    outer loop
      vertex   -3.109451e+01 1.332261e+01 -1.375208e+01
      vertex   -3.255285e+01 1.406579e+01 -1.376903e+01
      vertex   -3.258435e+01 1.399612e+01 -1.375208e+01
    endloop
  endfacet
  facet normal -1.796826e-02 -3.974660e-02 9.990482e-01
    outer loop
      vertex   -3.109451e+01 1.332261e+01 -1.375208e+01
      vertex   -3.258435e+01 1.399612e+01 -1.375208e+01
      vertex   -3.112674e+01 1.325131e+01 -1.375550e+01
    endloop
  endfacet
  facet normal -1.796826e-02 -3.974660e-02 9.990482e-01
    outer loop
      vertex   -3.112674e+01 1.325131e+01 -1.375550e+01
      vertex   -3.258435e+01 1.399612e+01 -1.375208e+01
      vertex   -3.261658e+01 1.392482e+01 -1.375550e+01
    endloop
  endfacet
  facet normal -1.238706e-01 -2.740074e-01 9.537170e-01
    outer loop
      vertex   -3.112674e+01 1.325131e+01 -1.375550e+01
      vertex   -3.261658e+01 1.392482e+01 -1.375550e+01
      vertex   -3.115751e+01 1.318325e+01 -1.377905e+01
    endloop
  endfacet
  facet normal -1.238706e-01 -2.740074e-01 9.537170e-01
    outer loop
      vertex   -3.115751e+01 1.318325e+01 -1.377905e+01
      vertex   -3.261658e+01 1.392482e+01 -1.375550e+01
      vertex   -3.264735e+01 1.385676e+01 -1.377905e+01
    endloop
  endfacet
  facet normal -2.213314e-01 -4.895950e-01 8.433914e-01
    outer loop
      vertex   -3.115751e+01 1.318325e+01 -1.377905e+01
      vertex   -3.264735e+01 1.385676e+01 -1.377905e+01
      vertex   -3.118472e+01 1.312307e+01 -1.382113e+01
    endloop
  endfacet
  facet normal -2.213314e-01 -4.895950e-01 8.433914e-01
    outer loop
      vertex   -3.118472e+01 1.312307e+01 -1.382113e+01
      vertex   -3.264735e+01 1.385676e+01 -1.377905e+01
      vertex   -3.267455e+01 1.379658e+01 -1.382113e+01
    endloop
  endfacet
  facet normal -3.037088e-01 -6.718175e-01 6.755902e-01
    outer loop
      vertex   -3.118472e+01 1.312307e+01 -1.382113e+01
      vertex   -3.267455e+01 1.379658e+01 -1.382113e+01
      vertex   -3.120651e+01 1.307486e+01 -1.387887e+01
    endloop
  endfacet
  facet normal -3.037088e-01 -6.718175e-01 6.755902e-01
    outer loop
      vertex   -3.120651e+01 1.307486e+01 -1.387887e+01
      vertex   -3.267455e+01 1.379658e+01 -1.382113e+01
      vertex   -3.269635e+01 1.374837e+01 -1.387887e+01
    endloop
  endfacet
  facet normal -3.653890e-01 -8.082568e-01 4.617486e-01
    outer loop
      vertex   -3.120651e+01 1.307486e+01 -1.387887e+01
      vertex   -3.269635e+01 1.374837e+01 -1.387887e+01
      vertex   -3.122141e+01 1.304190e+01 -1.394834e+01
    endloop
  endfacet
  facet normal -3.653890e-01 -8.082568e-01 4.617486e-01
    outer loop
      vertex   -3.122141e+01 1.304190e+01 -1.394834e+01
      vertex   -3.269635e+01 1.374837e+01 -1.387887e+01
      vertex   -3.271125e+01 1.371541e+01 -1.394834e+01
    endloop
  endfacet
  facet normal -4.021685e-01 -8.896147e-01 2.164396e-01
    outer loop
      vertex   -3.122141e+01 1.304190e+01 -1.394834e+01
      vertex   -3.271125e+01 1.371541e+01 -1.394834e+01
      vertex   -3.122839e+01 1.302646e+01 -1.402479e+01
    endloop
  endfacet
  facet normal -4.021685e-01 -8.896147e-01 2.164396e-01
    outer loop
      vertex   -3.122839e+01 1.302646e+01 -1.402479e+01
      vertex   -3.271125e+01 1.371541e+01 -1.394834e+01
      vertex   -3.271823e+01 1.369997e+01 -1.402479e+01
    endloop
  endfacet
  facet normal -4.115409e-01 -9.103469e-01 -4.361939e-02
    outer loop
      vertex   -3.122839e+01 1.302646e+01 -1.402479e+01
      vertex   -3.271823e+01 1.369997e+01 -1.402479e+01
      vertex   -3.122699e+01 1.302957e+01 -1.410304e+01
    endloop
  endfacet
  facet normal -4.115409e-01 -9.103469e-01 -4.361939e-02
    outer loop
      vertex   -3.122699e+01 1.302957e+01 -1.410304e+01
      vertex   -3.271823e+01 1.369997e+01 -1.402479e+01
      vertex   -3.271682e+01 1.370308e+01 -1.410304e+01
    endloop
  endfacet
  facet normal -3.928674e-01 -8.690404e-01 -3.007058e-01
    outer loop
      vertex   -3.122699e+01 1.302957e+01 -1.410304e+01
      vertex   -3.271682e+01 1.370308e+01 -1.410304e+01
      vertex   -3.121729e+01 1.305103e+01 -1.417773e+01
    endloop
  endfacet
  facet normal -3.928674e-01 -8.690404e-01 -3.007058e-01
    outer loop
      vertex   -3.121729e+01 1.305103e+01 -1.417773e+01
      vertex   -3.271682e+01 1.370308e+01 -1.410304e+01
      vertex   -3.270712e+01 1.372454e+01 -1.417773e+01
    endloop
  endfacet
  facet normal -3.474207e-01 -7.685102e-01 -5.372996e-01
    outer loop
      vertex   -3.121729e+01 1.305103e+01 -1.417773e+01
      vertex   -3.270712e+01 1.372454e+01 -1.417773e+01
      vertex   -3.119995e+01 1.308937e+01 -1.424378e+01
    endloop
  endfacet
  facet normal -3.474207e-01 -7.685102e-01 -5.372996e-01
    outer loop
      vertex   -3.119995e+01 1.308937e+01 -1.424378e+01
      vertex   -3.270712e+01 1.372454e+01 -1.417773e+01
      vertex   -3.268979e+01 1.376288e+01 -1.424378e+01
    endloop
  endfacet
  facet normal -2.782979e-01 -6.156074e-01 -7.372773e-01
    outer loop
      vertex   -3.119995e+01 1.308937e+01 -1.424378e+01
      vertex   -3.268979e+01 1.376288e+01 -1.424378e+01
      vertex   -3.117617e+01 1.314199e+01 -1.429669e+01
    endloop
  endfacet
  facet normal -2.782979e-01 -6.156074e-01 -7.372773e-01
    outer loop
      vertex   -3.117617e+01 1.314199e+01 -1.429669e+01
      vertex   -3.268979e+01 1.376288e+01 -1.424378e+01
      vertex   -3.266600e+01 1.381550e+01 -1.429669e+01
    endloop
  endfacet
  facet normal -1.902095e-01 -4.207519e-01 -8.870108e-01
    outer loop
      vertex   -3.117617e+01 1.314199e+01 -1.429669e+01
      vertex   -3.266600e+01 1.381550e+01 -1.429669e+01
      vertex   -3.114755e+01 1.320529e+01 -1.433285e+01
    endloop
  endfacet
  facet normal -1.902095e-01 -4.207519e-01 -8.870108e-01
    outer loop
      vertex   -3.114755e+01 1.320529e+01 -1.433285e+01
      vertex   -3.266600e+01 1.381550e+01 -1.429669e+01
      vertex   -3.263739e+01 1.387880e+01 -1.433285e+01
    endloop
  endfacet
  facet normal -8.915861e-02 -1.972228e-01 -9.762960e-01
    outer loop
      vertex   -3.114755e+01 1.320529e+01 -1.433285e+01
      vertex   -3.263739e+01 1.387880e+01 -1.433285e+01
      vertex   -3.111605e+01 1.327496e+01 -1.434980e+01
    endloop
  endfacet
  facet normal -8.915861e-02 -1.972228e-01 -9.762960e-01
    outer loop
      vertex   -3.111605e+01 1.327496e+01 -1.434980e+01
      vertex   -3.263739e+01 1.387880e+01 -1.433285e+01
      vertex   -3.260589e+01 1.394847e+01 -1.434980e+01
    endloop
  endfacet
  facet normal 1.796826e-02 3.974660e-02 -9.990482e-01
    outer loop
      vertex   -3.111605e+01 1.327496e+01 -1.434980e+01
      vertex   -3.260589e+01 1.394847e+01 -1.434980e+01
      vertex   -3.108382e+01 1.334625e+01 -1.434638e+01
    endloop
  endfacet
  facet normal 1.796826e-02 3.974660e-02 -9.990482e-01
    outer loop
      vertex   -3.108382e+01 1.334625e+01 -1.434638e+01
      vertex   -3.260589e+01 1.394847e+01 -1.434980e+01
      vertex   -3.257366e+01 1.401976e+01 -1.434638e+01
    endloop
  endfacet
  facet normal 1.238706e-01 2.740074e-01 -9.537170e-01
    outer loop
      vertex   -3.108382e+01 1.334625e+01 -1.434638e+01
      vertex   -3.257366e+01 1.401976e+01 -1.434638e+01
      vertex   -3.105306e+01 1.341431e+01 -1.432283e+01
    endloop
  endfacet
  facet normal 1.238706e-01 2.740074e-01 -9.537170e-01
    outer loop
      vertex   -3.105306e+01 1.341431e+01 -1.432283e+01
      vertex   -3.257366e+01 1.401976e+01 -1.434638e+01
      vertex   -3.254289e+01 1.408782e+01 -1.432283e+01
    endloop
  endfacet
  facet normal 2.213314e-01 4.895950e-01 -8.433914e-01
    outer loop
      vertex   -3.105306e+01 1.341431e+01 -1.432283e+01
      vertex   -3.254289e+01 1.408782e+01 -1.432283e+01
      vertex   -3.102585e+01 1.347450e+01 -1.428075e+01
    endloop
  endfacet
  facet normal 2.213314e-01 4.895950e-01 -8.433914e-01
    outer loop
      vertex   -3.102585e+01 1.347450e+01 -1.428075e+01
      vertex   -3.254289e+01 1.408782e+01 -1.432283e+01
      vertex   -3.251568e+01 1.414801e+01 -1.428075e+01
    endloop
  endfacet
  facet normal 3.037088e-01 6.718175e-01 -6.755902e-01
    outer loop
      vertex   -3.102585e+01 1.347450e+01 -1.428075e+01
      vertex   -3.251568e+01 1.414801e+01 -1.428075e+01
      vertex   -3.100405e+01 1.352271e+01 -1.422301e+01
    endloop
  endfacet
  facet normal 3.037088e-01 6.718175e-01 -6.755902e-01
    outer loop
      vertex   -3.100405e+01 1.352271e+01 -1.422301e+01
      vertex   -3.251568e+01 1.414801e+01 -1.428075e+01
      vertex   -3.249389e+01 1.419622e+01 -1.422301e+01
    endloop
  endfacet
  facet normal 3.653890e-01 8.082568e-01 -4.617486e-01
    outer loop
      vertex   -3.100405e+01 1.352271e+01 -1.422301e+01
      vertex   -3.249389e+01 1.419622e+01 -1.422301e+01
      vertex   -3.098916e+01 1.355566e+01 -1.415355e+01
    endloop
  endfacet
  facet normal 3.653890e-01 8.082568e-01 -4.617486e-01
    outer loop
      vertex   -3.098916e+01 1.355566e+01 -1.415355e+01
      vertex   -3.249389e+01 1.419622e+01 -1.422301e+01
      vertex   -3.247899e+01 1.422917e+01 -1.415355e+01
    endloop
  endfacet
  facet normal 4.021685e-01 8.896147e-01 -2.164396e-01
    outer loop
      vertex   -3.098916e+01 1.355566e+01 -1.415355e+01
      vertex   -3.247899e+01 1.422917e+01 -1.415355e+01
      vertex   -3.098217e+01 1.357111e+01 -1.407709e+01
    endloop
  endfacet
  facet normal 4.021685e-01 8.896147e-01 -2.164396e-01
    outer loop
      vertex   -3.098217e+01 1.357111e+01 -1.407709e+01
      vertex   -3.247899e+01 1.422917e+01 -1.415355e+01
      vertex   -3.247201e+01 1.424462e+01 -1.407709e+01
    endloop
  endfacet
  facet normal 4.115409e-01 9.103469e-01 4.361939e-02
    outer loop
      vertex   -3.098217e+01 1.357111e+01 -1.407709e+01
      vertex   -3.247201e+01 1.424462e+01 -1.407709e+01
      vertex   -3.098358e+01 1.356799e+01 -1.399885e+01
    endloop
  endfacet
  facet normal 4.115409e-01 9.103469e-01 4.361939e-02
    outer loop
      vertex   -3.098358e+01 1.356799e+01 -1.399885e+01
      vertex   -3.247201e+01 1.424462e+01 -1.407709e+01
      vertex   -3.247342e+01 1.424150e+01 -1.399885e+01
    endloop
  endfacet
  facet normal 3.928674e-01 8.690404e-01 3.007058e-01
    outer loop
      vertex   -3.098358e+01 1.356799e+01 -1.399885e+01
      vertex   -3.247342e+01 1.424150e+01 -1.399885e+01
      vertex   -3.099328e+01 1.354653e+01 -1.392416e+01
    endloop
  endfacet
  facet normal 3.928674e-01 8.690404e-01 3.007058e-01
    outer loop
      vertex   -3.099328e+01 1.354653e+01 -1.392416e+01
      vertex   -3.247342e+01 1.424150e+01 -1.399885e+01
      vertex   -3.248312e+01 1.422004e+01 -1.392416e+01
    endloop
  endfacet
  facet normal 3.474207e-01 7.685102e-01 5.372996e-01
    outer loop
      vertex   -3.099328e+01 1.354653e+01 -1.392416e+01
      vertex   -3.248312e+01 1.422004e+01 -1.392416e+01
      vertex   -3.101062e+01 1.350819e+01 -1.385810e+01
    endloop
  endfacet
  facet normal 3.474207e-01 7.685102e-01 5.372996e-01
    outer loop
      vertex   -3.101062e+01 1.350819e+01 -1.385810e+01
      vertex   -3.248312e+01 1.422004e+01 -1.392416e+01
      vertex   -3.250045e+01 1.418170e+01 -1.385810e+01
    endloop
  endfacet
  facet normal 2.782979e-01 6.156074e-01 7.372773e-01
    outer loop
      vertex   -3.101062e+01 1.350819e+01 -1.385810e+01
      vertex   -3.250045e+01 1.418170e+01 -1.385810e+01
      vertex   -3.103440e+01 1.345558e+01 -1.380520e+01
    endloop
  endfacet
  facet normal 2.782979e-01 6.156074e-01 7.372773e-01
    outer loop
      vertex   -3.103440e+01 1.345558e+01 -1.380520e+01
      vertex   -3.250045e+01 1.418170e+01 -1.385810e+01
      vertex   -3.252424e+01 1.412909e+01 -1.380520e+01
    endloop
  endfacet
  facet normal 1.902095e-01 4.207519e-01 8.870108e-01
    outer loop
      vertex   -3.252424e+01 1.412909e+01 -1.380520e+01
      vertex   -3.401407e+01 1.480260e+01 -1.380520e+01
      vertex   -3.255285e+01 1.406579e+01 -1.376903e+01
    endloop
  endfacet
  facet normal 1.902095e-01 4.207519e-01 8.870108e-01
    outer loop
      vertex   -3.255285e+01 1.406579e+01 -1.376903e+01
      vertex   -3.401407e+01 1.480260e+01 -1.380520e+01
      vertex   -3.404269e+01 1.473930e+01 -1.376903e+01
    endloop
  endfacet
  facet normal 8.915861e-02 1.972228e-01 9.762960e-01
    outer loop
      vertex   -3.255285e+01 1.406579e+01 -1.376903e+01
      vertex   -3.404269e+01 1.473930e+01 -1.376903e+01
      vertex   -3.258435e+01 1.399612e+01 -1.375208e+01
    endloop
  endfacet
  facet normal 8.915861e-02 1.972228e-01 9.762960e-01
    outer loop
      vertex   -3.258435e+01 1.399612e+01 -1.375208e+01
      vertex   -3.404269e+01 1.473930e+01 -1.376903e+01
      vertex   -3.407418e+01 1.466963e+01 -1.375208e+01
    endloop
  endfacet
  facet normal -1.796826e-02 -3.974660e-02 9.990482e-01
    outer loop
      vertex   -3.258435e+01 1.399612e+01 -1.375208e+01
      vertex   -3.407418e+01 1.466963e+01 -1.375208e+01
      vertex   -3.261658e+01 1.392482e+01 -1.375550e+01
    endloop
  endfacet
  facet normal -1.796826e-02 -3.974660e-02 9.990482e-01
    outer loop
      vertex   -3.261658e+01 1.392482e+01 -1.375550e+01
      vertex   -3.407418e+01 1.466963e+01 -1.375208e+01
      vertex   -3.410641e+01 1.459833e+01 -1.375550e+01
    endloop
  endfacet
  facet normal -1.238706e-01 -2.740074e-01 9.537170e-01
    outer loop
      vertex   -3.261658e+01 1.392482e+01 -1.375550e+01
      vertex   -3.410641e+01 1.459833e+01 -1.375550e+01
      vertex   -3.264735e+01 1.385676e+01 -1.377905e+01
    endloop
  endfacet
  facet normal -1.238706e-01 -2.740074e-01 9.537170e-01
    outer loop
      vertex   -3.264735e+01 1.385676e+01 -1.377905e+01
      vertex   -3.410641e+01 1.459833e+01 -1.375550e+01
      vertex   -3.413718e+01 1.453027e+01 -1.377905e+01
    endloop
  endfacet
  facet normal -2.213314e-01 -4.895950e-01 8.433914e-01
    outer loop
      vertex   -3.264735e+01 1.385676e+01 -1.377905e+01
      vertex   -3.413718e+01 1.453027e+01 -1.377905e+01
      vertex   -3.267455e+01 1.379658e+01 -1.382113e+01
    endloop
  endfacet
  facet normal -2.213314e-01 -4.895950e-01 8.433914e-01
    outer loop
      vertex   -3.267455e+01 1.379658e+01 -1.382113e+01
      vertex   -3.413718e+01 1.453027e+01 -1.377905e+01
      vertex   -3.416439e+01 1.447009e+01 -1.382113e+01
    endloop
  endfacet
  facet normal -3.037088e-01 -6.718175e-01 6.755902e-01
    outer loop
      vertex   -3.267455e+01 1.379658e+01 -1.382113e+01
      vertex   -3.416439e+01 1.447009e+01 -1.382113e+01
      vertex   -3.269635e+01 1.374837e+01 -1.387887e+01
    endloop
  endfacet
  facet normal -3.037088e-01 -6.718175e-01 6.755902e-01
    outer loop
      vertex   -3.269635e+01 1.374837e+01 -1.387887e+01
      vertex   -3.416439e+01 1.447009e+01 -1.382113e+01
      vertex   -3.418618e+01 1.442188e+01 -1.387887e+01
    endloop
  endfacet
  facet normal -3.653890e-01 -8.082568e-01 4.617486e-01
    outer loop
      vertex   -3.269635e+01 1.374837e+01 -1.387887e+01
      vertex   -3.418618e+01 1.442188e+01 -1.387887e+01
      vertex   -3.271125e+01 1.371541e+01 -1.394834e+01
    endloop
  endfacet
  facet normal -3.653890e-01 -8.082568e-01 4.617486e-01
    outer loop
      vertex   -3.271125e+01 1.371541e+01 -1.394834e+01
      vertex   -3.418618e+01 1.442188e+01 -1.387887e+01
      vertex   -3.420108e+01 1.438892e+01 -1.394834e+01
    endloop
  endfacet
  facet normal -4.021685e-01 -8.896147e-01 2.164396e-01
    outer loop
      vertex   -3.271125e+01 1.371541e+01 -1.394834e+01
      vertex   -3.420108e+01 1.438892e+01 -1.394834e+01
      vertex   -3.271823e+01 1.369997e+01 -1.402479e+01
    endloop
  endfacet
  facet normal -4.021685e-01 -8.896147e-01 2.164396e-01
    outer loop
      vertex   -3.271823e+01 1.369997e+01 -1.402479e+01
      vertex   -3.420108e+01 1.438892e+01 -1.394834e+01
      vertex   -3.420806e+01 1.437348e+01 -1.402479e+01
    endloop
  endfacet
  facet normal -4.115409e-01 -9.103469e-01 -4.361939e-02
    outer loop
      vertex   -3.271823e+01 1.369997e+01 -1.402479e+01
      vertex   -3.420806e+01 1.437348e+01 -1.402479e+01
      vertex   -3.271682e+01 1.370308e+01 -1.410304e+01
    endloop
  endfacet
  facet normal -4.115409e-01 -9.103469e-01 -4.361939e-02
    outer loop
      vertex   -3.271682e+01 1.370308e+01 -1.410304e+01
      vertex   -3.420806e+01 1.437348e+01 -1.402479e+01
      vertex   -3.420666e+01 1.437659e+01 -1.410304e+01
    endloop
  endfacet
  facet normal -3.928674e-01 -8.690404e-01 -3.007058e-01
    outer loop
      vertex   -3.271682e+01 1.370308e+01 -1.410304e+01
      vertex   -3.420666e+01 1.437659e+01 -1.410304e+01
      vertex   -3.270712e+01 1.372454e+01 -1.417773e+01
    endloop
  endfacet
  facet normal -3.928674e-01 -8.690404e-01 -3.007058e-01
    outer loop
      vertex   -3.270712e+01 1.372454e+01 -1.417773e+01
      vertex   -3.420666e+01 1.437659e+01 -1.410304e+01
      vertex   -3.419696e+01 1.439805e+01 -1.417773e+01
    endloop
  endfacet
  facet normal -3.474207e-01 -7.685102e-01 -5.372996e-01
    outer loop
      vertex   -3.270712e+01 1.372454e+01 -1.417773e+01
      vertex   -3.419696e+01 1.439805e+01 -1.417773e+01
      vertex   -3.268979e+01 1.376288e+01 -1.424378e+01
    endloop
  endfacet
  facet normal -3.474207e-01 -7.685102e-01 -5.372996e-01
    outer loop
      vertex   -3.268979e+01 1.376288e+01 -1.424378e+01
      vertex   -3.419696e+01 1.439805e+01 -1.417773e+01
      vertex   -3.417962e+01 1.443639e+01 -1.424378e+01
    endloop
  endfacet
  facet normal -2.782979e-01 -6.156074e-01 -7.372773e-01
    outer loop
      vertex   -3.268979e+01 1.376288e+01 -1.424378e+01
      vertex   -3.417962e+01 1.443639e+01 -1.424378e+01
      vertex   -3.266600e+01 1.381550e+01 -1.429669e+01
    endloop
  endfacet
  facet normal -2.782979e-01 -6.156074e-01 -7.372773e-01
    outer loop
      vertex   -3.266600e+01 1.381550e+01 -1.429669e+01
      vertex   -3.417962e+01 1.443639e+01 -1.424378e+01
      vertex   -3.415584e+01 1.448901e+01 -1.429669e+01
    endloop
  endfacet
  facet normal -1.902095e-01 -4.207519e-01 -8.870108e-01
    outer loop
      vertex   -3.266600e+01 1.381550e+01 -1.429669e+01
      vertex   -3.415584e+01 1.448901e+01 -1.429669e+01
      vertex   -3.263739e+01 1.387880e+01 -1.433285e+01
    endloop
  endfacet
  facet normal -1.902095e-01 -4.207519e-01 -8.870108e-01
    outer loop
      vertex   -3.263739e+01 1.387880e+01 -1.433285e+01
      vertex   -3.415584e+01 1.448901e+01 -1.429669e+01
      vertex   -3.412722e+01 1.455231e+01 -1.433285e+01
    endloop
  endfacet
  facet normal -8.915861e-02 -1.972228e-01 -9.762960e-01
    outer loop
      vertex   -3.263739e+01 1.387880e+01 -1.433285e+01
      vertex   -3.412722e+01 1.455231e+01 -1.433285e+01
      vertex   -3.260589e+01 1.394847e+01 -1.434980e+01
    endloop
  endfacet
  facet normal -8.915861e-02 -1.972228e-01 -9.762960e-01
    outer loop
      vertex   -3.260589e+01 1.394847e+01 -1.434980e+01
      vertex   -3.412722e+01 1.455231e+01 -1.433285e+01
      vertex   -3.409572e+01 1.462198e+01 -1.434980e+01
    endloop
  endfacet
  facet normal 1.796826e-02 3.974660e-02 -9.990482e-01
    outer loop
      vertex   -3.260589e+01 1.394847e+01 -1.434980e+01
      vertex   -3.409572e+01 1.462198e+01 -1.434980e+01
      vertex   -3.257366e+01 1.401976e+01 -1.434638e+01
    endloop
  endfacet
  facet normal 1.796826e-02 3.974660e-02 -9.990482e-01
    outer loop
      vertex   -3.257366e+01 1.401976e+01 -1.434638e+01
      vertex   -3.409572e+01 1.462198e+01 -1.434980e+01
      vertex   -3.406349e+01 1.469327e+01 -1.434638e+01
    endloop
  endfacet
  facet normal 1.238706e-01 2.740074e-01 -9.537170e-01
    outer loop
      vertex   -3.257366e+01 1.401976e+01 -1.434638e+01
      vertex   -3.406349e+01 1.469327e+01 -1.434638e+01
      vertex   -3.254289e+01 1.408782e+01 -1.432283e+01
    endloop
  endfacet
  facet normal 1.238706e-01 2.740074e-01 -9.537170e-01
    outer loop
      vertex   -3.254289e+01 1.408782e+01 -1.432283e+01
      vertex   -3.406349e+01 1.469327e+01 -1.434638e+01
      vertex   -3.403273e+01 1.476133e+01 -1.432283e+01
    endloop
  endfacet
  facet normal 2.213314e-01 4.895950e-01 -8.433914e-01
    outer loop
      vertex   -3.254289e+01 1.408782e+01 -1.432283e+01
      vertex   -3.403273e+01 1.476133e+01 -1.432283e+01
      vertex   -3.251568e+01 1.414801e+01 -1.428075e+01
    endloop
  endfacet
  facet normal 2.213314e-01 4.895950e-01 -8.433914e-01
    outer loop
      vertex   -3.251568e+01 1.414801e+01 -1.428075e+01
      vertex   -3.403273e+01 1.476133e+01 -1.432283e+01
      vertex   -3.400552e+01 1.482152e+01 -1.428075e+01
    endloop
  endfacet
  facet normal 3.037088e-01 6.718175e-01 -6.755902e-01
    outer loop
      vertex   -3.251568e+01 1.414801e+01 -1.428075e+01
      vertex   -3.400552e+01 1.482152e+01 -1.428075e+01
      vertex   -3.249389e+01 1.419622e+01 -1.422301e+01
    endloop
  endfacet
  facet normal 3.037088e-01 6.718175e-01 -6.755902e-01
    outer loop
      vertex   -3.249389e+01 1.419622e+01 -1.422301e+01
      vertex   -3.400552e+01 1.482152e+01 -1.428075e+01
      vertex   -3.398372e+01 1.486973e+01 -1.422301e+01
    endloop
  endfacet
  facet normal 3.653890e-01 8.082568e-01 -4.617486e-01
    outer loop
      vertex   -3.249389e+01 1.419622e+01 -1.422301e+01
      vertex   -3.398372e+01 1.486973e+01 -1.422301e+01
      vertex   -3.247899e+01 1.422917e+01 -1.415355e+01
    endloop
  endfacet
  facet normal 3.653890e-01 8.082568e-01 -4.617486e-01
    outer loop
      vertex   -3.247899e+01 1.422917e+01 -1.415355e+01
      vertex   -3.398372e+01 1.486973e+01 -1.422301e+01
      vertex   -3.396883e+01 1.490268e+01 -1.415355e+01
    endloop
  endfacet
  facet normal 4.021685e-01 8.896147e-01 -2.164396e-01
    outer loop
      vertex   -3.247899e+01 1.422917e+01 -1.415355e+01
      vertex   -3.396883e+01 1.490268e+01 -1.415355e+01
      vertex   -3.247201e+01 1.424462e+01 -1.407709e+01
    endloop
  endfacet
  facet normal 4.021685e-01 8.896147e-01 -2.164396e-01
    outer loop
      vertex   -3.247201e+01 1.424462e+01 -1.407709e+01
      vertex   -3.396883e+01 1.490268e+01 -1.415355e+01
      vertex   -3.396184e+01 1.491813e+01 -1.407709e+01
    endloop
  endfacet
  facet normal 4.115409e-01 9.103469e-01 4.361939e-02
    outer loop
      vertex   -3.247201e+01 1.424462e+01 -1.407709e+01
      vertex   -3.396184e+01 1.491813e+01 -1.407709e+01
      vertex   -3.247342e+01 1.424150e+01 -1.399885e+01
    endloop
  endfacet
  facet normal 4.115409e-01 9.103469e-01 4.361939e-02
    outer loop
      vertex   -3.247342e+01 1.424150e+01 -1.399885e+01
      vertex   -3.396184e+01 1.491813e+01 -1.407709e+01
      vertex   -3.396325e+01 1.491501e+01 -1.399885e+01
    endloop
  endfacet
  facet normal 3.928674e-01 8.690404e-01 3.007058e-01
    outer loop
      vertex   -3.247342e+01 1.424150e+01 -1.399885e+01
      vertex   -3.396325e+01 1.491501e+01 -1.399885e+01
      vertex   -3.248312e+01 1.422004e+01 -1.392416e+01
    endloop
  endfacet
  facet normal 3.928674e-01 8.690404e-01 3.007058e-01
    outer loop
      vertex   -3.248312e+01 1.422004e+01 -1.392416e+01
      vertex   -3.396325e+01 1.491501e+01 -1.399885e+01
      vertex   -3.397295e+01 1.489356e+01 -1.392416e+01
    endloop
  endfacet
  facet normal 3.474207e-01 7.685102e-01 5.372996e-01
    outer loop
      vertex   -3.248312e+01 1.422004e+01 -1.392416e+01
      vertex   -3.397295e+01 1.489356e+01 -1.392416e+01
      vertex   -3.250045e+01 1.418170e+01 -1.385810e+01
    endloop
  endfacet
  facet normal 3.474207e-01 7.685102e-01 5.372996e-01
    outer loop
      vertex   -3.250045e+01 1.418170e+01 -1.385810e+01
      vertex   -3.397295e+01 1.489356e+01 -1.392416e+01
      vertex   -3.399029e+01 1.485521e+01 -1.385810e+01
    endloop
  endfacet
  facet normal 2.782979e-01 6.156074e-01 7.372773e-01
    outer loop
      vertex   -3.250045e+01 1.418170e+01 -1.385810e+01
      vertex   -3.399029e+01 1.485521e+01 -1.385810e+01
      vertex   -3.252424e+01 1.412909e+01 -1.380520e+01
    endloop
  endfacet
  facet normal 2.782979e-01 6.156074e-01 7.372773e-01
    outer loop
      vertex   -3.252424e+01 1.412909e+01 -1.380520e+01
      vertex   -3.399029e+01 1.485521e+01 -1.385810e+01
      vertex   -3.401407e+01 1.480260e+01 -1.380520e+01
    endloop
  endfacet
  facet normal 1.902095e-01 4.207519e-01 8.870108e-01
    outer loop
      vertex   -3.401407e+01 1.480260e+01 -1.380520e+01
      vertex   -3.550391e+01 1.547611e+01 -1.380520e+01
      vertex   -3.404269e+01 1.473930e+01 -1.376903e+01
    endloop
  endfacet
  facet normal 1.902095e-01 4.207519e-01 8.870108e-01
    outer loop
      vertex   -3.404269e+01 1.473930e+01 -1.376903e+01
      vertex   -3.550391e+01 1.547611e+01 -1.380520e+01
      vertex   -3.553252e+01 1.541281e+01 -1.376903e+01
    endloop
  endfacet
  facet normal 8.915861e-02 1.972228e-01 9.762960e-01
    outer loop
      vertex   -3.404269e+01 1.473930e+01 -1.376903e+01
      vertex   -3.553252e+01 1.541281e+01 -1.376903e+01
      vertex   -3.407418e+01 1.466963e+01 -1.375208e+01
    endloop
  endfacet
  facet normal 8.915861e-02 1.972228e-01 9.762960e-01
    outer loop
      vertex   -3.407418e+01 1.466963e+01 -1.375208e+01
      vertex   -3.553252e+01 1.541281e+01 -1.376903e+01
      vertex   -3.556402e+01 1.534314e+01 -1.375208e+01
    endloop
  endfacet
  facet normal -1.796826e-02 -3.974660e-02 9.990482e-01
    outer loop
      vertex   -3.407418e+01 1.466963e+01 -1.375208e+01
      vertex   -3.556402e+01 1.534314e+01 -1.375208e+01
      vertex   -3.410641e+01 1.459833e+01 -1.375550e+01
    endloop
  endfacet
  facet normal -1.796826e-02 -3.974660e-02 9.990482e-01
    outer loop
      vertex   -3.410641e+01 1.459833e+01 -1.375550e+01
      vertex   -3.556402e+01 1.534314e+01 -1.375208e+01
      vertex   -3.559625e+01 1.527184e+01 -1.375550e+01
    endloop
  endfacet
  facet normal -1.238706e-01 -2.740074e-01 9.537170e-01
    outer loop
      vertex   -3.410641e+01 1.459833e+01 -1.375550e+01
      vertex   -3.559625e+01 1.527184e+01 -1.375550e+01
      vertex   -3.413718e+01 1.453027e+01 -1.377905e+01
    endloop
  endfacet
  facet normal -1.238706e-01 -2.740074e-01 9.537170e-01
    outer loop
      vertex   -3.413718e+01 1.453027e+01 -1.377905e+01
      vertex   -3.559625e+01 1.527184e+01 -1.375550e+01
      vertex   -3.562702e+01 1.520378e+01 -1.377905e+01
    endloop
  endfacet
  facet normal -2.213314e-01 -4.895950e-01 8.433914e-01
    outer loop
      vertex   -3.413718e+01 1.453027e+01 -1.377905e+01
      vertex   -3.562702e+01 1.520378e+01 -1.377905e+01
      vertex   -3.416439e+01 1.447009e+01 -1.382113e+01
    endloop
  endfacet
  facet normal -2.213314e-01 -4.895950e-01 8.433914e-01
    outer loop
      vertex   -3.416439e+01 1.447009e+01 -1.382113e+01
      vertex   -3.562702e+01 1.520378e+01 -1.377905e+01
      vertex   -3.565422e+01 1.514360e+01 -1.382113e+01
    endloop
  endfacet
  facet normal -3.037088e-01 -6.718175e-01 6.755902e-01
    outer loop
      vertex   -3.416439e+01 1.447009e+01 -1.382113e+01
      vertex   -3.565422e+01 1.514360e+01 -1.382113e+01
      vertex   -3.418618e+01 1.442188e+01 -1.387887e+01
    endloop
  endfacet
  facet normal -3.037088e-01 -6.718175e-01 6.755902e-01
    outer loop
      vertex   -3.418618e+01 1.442188e+01 -1.387887e+01
      vertex   -3.565422e+01 1.514360e+01 -1.382113e+01
      vertex   -3.567602e+01 1.509539e+01 -1.387887e+01
    endloop
  endfacet
  facet normal -3.653890e-01 -8.082568e-01 4.617486e-01
    outer loop
      vertex   -3.418618e+01 1.442188e+01 -1.387887e+01
      vertex   -3.567602e+01 1.509539e+01 -1.387887e+01
      vertex   -3.420108e+01 1.438892e+01 -1.394834e+01
    endloop
  endfacet
  facet normal -3.653890e-01 -8.082568e-01 4.617486e-01
    outer loop
      vertex   -3.420108e+01 1.438892e+01 -1.394834e+01
      vertex   -3.567602e+01 1.509539e+01 -1.387887e+01
      vertex   -3.569092e+01 1.506244e+01 -1.394834e+01
    endloop
  endfacet
  facet normal -4.021685e-01 -8.896147e-01 2.164396e-01
    outer loop
      vertex   -3.420108e+01 1.438892e+01 -1.394834e+01
      vertex   -3.569092e+01 1.506244e+01 -1.394834e+01
      vertex   -3.420806e+01 1.437348e+01 -1.402479e+01
    endloop
  endfacet
  facet normal -4.021685e-01 -8.896147e-01 2.164396e-01
    outer loop
      vertex   -3.420806e+01 1.437348e+01 -1.402479e+01
      vertex   -3.569092e+01 1.506244e+01 -1.394834e+01
      vertex   -3.569790e+01 1.504699e+01 -1.402479e+01
    endloop
  endfacet
  facet normal -4.115409e-01 -9.103469e-01 -4.361939e-02
    outer loop
      vertex   -3.420806e+01 1.437348e+01 -1.402479e+01
      vertex   -3.569790e+01 1.504699e+01 -1.402479e+01
      vertex   -3.420666e+01 1.437659e+01 -1.410304e+01
    endloop
  endfacet
  facet normal -4.115409e-01 -9.103469e-01 -4.361939e-02
    outer loop
      vertex   -3.420666e+01 1.437659e+01 -1.410304e+01
      vertex   -3.569790e+01 1.504699e+01 -1.402479e+01
      vertex   -3.569649e+01 1.505010e+01 -1.410304e+01
    endloop
  endfacet
  facet normal -3.928674e-01 -8.690404e-01 -3.007058e-01
    outer loop
      vertex   -3.420666e+01 1.437659e+01 -1.410304e+01
      vertex   -3.569649e+01 1.505010e+01 -1.410304e+01
      vertex   -3.419696e+01 1.439805e+01 -1.417773e+01
    endloop
  endfacet
  facet normal -3.928674e-01 -8.690404e-01 -3.007058e-01
    outer loop
      vertex   -3.419696e+01 1.439805e+01 -1.417773e+01
      vertex   -3.569649e+01 1.505010e+01 -1.410304e+01
      vertex   -3.568679e+01 1.507156e+01 -1.417773e+01
    endloop
  endfacet
  facet normal -3.474207e-01 -7.685102e-01 -5.372996e-01
    outer loop
      vertex   -3.419696e+01 1.439805e+01 -1.417773e+01
      vertex   -3.568679e+01 1.507156e+01 -1.417773e+01
      vertex   -3.417962e+01 1.443639e+01 -1.424378e+01
    endloop
  endfacet
  facet normal -3.474207e-01 -7.685102e-01 -5.372996e-01
    outer loop
      vertex   -3.417962e+01 1.443639e+01 -1.424378e+01
      vertex   -3.568679e+01 1.507156e+01 -1.417773e+01
      vertex   -3.566946e+01 1.510990e+01 -1.424378e+01
    endloop
  endfacet
  facet normal -2.782979e-01 -6.156074e-01 -7.372773e-01
    outer loop
      vertex   -3.417962e+01 1.443639e+01 -1.424378e+01
      vertex   -3.566946e+01 1.510990e+01 -1.424378e+01
      vertex   -3.415584e+01 1.448901e+01 -1.429669e+01
    endloop
  endfacet
  facet normal -2.782979e-01 -6.156074e-01 -7.372773e-01
    outer loop
      vertex   -3.415584e+01 1.448901e+01 -1.429669e+01
      vertex   -3.566946e+01 1.510990e+01 -1.424378e+01
      vertex   -3.564567e+01 1.516252e+01 -1.429669e+01
    endloop
  endfacet
  facet normal -1.902095e-01 -4.207519e-01 -8.870108e-01
    outer loop
      vertex   -3.415584e+01 1.448901e+01 -1.429669e+01
      vertex   -3.564567e+01 1.516252e+01 -1.429669e+01
      vertex   -3.412722e+01 1.455231e+01 -1.433285e+01
    endloop
  endfacet
  facet normal -1.902095e-01 -4.207519e-01 -8.870108e-01
    outer loop
      vertex   -3.412722e+01 1.455231e+01 -1.433285e+01
      vertex   -3.564567e+01 1.516252e+01 -1.429669e+01
      vertex   -3.561706e+01 1.522582e+01 -1.433285e+01
    endloop
  endfacet
  facet normal -8.915861e-02 -1.972228e-01 -9.762960e-01
    outer loop
      vertex   -3.412722e+01 1.455231e+01 -1.433285e+01
      vertex   -3.561706e+01 1.522582e+01 -1.433285e+01
      vertex   -3.409572e+01 1.462198e+01 -1.434980e+01
    endloop
  endfacet
  facet normal -8.915861e-02 -1.972228e-01 -9.762960e-01
    outer loop
      vertex   -3.409572e+01 1.462198e+01 -1.434980e+01
      vertex   -3.561706e+01 1.522582e+01 -1.433285e+01
      vertex   -3.558556e+01 1.529549e+01 -1.434980e+01
    endloop
  endfacet
  facet normal 1.796826e-02 3.974660e-02 -9.990482e-01
    outer loop
      vertex   -3.409572e+01 1.462198e+01 -1.434980e+01
      vertex   -3.558556e+01 1.529549e+01 -1.434980e+01
      vertex   -3.406349e+01 1.469327e+01 -1.434638e+01
    endloop
  endfacet
  facet normal 1.796826e-02 3.974660e-02 -9.990482e-01
    outer loop
      vertex   -3.406349e+01 1.469327e+01 -1.434638e+01
      vertex   -3.558556e+01 1.529549e+01 -1.434980e+01
      vertex   -3.555333e+01 1.536678e+01 -1.434638e+01
    endloop
  endfacet
  facet normal 1.238706e-01 2.740074e-01 -9.537170e-01
    outer loop
      vertex   -3.406349e+01 1.469327e+01 -1.434638e+01
      vertex   -3.555333e+01 1.536678e+01 -1.434638e+01
      vertex   -3.403273e+01 1.476133e+01 -1.432283e+01
    endloop
  endfacet
  facet normal 1.238706e-01 2.740074e-01 -9.537170e-01
    outer loop
      vertex   -3.403273e+01 1.476133e+01 -1.432283e+01
      vertex   -3.555333e+01 1.536678e+01 -1.434638e+01
      vertex   -3.552256e+01 1.543484e+01 -1.432283e+01
    endloop
  endfacet
  facet normal 2.213314e-01 4.895950e-01 -8.433914e-01
    outer loop
      vertex   -3.403273e+01 1.476133e+01 -1.432283e+01
      vertex   -3.552256e+01 1.543484e+01 -1.432283e+01
      vertex   -3.400552e+01 1.482152e+01 -1.428075e+01
    endloop
  endfacet
  facet normal 2.213314e-01 4.895950e-01 -8.433914e-01
    outer loop
      vertex   -3.400552e+01 1.482152e+01 -1.428075e+01
      vertex   -3.552256e+01 1.543484e+01 -1.432283e+01
      vertex   -3.549535e+01 1.549503e+01 -1.428075e+01
    endloop
  endfacet
  facet normal 3.037088e-01 6.718175e-01 -6.755902e-01
    outer loop
      vertex   -3.400552e+01 1.482152e+01 -1.428075e+01
      vertex   -3.549535e+01 1.549503e+01 -1.428075e+01
      vertex   -3.398372e+01 1.486973e+01 -1.422301e+01
    endloop
  endfacet
  facet normal 3.037088e-01 6.718175e-01 -6.755902e-01
    outer loop
      vertex   -3.398372e+01 1.486973e+01 -1.422301e+01
      vertex   -3.549535e+01 1.549503e+01 -1.428075e+01
      vertex   -3.547356e+01 1.554324e+01 -1.422301e+01
    endloop
  endfacet
  facet normal 3.653890e-01 8.082568e-01 -4.617486e-01
    outer loop
      vertex   -3.398372e+01 1.486973e+01 -1.422301e+01
      vertex   -3.547356e+01 1.554324e+01 -1.422301e+01
      vertex   -3.396883e+01 1.490268e+01 -1.415355e+01
    endloop
  endfacet
  facet normal 3.653890e-01 8.082568e-01 -4.617486e-01
    outer loop
      vertex   -3.396883e+01 1.490268e+01 -1.415355e+01
      vertex   -3.547356e+01 1.554324e+01 -1.422301e+01
      vertex   -3.545866e+01 1.557619e+01 -1.415355e+01
    endloop
  endfacet
  facet normal 4.021685e-01 8.896147e-01 -2.164396e-01
    outer loop
      vertex   -3.396883e+01 1.490268e+01 -1.415355e+01
      vertex   -3.545866e+01 1.557619e+01 -1.415355e+01
      vertex   -3.396184e+01 1.491813e+01 -1.407709e+01
    endloop
  endfacet
  facet normal 4.021685e-01 8.896147e-01 -2.164396e-01
    outer loop
      vertex   -3.396184e+01 1.491813e+01 -1.407709e+01
      vertex   -3.545866e+01 1.557619e+01 -1.415355e+01
      vertex   -3.545168e+01 1.559164e+01 -1.407709e+01
    endloop
  endfacet
  facet normal 4.115409e-01 9.103469e-01 4.361939e-02
    outer loop
      vertex   -3.396184e+01 1.491813e+01 -1.407709e+01
      vertex   -3.545168e+01 1.559164e+01 -1.407709e+01
      vertex   -3.396325e+01 1.491501e+01 -1.399885e+01
    endloop
  endfacet
  facet normal 4.115409e-01 9.103469e-01 4.361939e-02
    outer loop
      vertex   -3.396325e+01 1.491501e+01 -1.399885e+01
      vertex   -3.545168e+01 1.559164e+01 -1.407709e+01
      vertex   -3.545309e+01 1.558852e+01 -1.399885e+01
    endloop
  endfacet
  facet normal 3.928674e-01 8.690404e-01 3.007058e-01
    outer loop
      vertex   -3.396325e+01 1.491501e+01 -1.399885e+01
      vertex   -3.545309e+01 1.558852e+01 -1.399885e+01
      vertex   -3.397295e+01 1.489356e+01 -1.392416e+01
    endloop
  endfacet
  facet normal 3.928674e-01 8.690404e-01 3.007058e-01
    outer loop
      vertex   -3.397295e+01 1.489356e+01 -1.392416e+01
      vertex   -3.545309e+01 1.558852e+01 -1.399885e+01
      vertex   -3.546279e+01 1.556707e+01 -1.392416e+01
    endloop
  endfacet
  facet normal 3.474207e-01 7.685102e-01 5.372996e-01
    outer loop
      vertex   -3.397295e+01 1.489356e+01 -1.392416e+01
      vertex   -3.546279e+01 1.556707e+01 -1.392416e+01
      vertex   -3.399029e+01 1.485521e+01 -1.385810e+01
    endloop
  endfacet
  facet normal 3.474207e-01 7.685102e-01 5.372996e-01
    outer loop
      vertex   -3.399029e+01 1.485521e+01 -1.385810e+01
      vertex   -3.546279e+01 1.556707e+01 -1.392416e+01
      vertex   -3.548012e+01 1.552872e+01 -1.385810e+01
    endloop
  endfacet
  facet normal 2.782979e-01 6.156074e-01 7.372773e-01
    outer loop
      vertex   -3.399029e+01 1.485521e+01 -1.385810e+01
      vertex   -3.548012e+01 1.552872e+01 -1.385810e+01
      vertex   -3.401407e+01 1.480260e+01 -1.380520e+01
    endloop
  endfacet
  facet normal 2.782979e-01 6.156074e-01 7.372773e-01
    outer loop
      vertex   -3.401407e+01 1.480260e+01 -1.380520e+01
      vertex   -3.548012e+01 1.552872e+01 -1.385810e+01
      vertex   -3.550391e+01 1.547611e+01 -1.380520e+01
    endloop
  endfacet
  facet normal 1.902095e-01 4.207519e-01 8.870108e-01
    outer loop
      vertex   -3.550391e+01 1.547611e+01 -1.380520e+01
      vertex   -3.699374e+01 1.614962e+01 -1.380520e+01
      vertex   -3.553252e+01 1.541281e+01 -1.376903e+01
    endloop
  endfacet
  facet normal 1.902095e-01 4.207519e-01 8.870108e-01
    outer loop
      vertex   -3.553252e+01 1.541281e+01 -1.376903e+01
      vertex   -3.699374e+01 1.614962e+01 -1.380520e+01
      vertex   -3.702236e+01 1.608632e+01 -1.376903e+01
    endloop
  endfacet
  facet normal 8.915861e-02 1.972228e-01 9.762960e-01
    outer loop
      vertex   -3.553252e+01 1.541281e+01 -1.376903e+01
      vertex   -3.702236e+01 1.608632e+01 -1.376903e+01
      vertex   -3.556402e+01 1.534314e+01 -1.375208e+01
    endloop
  endfacet
  facet normal 8.915861e-02 1.972228e-01 9.762960e-01
    outer loop
      vertex   -3.556402e+01 1.534314e+01 -1.375208e+01
      vertex   -3.702236e+01 1.608632e+01 -1.376903e+01
      vertex   -3.705385e+01 1.601665e+01 -1.375208e+01
    endloop
  endfacet
  facet normal -1.796826e-02 -3.974660e-02 9.990482e-01
    outer loop
      vertex   -3.556402e+01 1.534314e+01 -1.375208e+01
      vertex   -3.705385e+01 1.601665e+01 -1.375208e+01
      vertex   -3.559625e+01 1.527184e+01 -1.375550e+01
    endloop
  endfacet
  facet normal -1.796826e-02 -3.974660e-02 9.990482e-01
    outer loop
      vertex   -3.559625e+01 1.527184e+01 -1.375550e+01
      vertex   -3.705385e+01 1.601665e+01 -1.375208e+01
      vertex   -3.708608e+01 1.594535e+01 -1.375550e+01
    endloop
  endfacet
  facet normal -1.238706e-01 -2.740074e-01 9.537170e-01
    outer loop
      vertex   -3.559625e+01 1.527184e+01 -1.375550e+01
      vertex   -3.708608e+01 1.594535e+01 -1.375550e+01
      vertex   -3.562702e+01 1.520378e+01 -1.377905e+01
    endloop
  endfacet
  facet normal -1.238706e-01 -2.740074e-01 9.537170e-01
    outer loop
      vertex   -3.562702e+01 1.520378e+01 -1.377905e+01
      vertex   -3.708608e+01 1.594535e+01 -1.375550e+01
      vertex   -3.711685e+01 1.587730e+01 -1.377905e+01
    endloop
  endfacet
  facet normal -2.213314e-01 -4.895950e-01 8.433914e-01
    outer loop
      vertex   -3.562702e+01 1.520378e+01 -1.377905e+01
      vertex   -3.711685e+01 1.587730e+01 -1.377905e+01
      vertex   -3.565422e+01 1.514360e+01 -1.382113e+01
    endloop
  endfacet
  facet normal -2.213314e-01 -4.895950e-01 8.433914e-01
    outer loop
      vertex   -3.565422e+01 1.514360e+01 -1.382113e+01
      vertex   -3.711685e+01 1.587730e+01 -1.377905e+01
      vertex   -3.714406e+01 1.581711e+01 -1.382113e+01
    endloop
  endfacet
  facet normal -3.037088e-01 -6.718175e-01 6.755902e-01
    outer loop
      vertex   -3.565422e+01 1.514360e+01 -1.382113e+01
      vertex   -3.714406e+01 1.581711e+01 -1.382113e+01
      vertex   -3.567602e+01 1.509539e+01 -1.387887e+01
    endloop
  endfacet
  facet normal -3.037088e-01 -6.718175e-01 6.755902e-01
    outer loop
      vertex   -3.567602e+01 1.509539e+01 -1.387887e+01
      vertex   -3.714406e+01 1.581711e+01 -1.382113e+01
      vertex   -3.716585e+01 1.576890e+01 -1.387887e+01
    endloop
  endfacet
  facet normal -3.653890e-01 -8.082568e-01 4.617486e-01
    outer loop
      vertex   -3.567602e+01 1.509539e+01 -1.387887e+01
      vertex   -3.716585e+01 1.576890e+01 -1.387887e+01
      vertex   -3.569092e+01 1.506244e+01 -1.394834e+01
    endloop
  endfacet
  facet normal -3.653890e-01 -8.082568e-01 4.617486e-01
    outer loop
      vertex   -3.569092e+01 1.506244e+01 -1.394834e+01
      vertex   -3.716585e+01 1.576890e+01 -1.387887e+01
      vertex   -3.718075e+01 1.573595e+01 -1.394834e+01
    endloop
  endfacet
  facet normal -4.021685e-01 -8.896147e-01 2.164396e-01
    outer loop
      vertex   -3.569092e+01 1.506244e+01 -1.394834e+01
      vertex   -3.718075e+01 1.573595e+01 -1.394834e+01
      vertex   -3.569790e+01 1.504699e+01 -1.402479e+01
    endloop
  endfacet
  facet normal -4.021685e-01 -8.896147e-01 2.164396e-01
    outer loop
      vertex   -3.569790e+01 1.504699e+01 -1.402479e+01
      vertex   -3.718075e+01 1.573595e+01 -1.394834e+01
      vertex   -3.718773e+01 1.572050e+01 -1.402479e+01
    endloop
  endfacet
  facet normal -4.115409e-01 -9.103469e-01 -4.361939e-02
    outer loop
      vertex   -3.569790e+01 1.504699e+01 -1.402479e+01
      vertex   -3.718773e+01 1.572050e+01 -1.402479e+01
      vertex   -3.569649e+01 1.505010e+01 -1.410304e+01
    endloop
  endfacet
  facet normal -4.115409e-01 -9.103469e-01 -4.361939e-02
    outer loop
      vertex   -3.569649e+01 1.505010e+01 -1.410304e+01
      vertex   -3.718773e+01 1.572050e+01 -1.402479e+01
      vertex   -3.718633e+01 1.572361e+01 -1.410304e+01
    endloop
  endfacet
  facet normal -3.928674e-01 -8.690404e-01 -3.007058e-01
    outer loop
      vertex   -3.569649e+01 1.505010e+01 -1.410304e+01
      vertex   -3.718633e+01 1.572361e+01 -1.410304e+01
      vertex   -3.568679e+01 1.507156e+01 -1.417773e+01
    endloop
  endfacet
  facet normal -3.928674e-01 -8.690404e-01 -3.007058e-01
    outer loop
      vertex   -3.568679e+01 1.507156e+01 -1.417773e+01
      vertex   -3.718633e+01 1.572361e+01 -1.410304e+01
      vertex   -3.717663e+01 1.574507e+01 -1.417773e+01
    endloop
  endfacet
  facet normal -3.474207e-01 -7.685102e-01 -5.372996e-01
    outer loop
      vertex   -3.568679e+01 1.507156e+01 -1.417773e+01
      vertex   -3.717663e+01 1.574507e+01 -1.417773e+01
      vertex   -3.566946e+01 1.510990e+01 -1.424378e+01
    endloop
  endfacet
  facet normal -3.474207e-01 -7.685102e-01 -5.372996e-01
    outer loop
      vertex   -3.566946e+01 1.510990e+01 -1.424378e+01
      vertex   -3.717663e+01 1.574507e+01 -1.417773e+01
      vertex   -3.715929e+01 1.578341e+01 -1.424378e+01
    endloop
  endfacet
  facet normal -2.782979e-01 -6.156074e-01 -7.372773e-01
    outer loop
      vertex   -3.566946e+01 1.510990e+01 -1.424378e+01
      vertex   -3.715929e+01 1.578341e+01 -1.424378e+01
      vertex   -3.564567e+01 1.516252e+01 -1.429669e+01
    endloop
  endfacet
  facet normal -2.782979e-01 -6.156074e-01 -7.372773e-01
    outer loop
      vertex   -3.564567e+01 1.516252e+01 -1.429669e+01
      vertex   -3.715929e+01 1.578341e+01 -1.424378e+01
      vertex   -3.713551e+01 1.583603e+01 -1.429669e+01
    endloop
  endfacet
  facet normal -1.902095e-01 -4.207519e-01 -8.870108e-01
    outer loop
      vertex   -3.564567e+01 1.516252e+01 -1.429669e+01
      vertex   -3.713551e+01 1.583603e+01 -1.429669e+01
      vertex   -3.561706e+01 1.522582e+01 -1.433285e+01
    endloop
  endfacet
  facet normal -1.902095e-01 -4.207519e-01 -8.870108e-01
    outer loop
      vertex   -3.561706e+01 1.522582e+01 -1.433285e+01
      vertex   -3.713551e+01 1.583603e+01 -1.429669e+01
      vertex   -3.710689e+01 1.589933e+01 -1.433285e+01
    endloop
  endfacet
  facet normal -8.915861e-02 -1.972228e-01 -9.762960e-01
    outer loop
      vertex   -3.561706e+01 1.522582e+01 -1.433285e+01
      vertex   -3.710689e+01 1.589933e+01 -1.433285e+01
      vertex   -3.558556e+01 1.529549e+01 -1.434980e+01
    endloop
  endfacet
  facet normal -8.915861e-02 -1.972228e-01 -9.762960e-01
    outer loop
      vertex   -3.558556e+01 1.529549e+01 -1.434980e+01
      vertex   -3.710689e+01 1.589933e+01 -1.433285e+01
      vertex   -3.707539e+01 1.596900e+01 -1.434980e+01
    endloop
  endfacet
  facet normal 1.796826e-02 3.974660e-02 -9.990482e-01
    outer loop
      vertex   -3.558556e+01 1.529549e+01 -1.434980e+01
      vertex   -3.707539e+01 1.596900e+01 -1.434980e+01
      vertex   -3.555333e+01 1.536678e+01 -1.434638e+01
    endloop
  endfacet
  facet normal 1.796826e-02 3.974660e-02 -9.990482e-01
    outer loop
      vertex   -3.555333e+01 1.536678e+01 -1.434638e+01
      vertex   -3.707539e+01 1.596900e+01 -1.434980e+01
      vertex   -3.704316e+01 1.604029e+01 -1.434638e+01
    endloop
  endfacet
  facet normal 1.238706e-01 2.740074e-01 -9.537170e-01
    outer loop
      vertex   -3.555333e+01 1.536678e+01 -1.434638e+01
      vertex   -3.704316e+01 1.604029e+01 -1.434638e+01
      vertex   -3.552256e+01 1.543484e+01 -1.432283e+01
    endloop
  endfacet
  facet normal 1.238706e-01 2.740074e-01 -9.537170e-01
    outer loop
      vertex   -3.552256e+01 1.543484e+01 -1.432283e+01
      vertex   -3.704316e+01 1.604029e+01 -1.434638e+01
      vertex   -3.701240e+01 1.610835e+01 -1.432283e+01
    endloop
  endfacet
  facet normal 2.213314e-01 4.895950e-01 -8.433914e-01
    outer loop
      vertex   -3.552256e+01 1.543484e+01 -1.432283e+01
      vertex   -3.701240e+01 1.610835e+01 -1.432283e+01
      vertex   -3.549535e+01 1.549503e+01 -1.428075e+01
    endloop
  endfacet
  facet normal 2.213314e-01 4.895950e-01 -8.433914e-01
    outer loop
      vertex   -3.549535e+01 1.549503e+01 -1.428075e+01
      vertex   -3.701240e+01 1.610835e+01 -1.432283e+01
      vertex   -3.698519e+01 1.616854e+01 -1.428075e+01
    endloop
  endfacet
  facet normal 3.037088e-01 6.718175e-01 -6.755902e-01
    outer loop
      vertex   -3.549535e+01 1.549503e+01 -1.428075e+01
      vertex   -3.698519e+01 1.616854e+01 -1.428075e+01
      vertex   -3.547356e+01 1.554324e+01 -1.422301e+01
    endloop
  endfacet
  facet normal 3.037088e-01 6.718175e-01 -6.755902e-01
    outer loop
      vertex   -3.547356e+01 1.554324e+01 -1.422301e+01
      vertex   -3.698519e+01 1.616854e+01 -1.428075e+01
      vertex   -3.696339e+01 1.621675e+01 -1.422301e+01
    endloop
  endfacet
  facet normal 3.653890e-01 8.082568e-01 -4.617486e-01
    outer loop
      vertex   -3.547356e+01 1.554324e+01 -1.422301e+01
      vertex   -3.696339e+01 1.621675e+01 -1.422301e+01
      vertex   -3.545866e+01 1.557619e+01 -1.415355e+01
    endloop
  endfacet
  facet normal 3.653890e-01 8.082568e-01 -4.617486e-01
    outer loop
      vertex   -3.545866e+01 1.557619e+01 -1.415355e+01
      vertex   -3.696339e+01 1.621675e+01 -1.422301e+01
      vertex   -3.694850e+01 1.624970e+01 -1.415355e+01
    endloop
  endfacet
  facet normal 4.021685e-01 8.896147e-01 -2.164396e-01
    outer loop
      vertex   -3.545866e+01 1.557619e+01 -1.415355e+01
      vertex   -3.694850e+01 1.624970e+01 -1.415355e+01
      vertex   -3.545168e+01 1.559164e+01 -1.407709e+01
    endloop
  endfacet
  facet normal 4.021685e-01 8.896147e-01 -2.164396e-01
    outer loop
      vertex   -3.545168e+01 1.559164e+01 -1.407709e+01
      vertex   -3.694850e+01 1.624970e+01 -1.415355e+01
      vertex   -3.694151e+01 1.626515e+01 -1.407709e+01
    endloop
  endfacet
  facet normal 4.115409e-01 9.103469e-01 4.361939e-02
    outer loop
      vertex   -3.545168e+01 1.559164e+01 -1.407709e+01
      vertex   -3.694151e+01 1.626515e+01 -1.407709e+01
      vertex   -3.545309e+01 1.558852e+01 -1.399885e+01
    endloop
  endfacet
  facet normal 4.115409e-01 9.103469e-01 4.361939e-02
    outer loop
      vertex   -3.545309e+01 1.558852e+01 -1.399885e+01
      vertex   -3.694151e+01 1.626515e+01 -1.407709e+01
      vertex   -3.694292e+01 1.626204e+01 -1.399885e+01
    endloop
  endfacet
  facet normal 3.928674e-01 8.690404e-01 3.007058e-01
    outer loop
      vertex   -3.545309e+01 1.558852e+01 -1.399885e+01
      vertex   -3.694292e+01 1.626204e+01 -1.399885e+01
      vertex   -3.546279e+01 1.556707e+01 -1.392416e+01
    endloop
  endfacet
  facet normal 3.928674e-01 8.690404e-01 3.007058e-01
    outer loop
      vertex   -3.546279e+01 1.556707e+01 -1.392416e+01
      vertex   -3.694292e+01 1.626204e+01 -1.399885e+01
      vertex   -3.695262e+01 1.624058e+01 -1.392416e+01
    endloop
  endfacet
  facet normal 3.474207e-01 7.685102e-01 5.372996e-01
    outer loop
      vertex   -3.546279e+01 1.556707e+01 -1.392416e+01
      vertex   -3.695262e+01 1.624058e+01 -1.392416e+01
      vertex   -3.548012e+01 1.552872e+01 -1.385810e+01
    endloop
  endfacet
  facet normal 3.474207e-01 7.685102e-01 5.372996e-01
    outer loop
      vertex   -3.548012e+01 1.552872e+01 -1.385810e+01
      vertex   -3.695262e+01 1.624058e+01 -1.392416e+01
      vertex   -3.696996e+01 1.620223e+01 -1.385810e+01
    endloop
  endfacet
  facet normal 2.782979e-01 6.156074e-01 7.372773e-01
    outer loop
      vertex   -3.548012e+01 1.552872e+01 -1.385810e+01
      vertex   -3.696996e+01 1.620223e+01 -1.385810e+01
      vertex   -3.550391e+01 1.547611e+01 -1.380520e+01
    endloop
  endfacet
  facet normal 2.782979e-01 6.156074e-01 7.372773e-01
    outer loop
      vertex   -3.550391e+01 1.547611e+01 -1.380520e+01
      vertex   -3.696996e+01 1.620223e+01 -1.385810e+01
      vertex   -3.699374e+01 1.614962e+01 -1.380520e+01
    endloop
  endfacet
  facet normal 1.902095e-01 4.207519e-01 8.870108e-01
    outer loop
      vertex   -3.699374e+01 1.614962e+01 -1.380520e+01
      vertex   -3.848358e+01 1.682313e+01 -1.380520e+01
      vertex   -3.702236e+01 1.608632e+01 -1.376903e+01
    endloop
  endfacet
  facet normal 1.902095e-01 4.207519e-01 8.870108e-01
    outer loop
      vertex   -3.702236e+01 1.608632e+01 -1.376903e+01
      vertex   -3.848358e+01 1.682313e+01 -1.380520e+01
      vertex   -3.851219e+01 1.675983e+01 -1.376903e+01
    endloop
  endfacet
  facet normal 8.915861e-02 1.972228e-01 9.762960e-01
    outer loop
      vertex   -3.702236e+01 1.608632e+01 -1.376903e+01
      vertex   -3.851219e+01 1.675983e+01 -1.376903e+01
      vertex   -3.705385e+01 1.601665e+01 -1.375208e+01
    endloop
  endfacet
  facet normal 8.915861e-02 1.972228e-01 9.762960e-01
    outer loop
      vertex   -3.705385e+01 1.601665e+01 -1.375208e+01
      vertex   -3.851219e+01 1.675983e+01 -1.376903e+01
      vertex   -3.854369e+01 1.669016e+01 -1.375208e+01
    endloop
  endfacet
  facet normal -1.796826e-02 -3.974660e-02 9.990482e-01
    outer loop
      vertex   -3.705385e+01 1.601665e+01 -1.375208e+01
      vertex   -3.854369e+01 1.669016e+01 -1.375208e+01
      vertex   -3.708608e+01 1.594535e+01 -1.375550e+01
    endloop
  endfacet
  facet normal -1.796826e-02 -3.974660e-02 9.990482e-01
    outer loop
      vertex   -3.708608e+01 1.594535e+01 -1.375550e+01
      vertex   -3.854369e+01 1.669016e+01 -1.375208e+01
      vertex   -3.857592e+01 1.661887e+01 -1.375550e+01
    endloop
  endfacet
  facet normal -1.238706e-01 -2.740074e-01 9.537170e-01
    outer loop
      vertex   -3.708608e+01 1.594535e+01 -1.375550e+01
      vertex   -3.857592e+01 1.661887e+01 -1.375550e+01
      vertex   -3.711685e+01 1.587730e+01 -1.377905e+01
    endloop
  endfacet
  facet normal -1.238706e-01 -2.740074e-01 9.537170e-01
    outer loop
      vertex   -3.711685e+01 1.587730e+01 -1.377905e+01
      vertex   -3.857592e+01 1.661887e+01 -1.375550e+01
      vertex   -3.860669e+01 1.655081e+01 -1.377905e+01
    endloop
  endfacet
  facet normal -2.213314e-01 -4.895950e-01 8.433914e-01
    outer loop
      vertex   -3.711685e+01 1.587730e+01 -1.377905e+01
      vertex   -3.860669e+01 1.655081e+01 -1.377905e+01
      vertex   -3.714406e+01 1.581711e+01 -1.382113e+01
    endloop
  endfacet
  facet normal -2.213314e-01 -4.895950e-01 8.433914e-01
    outer loop
      vertex   -3.714406e+01 1.581711e+01 -1.382113e+01
      vertex   -3.860669e+01 1.655081e+01 -1.377905e+01
      vertex   -3.863389e+01 1.649062e+01 -1.382113e+01
    endloop
  endfacet
  facet normal -3.037088e-01 -6.718175e-01 6.755902e-01
    outer loop
      vertex   -3.714406e+01 1.581711e+01 -1.382113e+01
      vertex   -3.863389e+01 1.649062e+01 -1.382113e+01
      vertex   -3.716585e+01 1.576890e+01 -1.387887e+01
    endloop
  endfacet
  facet normal -3.037088e-01 -6.718175e-01 6.755902e-01
    outer loop
      vertex   -3.716585e+01 1.576890e+01 -1.387887e+01
      vertex   -3.863389e+01 1.649062e+01 -1.382113e+01
      vertex   -3.865569e+01 1.644241e+01 -1.387887e+01
    endloop
  endfacet
  facet normal -3.653890e-01 -8.082568e-01 4.617486e-01
    outer loop
      vertex   -3.716585e+01 1.576890e+01 -1.387887e+01
      vertex   -3.865569e+01 1.644241e+01 -1.387887e+01
      vertex   -3.718075e+01 1.573595e+01 -1.394834e+01
    endloop
  endfacet
  facet normal -3.653890e-01 -8.082568e-01 4.617486e-01
    outer loop
      vertex   -3.718075e+01 1.573595e+01 -1.394834e+01
      vertex   -3.865569e+01 1.644241e+01 -1.387887e+01
      vertex   -3.867059e+01 1.640946e+01 -1.394834e+01
    endloop
  endfacet
  facet normal -4.021685e-01 -8.896147e-01 2.164396e-01
    outer loop
      vertex   -3.718075e+01 1.573595e+01 -1.394834e+01
      vertex   -3.867059e+01 1.640946e+01 -1.394834e+01
      vertex   -3.718773e+01 1.572050e+01 -1.402479e+01
    endloop
  endfacet
  facet normal -4.021685e-01 -8.896147e-01 2.164396e-01
    outer loop
      vertex   -3.718773e+01 1.572050e+01 -1.402479e+01
      vertex   -3.867059e+01 1.640946e+01 -1.394834e+01
      vertex   -3.867757e+01 1.639401e+01 -1.402479e+01
    endloop
  endfacet
  facet normal -4.115409e-01 -9.103469e-01 -4.361939e-02
    outer loop
      vertex   -3.718773e+01 1.572050e+01 -1.402479e+01
      vertex   -3.867757e+01 1.639401e+01 -1.402479e+01
      vertex   -3.718633e+01 1.572361e+01 -1.410304e+01
    endloop
  endfacet
  facet normal -4.115409e-01 -9.103469e-01 -4.361939e-02
    outer loop
      vertex   -3.718633e+01 1.572361e+01 -1.410304e+01
      vertex   -3.867757e+01 1.639401e+01 -1.402479e+01
      vertex   -3.867616e+01 1.639712e+01 -1.410304e+01
    endloop
  endfacet
  facet normal -3.928674e-01 -8.690404e-01 -3.007058e-01
    outer loop
      vertex   -3.718633e+01 1.572361e+01 -1.410304e+01
      vertex   -3.867616e+01 1.639712e+01 -1.410304e+01
      vertex   -3.717663e+01 1.574507e+01 -1.417773e+01
    endloop
  endfacet
  facet normal -3.928674e-01 -8.690404e-01 -3.007058e-01
    outer loop
      vertex   -3.717663e+01 1.574507e+01 -1.417773e+01
      vertex   -3.867616e+01 1.639712e+01 -1.410304e+01
      vertex   -3.866646e+01 1.641858e+01 -1.417773e+01
    endloop
  endfacet
  facet normal -3.474207e-01 -7.685102e-01 -5.372996e-01
    outer loop
      vertex   -3.717663e+01 1.574507e+01 -1.417773e+01
      vertex   -3.866646e+01 1.641858e+01 -1.417773e+01
      vertex   -3.715929e+01 1.578341e+01 -1.424378e+01
    endloop
  endfacet
  facet normal -3.474207e-01 -7.685102e-01 -5.372996e-01
    outer loop
      vertex   -3.715929e+01 1.578341e+01 -1.424378e+01
      vertex   -3.866646e+01 1.641858e+01 -1.417773e+01
      vertex   -3.864913e+01 1.645693e+01 -1.424378e+01
    endloop
  endfacet
  facet normal -2.782979e-01 -6.156074e-01 -7.372773e-01
    outer loop
      vertex   -3.715929e+01 1.578341e+01 -1.424378e+01
      vertex   -3.864913e+01 1.645693e+01 -1.424378e+01
      vertex   -3.713551e+01 1.583603e+01 -1.429669e+01
    endloop
  endfacet
  facet normal -2.782979e-01 -6.156074e-01 -7.372773e-01
    outer loop
      vertex   -3.713551e+01 1.583603e+01 -1.429669e+01
      vertex   -3.864913e+01 1.645693e+01 -1.424378e+01
      vertex   -3.862534e+01 1.650954e+01 -1.429669e+01
    endloop
  endfacet
  facet normal -1.902095e-01 -4.207519e-01 -8.870108e-01
    outer loop
      vertex   -3.713551e+01 1.583603e+01 -1.429669e+01
      vertex   -3.862534e+01 1.650954e+01 -1.429669e+01
      vertex   -3.710689e+01 1.589933e+01 -1.433285e+01
    endloop
  endfacet
  facet normal -1.902095e-01 -4.207519e-01 -8.870108e-01
    outer loop
      vertex   -3.710689e+01 1.589933e+01 -1.433285e+01
      vertex   -3.862534e+01 1.650954e+01 -1.429669e+01
      vertex   -3.859673e+01 1.657284e+01 -1.433285e+01
    endloop
  endfacet
  facet normal -8.915861e-02 -1.972228e-01 -9.762960e-01
    outer loop
      vertex   -3.710689e+01 1.589933e+01 -1.433285e+01
      vertex   -3.859673e+01 1.657284e+01 -1.433285e+01
      vertex   -3.707539e+01 1.596900e+01 -1.434980e+01
    endloop
  endfacet
  facet normal -8.915861e-02 -1.972228e-01 -9.762960e-01
    outer loop
      vertex   -3.707539e+01 1.596900e+01 -1.434980e+01
      vertex   -3.859673e+01 1.657284e+01 -1.433285e+01
      vertex   -3.856523e+01 1.664251e+01 -1.434980e+01
    endloop
  endfacet
  facet normal 1.796826e-02 3.974660e-02 -9.990482e-01
    outer loop
      vertex   -3.707539e+01 1.596900e+01 -1.434980e+01
      vertex   -3.856523e+01 1.664251e+01 -1.434980e+01
      vertex   -3.704316e+01 1.604029e+01 -1.434638e+01
    endloop
  endfacet
  facet normal 1.796826e-02 3.974660e-02 -9.990482e-01
    outer loop
      vertex   -3.704316e+01 1.604029e+01 -1.434638e+01
      vertex   -3.856523e+01 1.664251e+01 -1.434980e+01
      vertex   -3.853300e+01 1.671380e+01 -1.434638e+01
    endloop
  endfacet
  facet normal 1.238706e-01 2.740074e-01 -9.537170e-01
    outer loop
      vertex   -3.704316e+01 1.604029e+01 -1.434638e+01
      vertex   -3.853300e+01 1.671380e+01 -1.434638e+01
      vertex   -3.701240e+01 1.610835e+01 -1.432283e+01
    endloop
  endfacet
  facet normal 1.238706e-01 2.740074e-01 -9.537170e-01
    outer loop
      vertex   -3.701240e+01 1.610835e+01 -1.432283e+01
      vertex   -3.853300e+01 1.671380e+01 -1.434638e+01
      vertex   -3.850223e+01 1.678186e+01 -1.432283e+01
    endloop
  endfacet
  facet normal 2.213314e-01 4.895950e-01 -8.433914e-01
    outer loop
      vertex   -3.701240e+01 1.610835e+01 -1.432283e+01
      vertex   -3.850223e+01 1.678186e+01 -1.432283e+01
      vertex   -3.698519e+01 1.616854e+01 -1.428075e+01
    endloop
  endfacet
  facet normal 2.213314e-01 4.895950e-01 -8.433914e-01
    outer loop
      vertex   -3.698519e+01 1.616854e+01 -1.428075e+01
      vertex   -3.850223e+01 1.678186e+01 -1.432283e+01
      vertex   -3.847502e+01 1.684205e+01 -1.428075e+01
    endloop
  endfacet
  facet normal 3.037088e-01 6.718175e-01 -6.755902e-01
    outer loop
      vertex   -3.698519e+01 1.616854e+01 -1.428075e+01
      vertex   -3.847502e+01 1.684205e+01 -1.428075e+01
      vertex   -3.696339e+01 1.621675e+01 -1.422301e+01
    endloop
  endfacet
  facet normal 3.037088e-01 6.718175e-01 -6.755902e-01
    outer loop
      vertex   -3.696339e+01 1.621675e+01 -1.422301e+01
      vertex   -3.847502e+01 1.684205e+01 -1.428075e+01
      vertex   -3.845323e+01 1.689026e+01 -1.422301e+01
    endloop
  endfacet
  facet normal 3.653890e-01 8.082568e-01 -4.617486e-01
    outer loop
      vertex   -3.696339e+01 1.621675e+01 -1.422301e+01
      vertex   -3.845323e+01 1.689026e+01 -1.422301e+01
      vertex   -3.694850e+01 1.624970e+01 -1.415355e+01
    endloop
  endfacet
  facet normal 3.653890e-01 8.082568e-01 -4.617486e-01
    outer loop
      vertex   -3.694850e+01 1.624970e+01 -1.415355e+01
      vertex   -3.845323e+01 1.689026e+01 -1.422301e+01
      vertex   -3.843833e+01 1.692321e+01 -1.415355e+01
    endloop
  endfacet
  facet normal 4.021685e-01 8.896147e-01 -2.164396e-01
    outer loop
      vertex   -3.694850e+01 1.624970e+01 -1.415355e+01
      vertex   -3.843833e+01 1.692321e+01 -1.415355e+01
      vertex   -3.694151e+01 1.626515e+01 -1.407709e+01
    endloop
  endfacet
  facet normal 4.021685e-01 8.896147e-01 -2.164396e-01
    outer loop
      vertex   -3.694151e+01 1.626515e+01 -1.407709e+01
      vertex   -3.843833e+01 1.692321e+01 -1.415355e+01
      vertex   -3.843135e+01 1.693866e+01 -1.407709e+01
    endloop
  endfacet
  facet normal 4.115409e-01 9.103469e-01 4.361939e-02
    outer loop
      vertex   -3.694151e+01 1.626515e+01 -1.407709e+01
      vertex   -3.843135e+01 1.693866e+01 -1.407709e+01
      vertex   -3.694292e+01 1.626204e+01 -1.399885e+01
    endloop
  endfacet
  facet normal 4.115409e-01 9.103469e-01 4.361939e-02
    outer loop
      vertex   -3.694292e+01 1.626204e+01 -1.399885e+01
      vertex   -3.843135e+01 1.693866e+01 -1.407709e+01
      vertex   -3.843276e+01 1.693555e+01 -1.399885e+01
    endloop
  endfacet
  facet normal 3.928674e-01 8.690404e-01 3.007058e-01
    outer loop
      vertex   -3.694292e+01 1.626204e+01 -1.399885e+01
      vertex   -3.843276e+01 1.693555e+01 -1.399885e+01
      vertex   -3.695262e+01 1.624058e+01 -1.392416e+01
    endloop
  endfacet
  facet normal 3.928674e-01 8.690404e-01 3.007058e-01
    outer loop
      vertex   -3.695262e+01 1.624058e+01 -1.392416e+01
      vertex   -3.843276e+01 1.693555e+01 -1.399885e+01
      vertex   -3.844246e+01 1.691409e+01 -1.392416e+01
    endloop
  endfacet
  facet normal 3.474207e-01 7.685102e-01 5.372996e-01
    outer loop
      vertex   -3.695262e+01 1.624058e+01 -1.392416e+01
      vertex   -3.844246e+01 1.691409e+01 -1.392416e+01
      vertex   -3.696996e+01 1.620223e+01 -1.385810e+01
    endloop
  endfacet
  facet normal 3.474207e-01 7.685102e-01 5.372996e-01
    outer loop
      vertex   -3.696996e+01 1.620223e+01 -1.385810e+01
      vertex   -3.844246e+01 1.691409e+01 -1.392416e+01
      vertex   -3.845979e+01 1.687574e+01 -1.385810e+01
    endloop
  endfacet
  facet normal 2.782979e-01 6.156074e-01 7.372773e-01
    outer loop
      vertex   -3.696996e+01 1.620223e+01 -1.385810e+01
      vertex   -3.845979e+01 1.687574e+01 -1.385810e+01
      vertex   -3.699374e+01 1.614962e+01 -1.380520e+01
    endloop
  endfacet
  facet normal 2.782979e-01 6.156074e-01 7.372773e-01
    outer loop
      vertex   -3.699374e+01 1.614962e+01 -1.380520e+01
      vertex   -3.845979e+01 1.687574e+01 -1.385810e+01
      vertex   -3.848358e+01 1.682313e+01 -1.380520e+01
    endloop
  endfacet
  facet normal 1.902095e-01 4.207519e-01 8.870108e-01
    outer loop
      vertex   -3.848358e+01 1.682313e+01 -1.380520e+01
      vertex   -3.997341e+01 1.749664e+01 -1.380520e+01
      vertex   -3.851219e+01 1.675983e+01 -1.376903e+01
    endloop
  endfacet
  facet normal 1.902095e-01 4.207519e-01 8.870108e-01
    outer loop
      vertex   -3.851219e+01 1.675983e+01 -1.376903e+01
      vertex   -3.997341e+01 1.749664e+01 -1.380520e+01
      vertex   -4.000203e+01 1.743334e+01 -1.376903e+01
    endloop
  endfacet
  facet normal 8.915861e-02 1.972228e-01 9.762960e-01
    outer loop
      vertex   -3.851219e+01 1.675983e+01 -1.376903e+01
      vertex   -4.000203e+01 1.743334e+01 -1.376903e+01
      vertex   -3.854369e+01 1.669016e+01 -1.375208e+01
    endloop
  endfacet
  facet normal 8.915861e-02 1.972228e-01 9.762960e-01
    outer loop
      vertex   -3.854369e+01 1.669016e+01 -1.375208e+01
      vertex   -4.000203e+01 1.743334e+01 -1.376903e+01
      vertex   -4.003352e+01 1.736367e+01 -1.375208e+01
    endloop
  endfacet
  facet normal -1.796826e-02 -3.974660e-02 9.990482e-01
    outer loop
      vertex   -3.854369e+01 1.669016e+01 -1.375208e+01
      vertex   -4.003352e+01 1.736367e+01 -1.375208e+01
      vertex   -3.857592e+01 1.661887e+01 -1.375550e+01
    endloop
  endfacet
  facet normal -1.796826e-02 -3.974660e-02 9.990482e-01
    outer loop
      vertex   -3.857592e+01 1.661887e+01 -1.375550e+01
      vertex   -4.003352e+01 1.736367e+01 -1.375208e+01
      vertex   -4.006575e+01 1.729238e+01 -1.375550e+01
    endloop
  endfacet
  facet normal -1.238706e-01 -2.740074e-01 9.537170e-01
    outer loop
      vertex   -3.857592e+01 1.661887e+01 -1.375550e+01
      vertex   -4.006575e+01 1.729238e+01 -1.375550e+01
      vertex   -3.860669e+01 1.655081e+01 -1.377905e+01
    endloop
  endfacet
  facet normal -1.238706e-01 -2.740074e-01 9.537170e-01
    outer loop
      vertex   -3.860669e+01 1.655081e+01 -1.377905e+01
      vertex   -4.006575e+01 1.729238e+01 -1.375550e+01
      vertex   -4.009652e+01 1.722432e+01 -1.377905e+01
    endloop
  endfacet
  facet normal -2.213314e-01 -4.895950e-01 8.433914e-01
    outer loop
      vertex   -3.860669e+01 1.655081e+01 -1.377905e+01
      vertex   -4.009652e+01 1.722432e+01 -1.377905e+01
      vertex   -3.863389e+01 1.649062e+01 -1.382113e+01
    endloop
  endfacet
  facet normal -2.213314e-01 -4.895950e-01 8.433914e-01
    outer loop
      vertex   -3.863389e+01 1.649062e+01 -1.382113e+01
      vertex   -4.009652e+01 1.722432e+01 -1.377905e+01
      vertex   -4.012373e+01 1.716413e+01 -1.382113e+01
    endloop
  endfacet
  facet normal -3.037088e-01 -6.718175e-01 6.755902e-01
    outer loop
      vertex   -3.863389e+01 1.649062e+01 -1.382113e+01
      vertex   -4.012373e+01 1.716413e+01 -1.382113e+01
      vertex   -3.865569e+01 1.644241e+01 -1.387887e+01
    endloop
  endfacet
  facet normal -3.037088e-01 -6.718175e-01 6.755902e-01
    outer loop
      vertex   -3.865569e+01 1.644241e+01 -1.387887e+01
      vertex   -4.012373e+01 1.716413e+01 -1.382113e+01
      vertex   -4.014553e+01 1.711592e+01 -1.387887e+01
    endloop
  endfacet
  facet normal -3.653890e-01 -8.082568e-01 4.617486e-01
    outer loop
      vertex   -3.865569e+01 1.644241e+01 -1.387887e+01
      vertex   -4.014553e+01 1.711592e+01 -1.387887e+01
      vertex   -3.867059e+01 1.640946e+01 -1.394834e+01
    endloop
  endfacet
  facet normal -3.653890e-01 -8.082568e-01 4.617486e-01
    outer loop
      vertex   -3.867059e+01 1.640946e+01 -1.394834e+01
      vertex   -4.014553e+01 1.711592e+01 -1.387887e+01
      vertex   -4.016042e+01 1.708297e+01 -1.394834e+01
    endloop
  endfacet
  facet normal -4.021685e-01 -8.896147e-01 2.164396e-01
    outer loop
      vertex   -3.867059e+01 1.640946e+01 -1.394834e+01
      vertex   -4.016042e+01 1.708297e+01 -1.394834e+01
      vertex   -3.867757e+01 1.639401e+01 -1.402479e+01
    endloop
  endfacet
  facet normal -4.021685e-01 -8.896147e-01 2.164396e-01
    outer loop
      vertex   -3.867757e+01 1.639401e+01 -1.402479e+01
      vertex   -4.016042e+01 1.708297e+01 -1.394834e+01
      vertex   -4.016740e+01 1.706752e+01 -1.402479e+01
    endloop
  endfacet
  facet normal -4.115409e-01 -9.103469e-01 -4.361939e-02
    outer loop
      vertex   -3.867757e+01 1.639401e+01 -1.402479e+01
      vertex   -4.016740e+01 1.706752e+01 -1.402479e+01
      vertex   -3.867616e+01 1.639712e+01 -1.410304e+01
    endloop
  endfacet
  facet normal -4.115409e-01 -9.103469e-01 -4.361939e-02
    outer loop
      vertex   -3.867616e+01 1.639712e+01 -1.410304e+01
      vertex   -4.016740e+01 1.706752e+01 -1.402479e+01
      vertex   -4.016600e+01 1.707063e+01 -1.410304e+01
    endloop
  endfacet
  facet normal -3.928674e-01 -8.690404e-01 -3.007058e-01
    outer loop
      vertex   -3.867616e+01 1.639712e+01 -1.410304e+01
      vertex   -4.016600e+01 1.707063e+01 -1.410304e+01
      vertex   -3.866646e+01 1.641858e+01 -1.417773e+01
    endloop
  endfacet
  facet normal -3.928674e-01 -8.690404e-01 -3.007058e-01
    outer loop
      vertex   -3.866646e+01 1.641858e+01 -1.417773e+01
      vertex   -4.016600e+01 1.707063e+01 -1.410304e+01
      vertex   -4.015630e+01 1.709209e+01 -1.417773e+01
    endloop
  endfacet
  facet normal -3.474207e-01 -7.685102e-01 -5.372996e-01
    outer loop
      vertex   -3.866646e+01 1.641858e+01 -1.417773e+01
      vertex   -4.015630e+01 1.709209e+01 -1.417773e+01
      vertex   -3.864913e+01 1.645693e+01 -1.424378e+01
    endloop
  endfacet
  facet normal -3.474207e-01 -7.685102e-01 -5.372996e-01
    outer loop
      vertex   -3.864913e+01 1.645693e+01 -1.424378e+01
      vertex   -4.015630e+01 1.709209e+01 -1.417773e+01
      vertex   -4.013896e+01 1.713044e+01 -1.424378e+01
    endloop
  endfacet
  facet normal -2.782979e-01 -6.156074e-01 -7.372773e-01
    outer loop
      vertex   -3.864913e+01 1.645693e+01 -1.424378e+01
      vertex   -4.013896e+01 1.713044e+01 -1.424378e+01
      vertex   -3.862534e+01 1.650954e+01 -1.429669e+01
    endloop
  endfacet
  facet normal -2.782979e-01 -6.156074e-01 -7.372773e-01
    outer loop
      vertex   -3.862534e+01 1.650954e+01 -1.429669e+01
      vertex   -4.013896e+01 1.713044e+01 -1.424378e+01
      vertex   -4.011518e+01 1.718305e+01 -1.429669e+01
    endloop
  endfacet
  facet normal -1.902095e-01 -4.207519e-01 -8.870108e-01
    outer loop
      vertex   -3.862534e+01 1.650954e+01 -1.429669e+01
      vertex   -4.011518e+01 1.718305e+01 -1.429669e+01
      vertex   -3.859673e+01 1.657284e+01 -1.433285e+01
    endloop
  endfacet
  facet normal -1.902095e-01 -4.207519e-01 -8.870108e-01
    outer loop
      vertex   -3.859673e+01 1.657284e+01 -1.433285e+01
      vertex   -4.011518e+01 1.718305e+01 -1.429669e+01
      vertex   -4.008656e+01 1.724635e+01 -1.433285e+01
    endloop
  endfacet
  facet normal -8.915861e-02 -1.972228e-01 -9.762960e-01
    outer loop
      vertex   -3.859673e+01 1.657284e+01 -1.433285e+01
      vertex   -4.008656e+01 1.724635e+01 -1.433285e+01
      vertex   -3.856523e+01 1.664251e+01 -1.434980e+01
    endloop
  endfacet
  facet normal -8.915861e-02 -1.972228e-01 -9.762960e-01
    outer loop
      vertex   -3.856523e+01 1.664251e+01 -1.434980e+01
      vertex   -4.008656e+01 1.724635e+01 -1.433285e+01
      vertex   -4.005507e+01 1.731602e+01 -1.434980e+01
    endloop
  endfacet
  facet normal 1.796826e-02 3.974660e-02 -9.990482e-01
    outer loop
      vertex   -3.856523e+01 1.664251e+01 -1.434980e+01
      vertex   -4.005507e+01 1.731602e+01 -1.434980e+01
      vertex   -3.853300e+01 1.671380e+01 -1.434638e+01
    endloop
  endfacet
  facet normal 1.796826e-02 3.974660e-02 -9.990482e-01
    outer loop
      vertex   -3.853300e+01 1.671380e+01 -1.434638e+01
      vertex   -4.005507e+01 1.731602e+01 -1.434980e+01
      vertex   -4.002284e+01 1.738731e+01 -1.434638e+01
    endloop
  endfacet
  facet normal 1.238706e-01 2.740074e-01 -9.537170e-01
    outer loop
      vertex   -3.853300e+01 1.671380e+01 -1.434638e+01
      vertex   -4.002284e+01 1.738731e+01 -1.434638e+01
      vertex   -3.850223e+01 1.678186e+01 -1.432283e+01
    endloop
  endfacet
  facet normal 1.238706e-01 2.740074e-01 -9.537170e-01
    outer loop
      vertex   -3.850223e+01 1.678186e+01 -1.432283e+01
      vertex   -4.002284e+01 1.738731e+01 -1.434638e+01
      vertex   -3.999207e+01 1.745537e+01 -1.432283e+01
    endloop
  endfacet
  facet normal 2.213314e-01 4.895950e-01 -8.433914e-01
    outer loop
      vertex   -3.850223e+01 1.678186e+01 -1.432283e+01
      vertex   -3.999207e+01 1.745537e+01 -1.432283e+01
      vertex   -3.847502e+01 1.684205e+01 -1.428075e+01
    endloop
  endfacet
  facet normal 2.213314e-01 4.895950e-01 -8.433914e-01
    outer loop
      vertex   -3.847502e+01 1.684205e+01 -1.428075e+01
      vertex   -3.999207e+01 1.745537e+01 -1.432283e+01
      vertex   -3.996486e+01 1.751556e+01 -1.428075e+01
    endloop
  endfacet
  facet normal 3.037088e-01 6.718175e-01 -6.755902e-01
    outer loop
      vertex   -3.847502e+01 1.684205e+01 -1.428075e+01
      vertex   -3.996486e+01 1.751556e+01 -1.428075e+01
      vertex   -3.845323e+01 1.689026e+01 -1.422301e+01
    endloop
  endfacet
  facet normal 3.037088e-01 6.718175e-01 -6.755902e-01
    outer loop
      vertex   -3.845323e+01 1.689026e+01 -1.422301e+01
      vertex   -3.996486e+01 1.751556e+01 -1.428075e+01
      vertex   -3.994306e+01 1.756377e+01 -1.422301e+01
    endloop
  endfacet
  facet normal 3.653890e-01 8.082568e-01 -4.617486e-01
    outer loop
      vertex   -3.845323e+01 1.689026e+01 -1.422301e+01
      vertex   -3.994306e+01 1.756377e+01 -1.422301e+01
      vertex   -3.843833e+01 1.692321e+01 -1.415355e+01
    endloop
  endfacet
  facet normal 3.653890e-01 8.082568e-01 -4.617486e-01
    outer loop
      vertex   -3.843833e+01 1.692321e+01 -1.415355e+01
      vertex   -3.994306e+01 1.756377e+01 -1.422301e+01
      vertex   -3.992817e+01 1.759672e+01 -1.415355e+01
    endloop
  endfacet
  facet normal 4.021685e-01 8.896147e-01 -2.164396e-01
    outer loop
      vertex   -3.843833e+01 1.692321e+01 -1.415355e+01
      vertex   -3.992817e+01 1.759672e+01 -1.415355e+01
      vertex   -3.843135e+01 1.693866e+01 -1.407709e+01
    endloop
  endfacet
  facet normal 4.021685e-01 8.896147e-01 -2.164396e-01
    outer loop
      vertex   -3.843135e+01 1.693866e+01 -1.407709e+01
      vertex   -3.992817e+01 1.759672e+01 -1.415355e+01
      vertex   -3.992118e+01 1.761217e+01 -1.407709e+01
    endloop
  endfacet
  facet normal 4.115409e-01 9.103469e-01 4.361939e-02
    outer loop
      vertex   -3.843135e+01 1.693866e+01 -1.407709e+01
      vertex   -3.992118e+01 1.761217e+01 -1.407709e+01
      vertex   -3.843276e+01 1.693555e+01 -1.399885e+01
    endloop
  endfacet
  facet normal 4.115409e-01 9.103469e-01 4.361939e-02
    outer loop
      vertex   -3.843276e+01 1.693555e+01 -1.399885e+01
      vertex   -3.992118e+01 1.761217e+01 -1.407709e+01
      vertex   -3.992259e+01 1.760906e+01 -1.399885e+01
    endloop
  endfacet
  facet normal 3.928674e-01 8.690404e-01 3.007058e-01
    outer loop
      vertex   -3.843276e+01 1.693555e+01 -1.399885e+01
      vertex   -3.992259e+01 1.760906e+01 -1.399885e+01
      vertex   -3.844246e+01 1.691409e+01 -1.392416e+01
    endloop
  endfacet
  facet normal 3.928674e-01 8.690404e-01 3.007058e-01
    outer loop
      vertex   -3.844246e+01 1.691409e+01 -1.392416e+01
      vertex   -3.992259e+01 1.760906e+01 -1.399885e+01
      vertex   -3.993229e+01 1.758760e+01 -1.392416e+01
    endloop
  endfacet
  facet normal 3.474207e-01 7.685102e-01 5.372996e-01
    outer loop
      vertex   -3.844246e+01 1.691409e+01 -1.392416e+01
      vertex   -3.993229e+01 1.758760e+01 -1.392416e+01
      vertex   -3.845979e+01 1.687574e+01 -1.385810e+01
    endloop
  endfacet
  facet normal 3.474207e-01 7.685102e-01 5.372996e-01
    outer loop
      vertex   -3.845979e+01 1.687574e+01 -1.385810e+01
      vertex   -3.993229e+01 1.758760e+01 -1.392416e+01
      vertex   -3.994963e+01 1.754925e+01 -1.385810e+01
    endloop
  endfacet
  facet normal 2.782979e-01 6.156074e-01 7.372773e-01
    outer loop
      vertex   -3.845979e+01 1.687574e+01 -1.385810e+01
      vertex   -3.994963e+01 1.754925e+01 -1.385810e+01
      vertex   -3.848358e+01 1.682313e+01 -1.380520e+01
    endloop
  endfacet
  facet normal 2.782979e-01 6.156074e-01 7.372773e-01
    outer loop
      vertex   -3.848358e+01 1.682313e+01 -1.380520e+01
      vertex   -3.994963e+01 1.754925e+01 -1.385810e+01
      vertex   -3.997341e+01 1.749664e+01 -1.380520e+01
    endloop
  endfacet
  facet normal 1.902095e-01 4.207519e-01 8.870108e-01
    outer loop
      vertex   -3.997341e+01 1.749664e+01 -1.380520e+01
      vertex   -4.146325e+01 1.817015e+01 -1.380520e+01
      vertex   -4.000203e+01 1.743334e+01 -1.376903e+01
    endloop
  endfacet
  facet normal 1.902095e-01 4.207519e-01 8.870108e-01
    outer loop
      vertex   -4.000203e+01 1.743334e+01 -1.376903e+01
      vertex   -4.146325e+01 1.817015e+01 -1.380520e+01
      vertex   -4.149186e+01 1.810685e+01 -1.376903e+01
    endloop
  endfacet
  facet normal 8.915861e-02 1.972228e-01 9.762960e-01
    outer loop
      vertex   -4.000203e+01 1.743334e+01 -1.376903e+01
      vertex   -4.149186e+01 1.810685e+01 -1.376903e+01
      vertex   -4.003352e+01 1.736367e+01 -1.375208e+01
    endloop
  endfacet
  facet normal 8.915861e-02 1.972228e-01 9.762960e-01
    outer loop
      vertex   -4.003352e+01 1.736367e+01 -1.375208e+01
      vertex   -4.149186e+01 1.810685e+01 -1.376903e+01
      vertex   -4.152336e+01 1.803718e+01 -1.375208e+01
    endloop
  endfacet
  facet normal -1.796826e-02 -3.974660e-02 9.990482e-01
    outer loop
      vertex   -4.003352e+01 1.736367e+01 -1.375208e+01
      vertex   -4.152336e+01 1.803718e+01 -1.375208e+01
      vertex   -4.006575e+01 1.729238e+01 -1.375550e+01
    endloop
  endfacet
  facet normal -1.796826e-02 -3.974660e-02 9.990482e-01
    outer loop
      vertex   -4.006575e+01 1.729238e+01 -1.375550e+01
      vertex   -4.152336e+01 1.803718e+01 -1.375208e+01
      vertex   -4.155559e+01 1.796589e+01 -1.375550e+01
    endloop
  endfacet
  facet normal -1.238706e-01 -2.740074e-01 9.537170e-01
    outer loop
      vertex   -4.006575e+01 1.729238e+01 -1.375550e+01
      vertex   -4.155559e+01 1.796589e+01 -1.375550e+01
      vertex   -4.009652e+01 1.722432e+01 -1.377905e+01
    endloop
  endfacet
  facet normal -1.238706e-01 -2.740074e-01 9.537170e-01
    outer loop
      vertex   -4.009652e+01 1.722432e+01 -1.377905e+01
      vertex   -4.155559e+01 1.796589e+01 -1.375550e+01
      vertex   -4.158636e+01 1.789783e+01 -1.377905e+01
    endloop
  endfacet
  facet normal -2.213314e-01 -4.895950e-01 8.433914e-01
    outer loop
      vertex   -4.009652e+01 1.722432e+01 -1.377905e+01
      vertex   -4.158636e+01 1.789783e+01 -1.377905e+01
      vertex   -4.012373e+01 1.716413e+01 -1.382113e+01
    endloop
  endfacet
  facet normal -2.213314e-01 -4.895950e-01 8.433914e-01
    outer loop
      vertex   -4.012373e+01 1.716413e+01 -1.382113e+01
      vertex   -4.158636e+01 1.789783e+01 -1.377905e+01
      vertex   -4.161357e+01 1.783764e+01 -1.382113e+01
    endloop
  endfacet
  facet normal -3.037088e-01 -6.718175e-01 6.755902e-01
    outer loop
      vertex   -4.012373e+01 1.716413e+01 -1.382113e+01
      vertex   -4.161357e+01 1.783764e+01 -1.382113e+01
      vertex   -4.014553e+01 1.711592e+01 -1.387887e+01
    endloop
  endfacet
  facet normal -3.037088e-01 -6.718175e-01 6.755902e-01
    outer loop
      vertex   -4.014553e+01 1.711592e+01 -1.387887e+01
      vertex   -4.161357e+01 1.783764e+01 -1.382113e+01
      vertex   -4.163536e+01 1.778943e+01 -1.387887e+01
    endloop
  endfacet
  facet normal -3.653890e-01 -8.082568e-01 4.617486e-01
    outer loop
      vertex   -4.014553e+01 1.711592e+01 -1.387887e+01
      vertex   -4.163536e+01 1.778943e+01 -1.387887e+01
      vertex   -4.016042e+01 1.708297e+01 -1.394834e+01
    endloop
  endfacet
  facet normal -3.653890e-01 -8.082568e-01 4.617486e-01
    outer loop
      vertex   -4.016042e+01 1.708297e+01 -1.394834e+01
      vertex   -4.163536e+01 1.778943e+01 -1.387887e+01
      vertex   -4.165026e+01 1.775648e+01 -1.394834e+01
    endloop
  endfacet
  facet normal -4.021685e-01 -8.896147e-01 2.164396e-01
    outer loop
      vertex   -4.016042e+01 1.708297e+01 -1.394834e+01
      vertex   -4.165026e+01 1.775648e+01 -1.394834e+01
      vertex   -4.016740e+01 1.706752e+01 -1.402479e+01
    endloop
  endfacet
  facet normal -4.021685e-01 -8.896147e-01 2.164396e-01
    outer loop
      vertex   -4.016740e+01 1.706752e+01 -1.402479e+01
      vertex   -4.165026e+01 1.775648e+01 -1.394834e+01
      vertex   -4.165724e+01 1.774103e+01 -1.402479e+01
    endloop
  endfacet
  facet normal -4.115409e-01 -9.103469e-01 -4.361939e-02
    outer loop
      vertex   -4.016740e+01 1.706752e+01 -1.402479e+01
      vertex   -4.165724e+01 1.774103e+01 -1.402479e+01
      vertex   -4.016600e+01 1.707063e+01 -1.410304e+01
    endloop
  endfacet
  facet normal -4.115409e-01 -9.103469e-01 -4.361939e-02
    outer loop
      vertex   -4.016600e+01 1.707063e+01 -1.410304e+01
      vertex   -4.165724e+01 1.774103e+01 -1.402479e+01
      vertex   -4.165583e+01 1.774414e+01 -1.410304e+01
    endloop
  endfacet
  facet normal -3.928674e-01 -8.690404e-01 -3.007058e-01
    outer loop
      vertex   -4.016600e+01 1.707063e+01 -1.410304e+01
      vertex   -4.165583e+01 1.774414e+01 -1.410304e+01
      vertex   -4.015630e+01 1.709209e+01 -1.417773e+01
    endloop
  endfacet
  facet normal -3.928674e-01 -8.690404e-01 -3.007058e-01
    outer loop
      vertex   -4.015630e+01 1.709209e+01 -1.417773e+01
      vertex   -4.165583e+01 1.774414e+01 -1.410304e+01
      vertex   -4.164613e+01 1.776560e+01 -1.417773e+01
    endloop
  endfacet
  facet normal -3.474207e-01 -7.685102e-01 -5.372996e-01
    outer loop
      vertex   -4.015630e+01 1.709209e+01 -1.417773e+01
      vertex   -4.164613e+01 1.776560e+01 -1.417773e+01
      vertex   -4.013896e+01 1.713044e+01 -1.424378e+01
    endloop
  endfacet
  facet normal -3.474207e-01 -7.685102e-01 -5.372996e-01
    outer loop
      vertex   -4.013896e+01 1.713044e+01 -1.424378e+01
      vertex   -4.164613e+01 1.776560e+01 -1.417773e+01
      vertex   -4.162880e+01 1.780395e+01 -1.424378e+01
    endloop
  endfacet
  facet normal -2.782979e-01 -6.156074e-01 -7.372773e-01
    outer loop
      vertex   -4.013896e+01 1.713044e+01 -1.424378e+01
      vertex   -4.162880e+01 1.780395e+01 -1.424378e+01
      vertex   -4.011518e+01 1.718305e+01 -1.429669e+01
    endloop
  endfacet
  facet normal -2.782979e-01 -6.156074e-01 -7.372773e-01
    outer loop
      vertex   -4.011518e+01 1.718305e+01 -1.429669e+01
      vertex   -4.162880e+01 1.780395e+01 -1.424378e+01
      vertex   -4.160501e+01 1.785656e+01 -1.429669e+01
    endloop
  endfacet
  facet normal -1.902095e-01 -4.207519e-01 -8.870108e-01
    outer loop
      vertex   -4.011518e+01 1.718305e+01 -1.429669e+01
      vertex   -4.160501e+01 1.785656e+01 -1.429669e+01
      vertex   -4.008656e+01 1.724635e+01 -1.433285e+01
    endloop
  endfacet
  facet normal -1.902095e-01 -4.207519e-01 -8.870108e-01
    outer loop
      vertex   -4.008656e+01 1.724635e+01 -1.433285e+01
      vertex   -4.160501e+01 1.785656e+01 -1.429669e+01
      vertex   -4.157640e+01 1.791986e+01 -1.433285e+01
    endloop
  endfacet
  facet normal -8.915861e-02 -1.972228e-01 -9.762960e-01
    outer loop
      vertex   -4.008656e+01 1.724635e+01 -1.433285e+01
      vertex   -4.157640e+01 1.791986e+01 -1.433285e+01
      vertex   -4.005507e+01 1.731602e+01 -1.434980e+01
    endloop
  endfacet
  facet normal -8.915861e-02 -1.972228e-01 -9.762960e-01
    outer loop
      vertex   -4.005507e+01 1.731602e+01 -1.434980e+01
      vertex   -4.157640e+01 1.791986e+01 -1.433285e+01
      vertex   -4.154490e+01 1.798953e+01 -1.434980e+01
    endloop
  endfacet
  facet normal 1.796826e-02 3.974660e-02 -9.990482e-01
    outer loop
      vertex   -4.005507e+01 1.731602e+01 -1.434980e+01
      vertex   -4.154490e+01 1.798953e+01 -1.434980e+01
      vertex   -4.002284e+01 1.738731e+01 -1.434638e+01
    endloop
  endfacet
  facet normal 1.796826e-02 3.974660e-02 -9.990482e-01
    outer loop
      vertex   -4.002284e+01 1.738731e+01 -1.434638e+01
      vertex   -4.154490e+01 1.798953e+01 -1.434980e+01
      vertex   -4.151267e+01 1.806082e+01 -1.434638e+01
    endloop
  endfacet
  facet normal 1.238706e-01 2.740074e-01 -9.537170e-01
    outer loop
      vertex   -4.002284e+01 1.738731e+01 -1.434638e+01
      vertex   -4.151267e+01 1.806082e+01 -1.434638e+01
      vertex   -3.999207e+01 1.745537e+01 -1.432283e+01
    endloop
  endfacet
  facet normal 1.238706e-01 2.740074e-01 -9.537170e-01
    outer loop
      vertex   -3.999207e+01 1.745537e+01 -1.432283e+01
      vertex   -4.151267e+01 1.806082e+01 -1.434638e+01
      vertex   -4.148190e+01 1.812888e+01 -1.432283e+01
    endloop
  endfacet
  facet normal 2.213314e-01 4.895950e-01 -8.433914e-01
    outer loop
      vertex   -3.999207e+01 1.745537e+01 -1.432283e+01
      vertex   -4.148190e+01 1.812888e+01 -1.432283e+01
      vertex   -3.996486e+01 1.751556e+01 -1.428075e+01
    endloop
  endfacet
  facet normal 2.213314e-01 4.895950e-01 -8.433914e-01
    outer loop
      vertex   -3.996486e+01 1.751556e+01 -1.428075e+01
      vertex   -4.148190e+01 1.812888e+01 -1.432283e+01
      vertex   -4.145469e+01 1.818907e+01 -1.428075e+01
    endloop
  endfacet
  facet normal 3.037088e-01 6.718175e-01 -6.755902e-01
    outer loop
      vertex   -3.996486e+01 1.751556e+01 -1.428075e+01
      vertex   -4.145469e+01 1.818907e+01 -1.428075e+01
      vertex   -3.994306e+01 1.756377e+01 -1.422301e+01
    endloop
  endfacet
  facet normal 3.037088e-01 6.718175e-01 -6.755902e-01
    outer loop
      vertex   -3.994306e+01 1.756377e+01 -1.422301e+01
      vertex   -4.145469e+01 1.818907e+01 -1.428075e+01
      vertex   -4.143290e+01 1.823728e+01 -1.422301e+01
    endloop
  endfacet
  facet normal 3.653890e-01 8.082568e-01 -4.617486e-01
    outer loop
      vertex   -3.994306e+01 1.756377e+01 -1.422301e+01
      vertex   -4.143290e+01 1.823728e+01 -1.422301e+01
      vertex   -3.992817e+01 1.759672e+01 -1.415355e+01
    endloop
  endfacet
  facet normal 3.653890e-01 8.082568e-01 -4.617486e-01
    outer loop
      vertex   -3.992817e+01 1.759672e+01 -1.415355e+01
      vertex   -4.143290e+01 1.823728e+01 -1.422301e+01
      vertex   -4.141800e+01 1.827023e+01 -1.415355e+01
    endloop
  endfacet
  facet normal 4.021685e-01 8.896147e-01 -2.164396e-01
    outer loop
      vertex   -3.992817e+01 1.759672e+01 -1.415355e+01
      vertex   -4.141800e+01 1.827023e+01 -1.415355e+01
      vertex   -3.992118e+01 1.761217e+01 -1.407709e+01
    endloop
  endfacet
  facet normal 4.021685e-01 8.896147e-01 -2.164396e-01
    outer loop
      vertex   -3.992118e+01 1.761217e+01 -1.407709e+01
      vertex   -4.141800e+01 1.827023e+01 -1.415355e+01
      vertex   -4.141102e+01 1.828568e+01 -1.407709e+01
    endloop
  endfacet
  facet normal 4.115409e-01 9.103469e-01 4.361939e-02
    outer loop
      vertex   -3.992118e+01 1.761217e+01 -1.407709e+01
      vertex   -4.141102e+01 1.828568e+01 -1.407709e+01
      vertex   -3.992259e+01 1.760906e+01 -1.399885e+01
    endloop
  endfacet
  facet normal 4.115409e-01 9.103469e-01 4.361939e-02
    outer loop
      vertex   -3.992259e+01 1.760906e+01 -1.399885e+01
      vertex   -4.141102e+01 1.828568e+01 -1.407709e+01
      vertex   -4.141243e+01 1.828257e+01 -1.399885e+01
    endloop
  endfacet
  facet normal 3.928674e-01 8.690404e-01 3.007058e-01
    outer loop
      vertex   -3.992259e+01 1.760906e+01 -1.399885e+01
      vertex   -4.141243e+01 1.828257e+01 -1.399885e+01
      vertex   -3.993229e+01 1.758760e+01 -1.392416e+01
    endloop
  endfacet
  facet normal 3.928674e-01 8.690404e-01 3.007058e-01
    outer loop
      vertex   -3.993229e+01 1.758760e+01 -1.392416e+01
      vertex   -4.141243e+01 1.828257e+01 -1.399885e+01
      vertex   -4.142213e+01 1.826111e+01 -1.392416e+01
    endloop
  endfacet
  facet normal 3.474207e-01 7.685102e-01 5.372996e-01
    outer loop
      vertex   -3.993229e+01 1.758760e+01 -1.392416e+01
      vertex   -4.142213e+01 1.826111e+01 -1.392416e+01
      vertex   -3.994963e+01 1.754925e+01 -1.385810e+01
    endloop
  endfacet
  facet normal 3.474207e-01 7.685102e-01 5.372996e-01
    outer loop
      vertex   -3.994963e+01 1.754925e+01 -1.385810e+01
      vertex   -4.142213e+01 1.826111e+01 -1.392416e+01
      vertex   -4.143946e+01 1.822276e+01 -1.385810e+01
    endloop
  endfacet
  facet normal 2.782979e-01 6.156074e-01 7.372773e-01
    outer loop
      vertex   -3.994963e+01 1.754925e+01 -1.385810e+01
      vertex   -4.143946e+01 1.822276e+01 -1.385810e+01
      vertex   -3.997341e+01 1.749664e+01 -1.380520e+01
    endloop
  endfacet
  facet normal 2.782979e-01 6.156074e-01 7.372773e-01
    outer loop
      vertex   -3.997341e+01 1.749664e+01 -1.380520e+01
      vertex   -4.143946e+01 1.822276e+01 -1.385810e+01
      vertex   -4.146325e+01 1.817015e+01 -1.380520e+01
    endloop
  endfacet
  facet normal 1.902095e-01 4.207519e-01 8.870108e-01
    outer loop
      vertex   -4.146325e+01 1.817015e+01 -1.380520e+01
      vertex   -4.295308e+01 1.884366e+01 -1.380520e+01
      vertex   -4.149186e+01 1.810685e+01 -1.376903e+01
    endloop
  endfacet
  facet normal 1.902095e-01 4.207519e-01 8.870108e-01
    outer loop
      vertex   -4.149186e+01 1.810685e+01 -1.376903e+01
      vertex   -4.295308e+01 1.884366e+01 -1.380520e+01
      vertex   -4.298170e+01 1.878036e+01 -1.376903e+01
    endloop
  endfacet
  facet normal 8.915861e-02 1.972228e-01 9.762960e-01
    outer loop
      vertex   -4.149186e+01 1.810685e+01 -1.376903e+01
      vertex   -4.298170e+01 1.878036e+01 -1.376903e+01
      vertex   -4.152336e+01 1.803718e+01 -1.375208e+01
    endloop
  endfacet
  facet normal 8.915861e-02 1.972228e-01 9.762960e-01
    outer loop
      vertex   -4.152336e+01 1.803718e+01 -1.375208e+01
      vertex   -4.298170e+01 1.878036e+01 -1.376903e+01
      vertex   -4.301319e+01 1.871069e+01 -1.375208e+01
    endloop
  endfacet
  facet normal -1.796826e-02 -3.974660e-02 9.990482e-01
    outer loop
      vertex   -4.152336e+01 1.803718e+01 -1.375208e+01
      vertex   -4.301319e+01 1.871069e+01 -1.375208e+01
      vertex   -4.155559e+01 1.796589e+01 -1.375550e+01
    endloop
  endfacet
  facet normal -1.796826e-02 -3.974660e-02 9.990482e-01
    outer loop
      vertex   -4.155559e+01 1.796589e+01 -1.375550e+01
      vertex   -4.301319e+01 1.871069e+01 -1.375208e+01
      vertex   -4.304542e+01 1.863940e+01 -1.375550e+01
    endloop
  endfacet
  facet normal -1.238706e-01 -2.740074e-01 9.537170e-01
    outer loop
      vertex   -4.155559e+01 1.796589e+01 -1.375550e+01
      vertex   -4.304542e+01 1.863940e+01 -1.375550e+01
      vertex   -4.158636e+01 1.789783e+01 -1.377905e+01
    endloop
  endfacet
  facet normal -1.238706e-01 -2.740074e-01 9.537170e-01
    outer loop
      vertex   -4.158636e+01 1.789783e+01 -1.377905e+01
      vertex   -4.304542e+01 1.863940e+01 -1.375550e+01
      vertex   -4.307619e+01 1.857134e+01 -1.377905e+01
    endloop
  endfacet
  facet normal -2.213314e-01 -4.895950e-01 8.433914e-01
    outer loop
      vertex   -4.158636e+01 1.789783e+01 -1.377905e+01
      vertex   -4.307619e+01 1.857134e+01 -1.377905e+01
      vertex   -4.161357e+01 1.783764e+01 -1.382113e+01
    endloop
  endfacet
  facet normal -2.213314e-01 -4.895950e-01 8.433914e-01
    outer loop
      vertex   -4.161357e+01 1.783764e+01 -1.382113e+01
      vertex   -4.307619e+01 1.857134e+01 -1.377905e+01
      vertex   -4.310340e+01 1.851115e+01 -1.382113e+01
    endloop
  endfacet
  facet normal -3.037088e-01 -6.718175e-01 6.755902e-01
    outer loop
      vertex   -4.161357e+01 1.783764e+01 -1.382113e+01
      vertex   -4.310340e+01 1.851115e+01 -1.382113e+01
      vertex   -4.163536e+01 1.778943e+01 -1.387887e+01
    endloop
  endfacet
  facet normal -3.037088e-01 -6.718175e-01 6.755902e-01
    outer loop
      vertex   -4.163536e+01 1.778943e+01 -1.387887e+01
      vertex   -4.310340e+01 1.851115e+01 -1.382113e+01
      vertex   -4.312520e+01 1.846294e+01 -1.387887e+01
    endloop
  endfacet
  facet normal -3.653890e-01 -8.082568e-01 4.617486e-01
    outer loop
      vertex   -4.163536e+01 1.778943e+01 -1.387887e+01
      vertex   -4.312520e+01 1.846294e+01 -1.387887e+01
      vertex   -4.165026e+01 1.775648e+01 -1.394834e+01
    endloop
  endfacet
  facet normal -3.653890e-01 -8.082568e-01 4.617486e-01
    outer loop
      vertex   -4.165026e+01 1.775648e+01 -1.394834e+01
      vertex   -4.312520e+01 1.846294e+01 -1.387887e+01
      vertex   -4.314009e+01 1.842999e+01 -1.394834e+01
    endloop
  endfacet
  facet normal -4.021685e-01 -8.896147e-01 2.164396e-01
    outer loop
      vertex   -4.165026e+01 1.775648e+01 -1.394834e+01
      vertex   -4.314009e+01 1.842999e+01 -1.394834e+01
      vertex   -4.165724e+01 1.774103e+01 -1.402479e+01
    endloop
  endfacet
  facet normal -4.021685e-01 -8.896147e-01 2.164396e-01
    outer loop
      vertex   -4.165724e+01 1.774103e+01 -1.402479e+01
      vertex   -4.314009e+01 1.842999e+01 -1.394834e+01
      vertex   -4.314707e+01 1.841454e+01 -1.402479e+01
    endloop
  endfacet
  facet normal -4.115409e-01 -9.103469e-01 -4.361939e-02
    outer loop
      vertex   -4.165724e+01 1.774103e+01 -1.402479e+01
      vertex   -4.314707e+01 1.841454e+01 -1.402479e+01
      vertex   -4.165583e+01 1.774414e+01 -1.410304e+01
    endloop
  endfacet
  facet normal -4.115409e-01 -9.103469e-01 -4.361939e-02
    outer loop
      vertex   -4.165583e+01 1.774414e+01 -1.410304e+01
      vertex   -4.314707e+01 1.841454e+01 -1.402479e+01
      vertex   -4.314567e+01 1.841765e+01 -1.410304e+01
    endloop
  endfacet
  facet normal -3.928674e-01 -8.690404e-01 -3.007058e-01
    outer loop
      vertex   -4.165583e+01 1.774414e+01 -1.410304e+01
      vertex   -4.314567e+01 1.841765e+01 -1.410304e+01
      vertex   -4.164613e+01 1.776560e+01 -1.417773e+01
    endloop
  endfacet
  facet normal -3.928674e-01 -8.690404e-01 -3.007058e-01
    outer loop
      vertex   -4.164613e+01 1.776560e+01 -1.417773e+01
      vertex   -4.314567e+01 1.841765e+01 -1.410304e+01
      vertex   -4.313597e+01 1.843911e+01 -1.417773e+01
    endloop
  endfacet
  facet normal -3.474207e-01 -7.685102e-01 -5.372996e-01
    outer loop
      vertex   -4.164613e+01 1.776560e+01 -1.417773e+01
      vertex   -4.313597e+01 1.843911e+01 -1.417773e+01
      vertex   -4.162880e+01 1.780395e+01 -1.424378e+01
    endloop
  endfacet
  facet normal -3.474207e-01 -7.685102e-01 -5.372996e-01
    outer loop
      vertex   -4.162880e+01 1.780395e+01 -1.424378e+01
      vertex   -4.313597e+01 1.843911e+01 -1.417773e+01
      vertex   -4.311863e+01 1.847746e+01 -1.424378e+01
    endloop
  endfacet
  facet normal -2.782979e-01 -6.156074e-01 -7.372773e-01
    outer loop
      vertex   -4.162880e+01 1.780395e+01 -1.424378e+01
      vertex   -4.311863e+01 1.847746e+01 -1.424378e+01
      vertex   -4.160501e+01 1.785656e+01 -1.429669e+01
    endloop
  endfacet
  facet normal -2.782979e-01 -6.156074e-01 -7.372773e-01
    outer loop
      vertex   -4.160501e+01 1.785656e+01 -1.429669e+01
      vertex   -4.311863e+01 1.847746e+01 -1.424378e+01
      vertex   -4.309485e+01 1.853007e+01 -1.429669e+01
    endloop
  endfacet
  facet normal -1.902095e-01 -4.207519e-01 -8.870108e-01
    outer loop
      vertex   -4.160501e+01 1.785656e+01 -1.429669e+01
      vertex   -4.309485e+01 1.853007e+01 -1.429669e+01
      vertex   -4.157640e+01 1.791986e+01 -1.433285e+01
    endloop
  endfacet
  facet normal -1.902095e-01 -4.207519e-01 -8.870108e-01
    outer loop
      vertex   -4.157640e+01 1.791986e+01 -1.433285e+01
      vertex   -4.309485e+01 1.853007e+01 -1.429669e+01
      vertex   -4.306623e+01 1.859337e+01 -1.433285e+01
    endloop
  endfacet
  facet normal -8.915861e-02 -1.972228e-01 -9.762960e-01
    outer loop
      vertex   -4.157640e+01 1.791986e+01 -1.433285e+01
      vertex   -4.306623e+01 1.859337e+01 -1.433285e+01
      vertex   -4.154490e+01 1.798953e+01 -1.434980e+01
    endloop
  endfacet
  facet normal -8.915861e-02 -1.972228e-01 -9.762960e-01
    outer loop
      vertex   -4.154490e+01 1.798953e+01 -1.434980e+01
      vertex   -4.306623e+01 1.859337e+01 -1.433285e+01
      vertex   -4.303474e+01 1.866304e+01 -1.434980e+01
    endloop
  endfacet
  facet normal 1.796826e-02 3.974660e-02 -9.990482e-01
    outer loop
      vertex   -4.154490e+01 1.798953e+01 -1.434980e+01
      vertex   -4.303474e+01 1.866304e+01 -1.434980e+01
      vertex   -4.151267e+01 1.806082e+01 -1.434638e+01
    endloop
  endfacet
  facet normal 1.796826e-02 3.974660e-02 -9.990482e-01
    outer loop
      vertex   -4.151267e+01 1.806082e+01 -1.434638e+01
      vertex   -4.303474e+01 1.866304e+01 -1.434980e+01
      vertex   -4.300251e+01 1.873433e+01 -1.434638e+01
    endloop
  endfacet
  facet normal 1.238706e-01 2.740074e-01 -9.537170e-01
    outer loop
      vertex   -4.151267e+01 1.806082e+01 -1.434638e+01
      vertex   -4.300251e+01 1.873433e+01 -1.434638e+01
      vertex   -4.148190e+01 1.812888e+01 -1.432283e+01
    endloop
  endfacet
  facet normal 1.238706e-01 2.740074e-01 -9.537170e-01
    outer loop
      vertex   -4.148190e+01 1.812888e+01 -1.432283e+01
      vertex   -4.300251e+01 1.873433e+01 -1.434638e+01
      vertex   -4.297174e+01 1.880239e+01 -1.432283e+01
    endloop
  endfacet
  facet normal 2.213314e-01 4.895950e-01 -8.433914e-01
    outer loop
      vertex   -4.148190e+01 1.812888e+01 -1.432283e+01
      vertex   -4.297174e+01 1.880239e+01 -1.432283e+01
      vertex   -4.145469e+01 1.818907e+01 -1.428075e+01
    endloop
  endfacet
  facet normal 2.213314e-01 4.895950e-01 -8.433914e-01
    outer loop
      vertex   -4.145469e+01 1.818907e+01 -1.428075e+01
      vertex   -4.297174e+01 1.880239e+01 -1.432283e+01
      vertex   -4.294453e+01 1.886258e+01 -1.428075e+01
    endloop
  endfacet
  facet normal 3.037088e-01 6.718175e-01 -6.755902e-01
    outer loop
      vertex   -4.145469e+01 1.818907e+01 -1.428075e+01
      vertex   -4.294453e+01 1.886258e+01 -1.428075e+01
      vertex   -4.143290e+01 1.823728e+01 -1.422301e+01
    endloop
  endfacet
  facet normal 3.037088e-01 6.718175e-01 -6.755902e-01
    outer loop
      vertex   -4.143290e+01 1.823728e+01 -1.422301e+01
      vertex   -4.294453e+01 1.886258e+01 -1.428075e+01
      vertex   -4.292273e+01 1.891079e+01 -1.422301e+01
    endloop
  endfacet
  facet normal 3.653890e-01 8.082568e-01 -4.617486e-01
    outer loop
      vertex   -4.143290e+01 1.823728e+01 -1.422301e+01
      vertex   -4.292273e+01 1.891079e+01 -1.422301e+01
      vertex   -4.141800e+01 1.827023e+01 -1.415355e+01
    endloop
  endfacet
  facet normal 3.653890e-01 8.082568e-01 -4.617486e-01
    outer loop
      vertex   -4.141800e+01 1.827023e+01 -1.415355e+01
      vertex   -4.292273e+01 1.891079e+01 -1.422301e+01
      vertex   -4.290784e+01 1.894374e+01 -1.415355e+01
    endloop
  endfacet
  facet normal 4.021685e-01 8.896147e-01 -2.164396e-01
    outer loop
      vertex   -4.141800e+01 1.827023e+01 -1.415355e+01
      vertex   -4.290784e+01 1.894374e+01 -1.415355e+01
      vertex   -4.141102e+01 1.828568e+01 -1.407709e+01
    endloop
  endfacet
  facet normal 4.021685e-01 8.896147e-01 -2.164396e-01
    outer loop
      vertex   -4.141102e+01 1.828568e+01 -1.407709e+01
      vertex   -4.290784e+01 1.894374e+01 -1.415355e+01
      vertex   -4.290086e+01 1.895919e+01 -1.407709e+01
    endloop
  endfacet
  facet normal 4.115409e-01 9.103469e-01 4.361939e-02
    outer loop
      vertex   -4.141102e+01 1.828568e+01 -1.407709e+01
      vertex   -4.290086e+01 1.895919e+01 -1.407709e+01
      vertex   -4.141243e+01 1.828257e+01 -1.399885e+01
    endloop
  endfacet
  facet normal 4.115409e-01 9.103469e-01 4.361939e-02
    outer loop
      vertex   -4.141243e+01 1.828257e+01 -1.399885e+01
      vertex   -4.290086e+01 1.895919e+01 -1.407709e+01
      vertex   -4.290226e+01 1.895608e+01 -1.399885e+01
    endloop
  endfacet
  facet normal 3.928674e-01 8.690404e-01 3.007058e-01
    outer loop
      vertex   -4.141243e+01 1.828257e+01 -1.399885e+01
      vertex   -4.290226e+01 1.895608e+01 -1.399885e+01
      vertex   -4.142213e+01 1.826111e+01 -1.392416e+01
    endloop
  endfacet
  facet normal 3.928674e-01 8.690404e-01 3.007058e-01
    outer loop
      vertex   -4.142213e+01 1.826111e+01 -1.392416e+01
      vertex   -4.290226e+01 1.895608e+01 -1.399885e+01
      vertex   -4.291196e+01 1.893462e+01 -1.392416e+01
    endloop
  endfacet
  facet normal 3.474207e-01 7.685102e-01 5.372996e-01
    outer loop
      vertex   -4.142213e+01 1.826111e+01 -1.392416e+01
      vertex   -4.291196e+01 1.893462e+01 -1.392416e+01
      vertex   -4.143946e+01 1.822276e+01 -1.385810e+01
    endloop
  endfacet
  facet normal 3.474207e-01 7.685102e-01 5.372996e-01
    outer loop
      vertex   -4.143946e+01 1.822276e+01 -1.385810e+01
      vertex   -4.291196e+01 1.893462e+01 -1.392416e+01
      vertex   -4.292930e+01 1.889627e+01 -1.385810e+01
    endloop
  endfacet
  facet normal 2.782979e-01 6.156074e-01 7.372773e-01
    outer loop
      vertex   -4.143946e+01 1.822276e+01 -1.385810e+01
      vertex   -4.292930e+01 1.889627e+01 -1.385810e+01
      vertex   -4.146325e+01 1.817015e+01 -1.380520e+01
    endloop
  endfacet
  facet normal 2.782979e-01 6.156074e-01 7.372773e-01
    outer loop
      vertex   -4.146325e+01 1.817015e+01 -1.380520e+01
      vertex   -4.292930e+01 1.889627e+01 -1.385810e+01
      vertex   -4.295308e+01 1.884366e+01 -1.380520e+01
    endloop
  endfacet
  facet normal 1.902095e-01 4.207519e-01 8.870108e-01
    outer loop
      vertex   -4.295308e+01 1.884366e+01 -1.380520e+01
      vertex   -4.444292e+01 1.951717e+01 -1.380520e+01
      vertex   -4.298170e+01 1.878036e+01 -1.376903e+01
    endloop
  endfacet
  facet normal 1.902095e-01 4.207519e-01 8.870108e-01
    outer loop
      vertex   -4.298170e+01 1.878036e+01 -1.376903e+01
      vertex   -4.444292e+01 1.951717e+01 -1.380520e+01
      vertex   -4.447153e+01 1.945387e+01 -1.376903e+01
    endloop
  endfacet
  facet normal 8.915861e-02 1.972228e-01 9.762960e-01
    outer loop
      vertex   -4.298170e+01 1.878036e+01 -1.376903e+01
      vertex   -4.447153e+01 1.945387e+01 -1.376903e+01
      vertex   -4.301319e+01 1.871069e+01 -1.375208e+01
    endloop
  endfacet
  facet normal 8.915861e-02 1.972228e-01 9.762960e-01
    outer loop
      vertex   -4.301319e+01 1.871069e+01 -1.375208e+01
      vertex   -4.447153e+01 1.945387e+01 -1.376903e+01
      vertex   -4.450303e+01 1.938420e+01 -1.375208e+01
    endloop
  endfacet
  facet normal -1.796826e-02 -3.974660e-02 9.990482e-01
    outer loop
      vertex   -4.301319e+01 1.871069e+01 -1.375208e+01
      vertex   -4.450303e+01 1.938420e+01 -1.375208e+01
      vertex   -4.304542e+01 1.863940e+01 -1.375550e+01
    endloop
  endfacet
  facet normal -1.796826e-02 -3.974660e-02 9.990482e-01
    outer loop
      vertex   -4.304542e+01 1.863940e+01 -1.375550e+01
      vertex   -4.450303e+01 1.938420e+01 -1.375208e+01
      vertex   -4.453526e+01 1.931291e+01 -1.375550e+01
    endloop
  endfacet
  facet normal -1.238706e-01 -2.740074e-01 9.537170e-01
    outer loop
      vertex   -4.304542e+01 1.863940e+01 -1.375550e+01
      vertex   -4.453526e+01 1.931291e+01 -1.375550e+01
      vertex   -4.307619e+01 1.857134e+01 -1.377905e+01
    endloop
  endfacet
  facet normal -1.238706e-01 -2.740074e-01 9.537170e-01
    outer loop
      vertex   -4.307619e+01 1.857134e+01 -1.377905e+01
      vertex   -4.453526e+01 1.931291e+01 -1.375550e+01
      vertex   -4.456603e+01 1.924485e+01 -1.377905e+01
    endloop
  endfacet
  facet normal -2.213314e-01 -4.895950e-01 8.433914e-01
    outer loop
      vertex   -4.307619e+01 1.857134e+01 -1.377905e+01
      vertex   -4.456603e+01 1.924485e+01 -1.377905e+01
      vertex   -4.310340e+01 1.851115e+01 -1.382113e+01
    endloop
  endfacet
  facet normal -2.213314e-01 -4.895950e-01 8.433914e-01
    outer loop
      vertex   -4.310340e+01 1.851115e+01 -1.382113e+01
      vertex   -4.456603e+01 1.924485e+01 -1.377905e+01
      vertex   -4.459324e+01 1.918466e+01 -1.382113e+01
    endloop
  endfacet
  facet normal -3.037088e-01 -6.718175e-01 6.755902e-01
    outer loop
      vertex   -4.310340e+01 1.851115e+01 -1.382113e+01
      vertex   -4.459324e+01 1.918466e+01 -1.382113e+01
      vertex   -4.312520e+01 1.846294e+01 -1.387887e+01
    endloop
  endfacet
  facet normal -3.037088e-01 -6.718175e-01 6.755902e-01
    outer loop
      vertex   -4.312520e+01 1.846294e+01 -1.387887e+01
      vertex   -4.459324e+01 1.918466e+01 -1.382113e+01
      vertex   -4.461503e+01 1.913645e+01 -1.387887e+01
    endloop
  endfacet
  facet normal -3.653890e-01 -8.082568e-01 4.617486e-01
    outer loop
      vertex   -4.312520e+01 1.846294e+01 -1.387887e+01
      vertex   -4.461503e+01 1.913645e+01 -1.387887e+01
      vertex   -4.314009e+01 1.842999e+01 -1.394834e+01
    endloop
  endfacet
  facet normal -3.653890e-01 -8.082568e-01 4.617486e-01
    outer loop
      vertex   -4.314009e+01 1.842999e+01 -1.394834e+01
      vertex   -4.461503e+01 1.913645e+01 -1.387887e+01
      vertex   -4.462993e+01 1.910350e+01 -1.394834e+01
    endloop
  endfacet
  facet normal -4.021685e-01 -8.896147e-01 2.164396e-01
    outer loop
      vertex   -4.314009e+01 1.842999e+01 -1.394834e+01
      vertex   -4.462993e+01 1.910350e+01 -1.394834e+01
      vertex   -4.314707e+01 1.841454e+01 -1.402479e+01
    endloop
  endfacet
  facet normal -4.021685e-01 -8.896147e-01 2.164396e-01
    outer loop
      vertex   -4.314707e+01 1.841454e+01 -1.402479e+01
      vertex   -4.462993e+01 1.910350e+01 -1.394834e+01
      vertex   -4.463691e+01 1.908805e+01 -1.402479e+01
    endloop
  endfacet
  facet normal -4.115409e-01 -9.103469e-01 -4.361939e-02
    outer loop
      vertex   -4.314707e+01 1.841454e+01 -1.402479e+01
      vertex   -4.463691e+01 1.908805e+01 -1.402479e+01
      vertex   -4.314567e+01 1.841765e+01 -1.410304e+01
    endloop
  endfacet
  facet normal -4.115409e-01 -9.103469e-01 -4.361939e-02
    outer loop
      vertex   -4.314567e+01 1.841765e+01 -1.410304e+01
      vertex   -4.463691e+01 1.908805e+01 -1.402479e+01
      vertex   -4.463550e+01 1.909116e+01 -1.410304e+01
    endloop
  endfacet
  facet normal -3.928674e-01 -8.690404e-01 -3.007058e-01
    outer loop
      vertex   -4.314567e+01 1.841765e+01 -1.410304e+01
      vertex   -4.463550e+01 1.909116e+01 -1.410304e+01
      vertex   -4.313597e+01 1.843911e+01 -1.417773e+01
    endloop
  endfacet
  facet normal -3.928674e-01 -8.690404e-01 -3.007058e-01
    outer loop
      vertex   -4.313597e+01 1.843911e+01 -1.417773e+01
      vertex   -4.463550e+01 1.909116e+01 -1.410304e+01
      vertex   -4.462580e+01 1.911262e+01 -1.417773e+01
    endloop
  endfacet
  facet normal -3.474207e-01 -7.685102e-01 -5.372996e-01
    outer loop
      vertex   -4.313597e+01 1.843911e+01 -1.417773e+01
      vertex   -4.462580e+01 1.911262e+01 -1.417773e+01
      vertex   -4.311863e+01 1.847746e+01 -1.424378e+01
    endloop
  endfacet
  facet normal -3.474207e-01 -7.685102e-01 -5.372996e-01
    outer loop
      vertex   -4.311863e+01 1.847746e+01 -1.424378e+01
      vertex   -4.462580e+01 1.911262e+01 -1.417773e+01
      vertex   -4.460847e+01 1.915097e+01 -1.424378e+01
    endloop
  endfacet
  facet normal -2.782979e-01 -6.156074e-01 -7.372773e-01
    outer loop
      vertex   -4.311863e+01 1.847746e+01 -1.424378e+01
      vertex   -4.460847e+01 1.915097e+01 -1.424378e+01
      vertex   -4.309485e+01 1.853007e+01 -1.429669e+01
    endloop
  endfacet
  facet normal -2.782979e-01 -6.156074e-01 -7.372773e-01
    outer loop
      vertex   -4.309485e+01 1.853007e+01 -1.429669e+01
      vertex   -4.460847e+01 1.915097e+01 -1.424378e+01
      vertex   -4.458468e+01 1.920358e+01 -1.429669e+01
    endloop
  endfacet
  facet normal -1.902095e-01 -4.207519e-01 -8.870108e-01
    outer loop
      vertex   -4.309485e+01 1.853007e+01 -1.429669e+01
      vertex   -4.458468e+01 1.920358e+01 -1.429669e+01
      vertex   -4.306623e+01 1.859337e+01 -1.433285e+01
    endloop
  endfacet
  facet normal -1.902095e-01 -4.207519e-01 -8.870108e-01
    outer loop
      vertex   -4.306623e+01 1.859337e+01 -1.433285e+01
      vertex   -4.458468e+01 1.920358e+01 -1.429669e+01
      vertex   -4.455607e+01 1.926688e+01 -1.433285e+01
    endloop
  endfacet
  facet normal -8.915861e-02 -1.972228e-01 -9.762960e-01
    outer loop
      vertex   -4.306623e+01 1.859337e+01 -1.433285e+01
      vertex   -4.455607e+01 1.926688e+01 -1.433285e+01
      vertex   -4.303474e+01 1.866304e+01 -1.434980e+01
    endloop
  endfacet
  facet normal -8.915861e-02 -1.972228e-01 -9.762960e-01
    outer loop
      vertex   -4.303474e+01 1.866304e+01 -1.434980e+01
      vertex   -4.455607e+01 1.926688e+01 -1.433285e+01
      vertex   -4.452457e+01 1.933655e+01 -1.434980e+01
    endloop
  endfacet
  facet normal 1.796826e-02 3.974660e-02 -9.990482e-01
    outer loop
      vertex   -4.303474e+01 1.866304e+01 -1.434980e+01
      vertex   -4.452457e+01 1.933655e+01 -1.434980e+01
      vertex   -4.300251e+01 1.873433e+01 -1.434638e+01
    endloop
  endfacet
  facet normal 1.796826e-02 3.974660e-02 -9.990482e-01
    outer loop
      vertex   -4.300251e+01 1.873433e+01 -1.434638e+01
      vertex   -4.452457e+01 1.933655e+01 -1.434980e+01
      vertex   -4.449234e+01 1.940784e+01 -1.434638e+01
    endloop
  endfacet
  facet normal 1.238706e-01 2.740074e-01 -9.537170e-01
    outer loop
      vertex   -4.300251e+01 1.873433e+01 -1.434638e+01
      vertex   -4.449234e+01 1.940784e+01 -1.434638e+01
      vertex   -4.297174e+01 1.880239e+01 -1.432283e+01
    endloop
  endfacet
  facet normal 1.238706e-01 2.740074e-01 -9.537170e-01
    outer loop
      vertex   -4.297174e+01 1.880239e+01 -1.432283e+01
      vertex   -4.449234e+01 1.940784e+01 -1.434638e+01
      vertex   -4.446157e+01 1.947590e+01 -1.432283e+01
    endloop
  endfacet
  facet normal 2.213314e-01 4.895950e-01 -8.433914e-01
    outer loop
      vertex   -4.297174e+01 1.880239e+01 -1.432283e+01
      vertex   -4.446157e+01 1.947590e+01 -1.432283e+01
      vertex   -4.294453e+01 1.886258e+01 -1.428075e+01
    endloop
  endfacet
  facet normal 2.213314e-01 4.895950e-01 -8.433914e-01
    outer loop
      vertex   -4.294453e+01 1.886258e+01 -1.428075e+01
      vertex   -4.446157e+01 1.947590e+01 -1.432283e+01
      vertex   -4.443436e+01 1.953609e+01 -1.428075e+01
    endloop
  endfacet
  facet normal 3.037088e-01 6.718175e-01 -6.755902e-01
    outer loop
      vertex   -4.294453e+01 1.886258e+01 -1.428075e+01
      vertex   -4.443436e+01 1.953609e+01 -1.428075e+01
      vertex   -4.292273e+01 1.891079e+01 -1.422301e+01
    endloop
  endfacet
  facet normal 3.037088e-01 6.718175e-01 -6.755902e-01
    outer loop
      vertex   -4.292273e+01 1.891079e+01 -1.422301e+01
      vertex   -4.443436e+01 1.953609e+01 -1.428075e+01
      vertex   -4.441257e+01 1.958430e+01 -1.422301e+01
    endloop
  endfacet
  facet normal 3.653890e-01 8.082568e-01 -4.617486e-01
    outer loop
      vertex   -4.292273e+01 1.891079e+01 -1.422301e+01
      vertex   -4.441257e+01 1.958430e+01 -1.422301e+01
      vertex   -4.290784e+01 1.894374e+01 -1.415355e+01
    endloop
  endfacet
  facet normal 3.653890e-01 8.082568e-01 -4.617486e-01
    outer loop
      vertex   -4.290784e+01 1.894374e+01 -1.415355e+01
      vertex   -4.441257e+01 1.958430e+01 -1.422301e+01
      vertex   -4.439767e+01 1.961725e+01 -1.415355e+01
    endloop
  endfacet
  facet normal 4.021685e-01 8.896147e-01 -2.164396e-01
    outer loop
      vertex   -4.290784e+01 1.894374e+01 -1.415355e+01
      vertex   -4.439767e+01 1.961725e+01 -1.415355e+01
      vertex   -4.290086e+01 1.895919e+01 -1.407709e+01
    endloop
  endfacet
  facet normal 4.021685e-01 8.896147e-01 -2.164396e-01
    outer loop
      vertex   -4.290086e+01 1.895919e+01 -1.407709e+01
      vertex   -4.439767e+01 1.961725e+01 -1.415355e+01
      vertex   -4.439069e+01 1.963270e+01 -1.407709e+01
    endloop
  endfacet
  facet normal 4.115409e-01 9.103469e-01 4.361939e-02
    outer loop
      vertex   -4.290086e+01 1.895919e+01 -1.407709e+01
      vertex   -4.439069e+01 1.963270e+01 -1.407709e+01
      vertex   -4.290226e+01 1.895608e+01 -1.399885e+01
    endloop
  endfacet
  facet normal 4.115409e-01 9.103469e-01 4.361939e-02
    outer loop
      vertex   -4.290226e+01 1.895608e+01 -1.399885e+01
      vertex   -4.439069e+01 1.963270e+01 -1.407709e+01
      vertex   -4.439210e+01 1.962959e+01 -1.399885e+01
    endloop
  endfacet
  facet normal 3.928674e-01 8.690404e-01 3.007058e-01
    outer loop
      vertex   -4.290226e+01 1.895608e+01 -1.399885e+01
      vertex   -4.439210e+01 1.962959e+01 -1.399885e+01
      vertex   -4.291196e+01 1.893462e+01 -1.392416e+01
    endloop
  endfacet
  facet normal 3.928674e-01 8.690404e-01 3.007058e-01
    outer loop
      vertex   -4.291196e+01 1.893462e+01 -1.392416e+01
      vertex   -4.439210e+01 1.962959e+01 -1.399885e+01
      vertex   -4.440180e+01 1.960813e+01 -1.392416e+01
    endloop
  endfacet
  facet normal 3.474207e-01 7.685102e-01 5.372996e-01
    outer loop
      vertex   -4.291196e+01 1.893462e+01 -1.392416e+01
      vertex   -4.440180e+01 1.960813e+01 -1.392416e+01
      vertex   -4.292930e+01 1.889627e+01 -1.385810e+01
    endloop
  endfacet
  facet normal 3.474207e-01 7.685102e-01 5.372996e-01
    outer loop
      vertex   -4.292930e+01 1.889627e+01 -1.385810e+01
      vertex   -4.440180e+01 1.960813e+01 -1.392416e+01
      vertex   -4.441913e+01 1.956978e+01 -1.385810e+01
    endloop
  endfacet
  facet normal 2.782979e-01 6.156074e-01 7.372773e-01
    outer loop
      vertex   -4.292930e+01 1.889627e+01 -1.385810e+01
      vertex   -4.441913e+01 1.956978e+01 -1.385810e+01
      vertex   -4.295308e+01 1.884366e+01 -1.380520e+01
    endloop
  endfacet
  facet normal 2.782979e-01 6.156074e-01 7.372773e-01
    outer loop
      vertex   -4.295308e+01 1.884366e+01 -1.380520e+01
      vertex   -4.441913e+01 1.956978e+01 -1.385810e+01
      vertex   -4.444292e+01 1.951717e+01 -1.380520e+01
    endloop
  endfacet
  facet normal -2.720007e-01 -3.816915e-01 -8.833613e-01
    outer loop
      vertex   -1.624920e+01 6.470183e+00 -1.433285e+01
      vertex   -1.505745e+01 5.838072e+00 -1.442668e+01
      vertex   -1.627781e+01 6.406883e+00 -1.429669e+01
    endloop
  endfacet
  facet normal -2.905959e-01 -4.278746e-01 -8.558489e-01
    outer loop
      vertex   -1.627781e+01 6.406883e+00 -1.429669e+01
      vertex   -1.505745e+01 5.838072e+00 -1.442668e+01
      vertex   -1.507937e+01 5.789568e+00 -1.439498e+01
    endloop
  endfacet
  facet normal -3.401732e-01 -5.375419e-01 -7.715769e-01
    outer loop
      vertex   -1.627781e+01 6.406883e+00 -1.429669e+01
      vertex   -1.507937e+01 5.789568e+00 -1.439498e+01
      vertex   -1.509914e+01 5.745840e+00 -1.435581e+01
    endloop
  endfacet
  facet normal -1.710538e-01 -1.592306e-01 -9.723097e-01
    outer loop
      vertex   -1.621770e+01 6.539853e+00 -1.434980e+01
      vertex   -1.500906e+01 5.945106e+00 -1.446503e+01
      vertex   -1.624920e+01 6.470183e+00 -1.433285e+01
    endloop
  endfacet
  facet normal -1.795193e-01 -1.805500e-01 -9.670442e-01
    outer loop
      vertex   -1.624920e+01 6.470183e+00 -1.433285e+01
      vertex   -1.500906e+01 5.945106e+00 -1.446503e+01
      vertex   -1.503384e+01 5.890297e+00 -1.445020e+01
    endloop
  endfacet
  facet normal -2.360741e-01 -3.082907e-01 -9.215345e-01
    outer loop
      vertex   -1.624920e+01 6.470183e+00 -1.433285e+01
      vertex   -1.503384e+01 5.890297e+00 -1.445020e+01
      vertex   -1.505745e+01 5.838072e+00 -1.442668e+01
    endloop
  endfacet
  facet normal -1.077176e-01 -2.634922e-02 -9.938323e-01
    outer loop
      vertex   -1.500906e+01 5.945106e+00 -1.446503e+01
      vertex   -1.621770e+01 6.539853e+00 -1.434980e+01
      vertex   -1.598481e+01 6.457049e+00 -1.437285e+01
    endloop
  endfacet
  facet normal -7.018244e-02 7.937283e-02 -9.943713e-01
    outer loop
      vertex   -1.598481e+01 6.457049e+00 -1.437285e+01
      vertex   -1.621770e+01 6.539853e+00 -1.434980e+01
      vertex   -1.618547e+01 6.611148e+00 -1.434638e+01
    endloop
  endfacet
  facet normal -3.193077e-02 1.286355e-01 -9.911778e-01
    outer loop
      vertex   -1.598481e+01 6.457049e+00 -1.437285e+01
      vertex   -1.618547e+01 6.611148e+00 -1.434638e+01
      vertex   -1.595265e+01 6.528174e+00 -1.436465e+01
    endloop
  endfacet
  facet normal 3.667256e-02 3.119320e-01 -9.493964e-01
    outer loop
      vertex   -1.595265e+01 6.528174e+00 -1.436465e+01
      vertex   -1.618547e+01 6.611148e+00 -1.434638e+01
      vertex   -1.615470e+01 6.679207e+00 -1.432283e+01
    endloop
  endfacet
  facet normal 6.406270e-02 3.449816e-01 -9.364207e-01
    outer loop
      vertex   -1.595265e+01 6.528174e+00 -1.436465e+01
      vertex   -1.615470e+01 6.679207e+00 -1.432283e+01
      vertex   -1.592227e+01 6.595378e+00 -1.433782e+01
    endloop
  endfacet
  facet normal 1.355187e-01 5.258264e-01 -8.397269e-01
    outer loop
      vertex   -1.592227e+01 6.595378e+00 -1.433782e+01
      vertex   -1.615470e+01 6.679207e+00 -1.432283e+01
      vertex   -1.612750e+01 6.739394e+00 -1.428075e+01
    endloop
  endfacet
  facet normal 1.513505e-01 5.429527e-01 -8.260118e-01
    outer loop
      vertex   -1.592227e+01 6.595378e+00 -1.433782e+01
      vertex   -1.612750e+01 6.739394e+00 -1.428075e+01
      vertex   -1.589547e+01 6.654669e+00 -1.429393e+01
    endloop
  endfacet
  facet normal 2.197464e-01 7.064345e-01 -6.728014e-01
    outer loop
      vertex   -1.589547e+01 6.654669e+00 -1.429393e+01
      vertex   -1.612750e+01 6.739394e+00 -1.428075e+01
      vertex   -1.610570e+01 6.787606e+00 -1.422301e+01
    endloop
  endfacet
  facet normal 2.246318e-01 7.108202e-01 -6.665397e-01
    outer loop
      vertex   -1.589547e+01 6.654669e+00 -1.429393e+01
      vertex   -1.610570e+01 6.787606e+00 -1.422301e+01
      vertex   -1.587383e+01 6.702523e+00 -1.423561e+01
    endloop
  endfacet
  facet normal 2.820049e-01 8.377320e-01 -4.676306e-01
    outer loop
      vertex   -1.587383e+01 6.702523e+00 -1.423561e+01
      vertex   -1.610570e+01 6.787606e+00 -1.422301e+01
      vertex   -1.585866e+01 6.736096e+00 -1.416631e+01
    endloop
  endfacet
  facet normal 2.811719e-01 8.423106e-01 -4.598426e-01
    outer loop
      vertex   -1.585866e+01 6.736096e+00 -1.416631e+01
      vertex   -1.610570e+01 6.787606e+00 -1.422301e+01
      vertex   -1.609080e+01 6.820557e+00 -1.415355e+01
    endloop
  endfacet
  facet normal 3.200953e-01 9.162239e-01 -2.409830e-01
    outer loop
      vertex   -1.585866e+01 6.736096e+00 -1.416631e+01
      vertex   -1.609080e+01 6.820557e+00 -1.415355e+01
      vertex   -1.585084e+01 6.753394e+00 -1.409016e+01
    endloop
  endfacet
  facet normal 3.155701e-01 9.241080e-01 -2.154992e-01
    outer loop
      vertex   -1.585084e+01 6.753394e+00 -1.409016e+01
      vertex   -1.609080e+01 6.820557e+00 -1.415355e+01
      vertex   -1.608382e+01 6.836003e+00 -1.407709e+01
    endloop
  endfacet
  facet normal 3.341863e-01 9.425070e-01 8.228965e-05
    outer loop
      vertex   -1.585084e+01 6.753394e+00 -1.409016e+01
      vertex   -1.608382e+01 6.836003e+00 -1.407709e+01
      vertex   -1.585084e+01 6.753388e+00 -1.401167e+01
    endloop
  endfacet
  facet normal 3.230396e-01 9.453888e-01 4.342178e-02
    outer loop
      vertex   -1.585084e+01 6.753388e+00 -1.401167e+01
      vertex   -1.608382e+01 6.836003e+00 -1.407709e+01
      vertex   -1.608523e+01 6.832890e+00 -1.399885e+01
    endloop
  endfacet
  facet normal 3.235395e-01 9.149516e-01 2.412173e-01
    outer loop
      vertex   -1.585084e+01 6.753388e+00 -1.401167e+01
      vertex   -1.608523e+01 6.832890e+00 -1.399885e+01
      vertex   -1.585867e+01 6.736079e+00 -1.393552e+01
    endloop
  endfacet
  facet normal 3.029617e-01 9.047844e-01 2.992981e-01
    outer loop
      vertex   -1.585867e+01 6.736079e+00 -1.393552e+01
      vertex   -1.608523e+01 6.832890e+00 -1.399885e+01
      vertex   -1.609493e+01 6.811431e+00 -1.392416e+01
    endloop
  endfacet
  facet normal 2.955198e-01 8.656301e-01 4.041689e-01
    outer loop
      vertex   -1.585867e+01 6.736079e+00 -1.393552e+01
      vertex   -1.609493e+01 6.811431e+00 -1.392416e+01
      vertex   -1.482974e+01 6.341770e+00 -1.384334e+01
    endloop
  endfacet
  facet normal 2.637429e-01 8.025593e-01 5.351058e-01
    outer loop
      vertex   -1.482974e+01 6.341770e+00 -1.384334e+01
      vertex   -1.609493e+01 6.811431e+00 -1.392416e+01
      vertex   -1.611226e+01 6.773088e+00 -1.385810e+01
    endloop
  endfacet
  facet normal 2.594499e-01 7.904695e-01 5.548367e-01
    outer loop
      vertex   -1.482974e+01 6.341770e+00 -1.384334e+01
      vertex   -1.611226e+01 6.773088e+00 -1.385810e+01
      vertex   -1.484396e+01 6.310324e+00 -1.379189e+01
    endloop
  endfacet
  facet normal 2.231424e-01 7.075167e-01 6.705428e-01
    outer loop
      vertex   -1.484396e+01 6.310324e+00 -1.379189e+01
      vertex   -1.611226e+01 6.773088e+00 -1.385810e+01
      vertex   -1.486114e+01 6.272323e+00 -1.374608e+01
    endloop
  endfacet
  facet normal 1.945790e-01 6.504037e-01 7.342439e-01
    outer loop
      vertex   -1.486114e+01 6.272323e+00 -1.374608e+01
      vertex   -1.611226e+01 6.773088e+00 -1.385810e+01
      vertex   -1.613605e+01 6.720474e+00 -1.380520e+01
    endloop
  endfacet
  facet normal 1.788164e-01 6.104865e-01 7.715769e-01
    outer loop
      vertex   -1.486114e+01 6.272323e+00 -1.374608e+01
      vertex   -1.613605e+01 6.720474e+00 -1.380520e+01
      vertex   -1.488090e+01 6.228595e+00 -1.370690e+01
    endloop
  endfacet
  facet normal 1.292391e-01 5.008193e-01 8.558489e-01
    outer loop
      vertex   -1.488090e+01 6.228595e+00 -1.370690e+01
      vertex   -1.613605e+01 6.720474e+00 -1.380520e+01
      vertex   -1.490283e+01 6.180091e+00 -1.367520e+01
    endloop
  endfacet
  facet normal 1.068531e-01 4.563499e-01 8.833613e-01
    outer loop
      vertex   -1.490283e+01 6.180091e+00 -1.367520e+01
      vertex   -1.613605e+01 6.720474e+00 -1.380520e+01
      vertex   -1.616467e+01 6.657175e+00 -1.376903e+01
    endloop
  endfacet
  facet normal 7.548365e-02 3.808889e-01 9.215345e-01
    outer loop
      vertex   -1.490283e+01 6.180091e+00 -1.367520e+01
      vertex   -1.616467e+01 6.657175e+00 -1.376903e+01
      vertex   -1.492644e+01 6.127867e+00 -1.365168e+01
    endloop
  endfacet
  facet normal 1.694771e-02 2.540438e-01 9.670442e-01
    outer loop
      vertex   -1.492644e+01 6.127867e+00 -1.365168e+01
      vertex   -1.616467e+01 6.657175e+00 -1.376903e+01
      vertex   -1.495122e+01 6.073058e+00 -1.363685e+01
    endloop
  endfacet
  facet normal 6.535309e-03 2.336045e-01 9.723097e-01
    outer loop
      vertex   -1.495122e+01 6.073058e+00 -1.363685e+01
      vertex   -1.616467e+01 6.657175e+00 -1.376903e+01
      vertex   -1.619616e+01 6.587504e+00 -1.375208e+01
    endloop
  endfacet
  facet normal -5.137985e-02 9.827249e-02 9.938323e-01
    outer loop
      vertex   -1.495122e+01 6.073058e+00 -1.363685e+01
      vertex   -1.619616e+01 6.587504e+00 -1.375208e+01
      vertex   -1.598014e+01 6.467367e+00 -1.372904e+01
    endloop
  endfacet
  facet normal -1.059507e-01 2.517609e-04 9.943713e-01
    outer loop
      vertex   -1.598014e+01 6.467367e+00 -1.372904e+01
      vertex   -1.619616e+01 6.587504e+00 -1.375208e+01
      vertex   -1.622839e+01 6.516210e+00 -1.375550e+01
    endloop
  endfacet
  facet normal -1.176632e-01 -6.100847e-02 9.911778e-01
    outer loop
      vertex   -1.598014e+01 6.467367e+00 -1.372904e+01
      vertex   -1.622839e+01 6.516210e+00 -1.375550e+01
      vertex   -1.601230e+01 6.396242e+00 -1.373723e+01
    endloop
  endfacet
  facet normal -2.099464e-01 -2.336001e-01 9.493964e-01
    outer loop
      vertex   -1.601230e+01 6.396242e+00 -1.373723e+01
      vertex   -1.622839e+01 6.516210e+00 -1.375550e+01
      vertex   -1.625916e+01 6.448150e+00 -1.377905e+01
    endloop
  endfacet
  facet normal -2.166627e-01 -2.759957e-01 9.364207e-01
    outer loop
      vertex   -1.601230e+01 6.396242e+00 -1.373723e+01
      vertex   -1.625916e+01 6.448150e+00 -1.377905e+01
      vertex   -1.604268e+01 6.329038e+00 -1.376407e+01
    endloop
  endfacet
  facet normal -3.052207e-01 -4.491091e-01 8.397269e-01
    outer loop
      vertex   -1.604268e+01 6.329038e+00 -1.376407e+01
      vertex   -1.625916e+01 6.448150e+00 -1.377905e+01
      vertex   -1.628637e+01 6.387964e+00 -1.382113e+01
    endloop
  endfacet
  facet normal -3.076190e-01 -4.723083e-01 8.260118e-01
    outer loop
      vertex   -1.604268e+01 6.329038e+00 -1.376407e+01
      vertex   -1.628637e+01 6.387964e+00 -1.382113e+01
      vertex   -1.606948e+01 6.269747e+00 -1.380795e+01
    endloop
  endfacet
  facet normal -3.851639e-01 -6.316542e-01 6.728014e-01
    outer loop
      vertex   -1.606948e+01 6.269747e+00 -1.380795e+01
      vertex   -1.628637e+01 6.387964e+00 -1.382113e+01
      vertex   -1.630816e+01 6.339752e+00 -1.387887e+01
    endloop
  endfacet
  facet normal -3.852289e-01 -6.382190e-01 6.665397e-01
    outer loop
      vertex   -1.606948e+01 6.269747e+00 -1.380795e+01
      vertex   -1.630816e+01 6.339752e+00 -1.387887e+01
      vertex   -1.609111e+01 6.221893e+00 -1.386627e+01
    endloop
  endfacet
  facet normal -4.426019e-01 -7.651308e-01 4.676306e-01
    outer loop
      vertex   -1.609111e+01 6.221893e+00 -1.386627e+01
      vertex   -1.630816e+01 6.339752e+00 -1.387887e+01
      vertex   -1.610629e+01 6.188320e+00 -1.393557e+01
    endloop
  endfacet
  facet normal -4.465895e-01 -7.675302e-01 4.598426e-01
    outer loop
      vertex   -1.610629e+01 6.188320e+00 -1.393557e+01
      vertex   -1.630816e+01 6.339752e+00 -1.387887e+01
      vertex   -1.632306e+01 6.306800e+00 -1.394834e+01
    endloop
  endfacet
  facet normal -4.763638e-01 -8.455795e-01 2.409830e-01
    outer loop
      vertex   -1.610629e+01 6.188320e+00 -1.393557e+01
      vertex   -1.632306e+01 6.306800e+00 -1.394834e+01
      vertex   -1.611411e+01 6.171022e+00 -1.401173e+01
    endloop
  endfacet
  facet normal -4.852721e-01 -8.473908e-01 2.154992e-01
    outer loop
      vertex   -1.611411e+01 6.171022e+00 -1.401173e+01
      vertex   -1.632306e+01 6.306800e+00 -1.394834e+01
      vertex   -1.633004e+01 6.291355e+00 -1.402479e+01
    endloop
  endfacet
  facet normal -4.867863e-01 -8.735211e-01 -8.228965e-05
    outer loop
      vertex   -1.611411e+01 6.171022e+00 -1.401173e+01
      vertex   -1.633004e+01 6.291355e+00 -1.402479e+01
      vertex   -1.611411e+01 6.171028e+00 -1.409021e+01
    endloop
  endfacet
  facet normal -4.963134e-01 -8.670568e-01 -4.342178e-02
    outer loop
      vertex   -1.611411e+01 6.171028e+00 -1.409021e+01
      vertex   -1.633004e+01 6.291355e+00 -1.402479e+01
      vertex   -1.632863e+01 6.294468e+00 -1.410304e+01
    endloop
  endfacet
  facet normal -4.731334e-01 -8.473246e-01 -2.412173e-01
    outer loop
      vertex   -1.611411e+01 6.171028e+00 -1.409021e+01
      vertex   -1.632863e+01 6.294468e+00 -1.410304e+01
      vertex   -1.610628e+01 6.188337e+00 -1.416636e+01
    endloop
  endfacet
  facet normal -4.790949e-01 -8.251598e-01 -2.992981e-01
    outer loop
      vertex   -1.610628e+01 6.188337e+00 -1.416636e+01
      vertex   -1.632863e+01 6.294468e+00 -1.410304e+01
      vertex   -1.631893e+01 6.315927e+00 -1.417773e+01
    endloop
  endfacet
  facet normal -4.546173e-01 -7.937069e-01 -4.041689e-01
    outer loop
      vertex   -1.610628e+01 6.188337e+00 -1.416636e+01
      vertex   -1.631893e+01 6.315927e+00 -1.417773e+01
      vertex   -1.513054e+01 5.676394e+00 -1.425854e+01
    endloop
  endfacet
  facet normal -4.282614e-01 -7.281854e-01 -5.351058e-01
    outer loop
      vertex   -1.513054e+01 5.676394e+00 -1.425854e+01
      vertex   -1.631893e+01 6.315927e+00 -1.417773e+01
      vertex   -1.630160e+01 6.354270e+00 -1.424378e+01
    endloop
  endfacet
  facet normal -4.220214e-01 -7.169757e-01 -5.548367e-01
    outer loop
      vertex   -1.513054e+01 5.676394e+00 -1.425854e+01
      vertex   -1.630160e+01 6.354270e+00 -1.424378e+01
      vertex   -1.511632e+01 5.707840e+00 -1.430999e+01
    endloop
  endfacet
  facet normal -3.837328e-01 -6.349185e-01 -6.705428e-01
    outer loop
      vertex   -1.511632e+01 5.707840e+00 -1.430999e+01
      vertex   -1.630160e+01 6.354270e+00 -1.424378e+01
      vertex   -1.509914e+01 5.745840e+00 -1.435581e+01
    endloop
  endfacet
  facet normal -3.597266e-01 -5.757453e-01 -7.342439e-01
    outer loop
      vertex   -1.509914e+01 5.745840e+00 -1.435581e+01
      vertex   -1.630160e+01 6.354270e+00 -1.424378e+01
      vertex   -1.627781e+01 6.406883e+00 -1.429669e+01
    endloop
  endfacet
  facet normal 6.570331e-01 -6.796575e-01 3.261489e-01
    outer loop
      vertex   -1.438450e+01 5.739813e+00 -1.405094e+01
      vertex   -1.437765e+01 5.762626e+00 -1.401722e+01
      vertex   -1.438015e+01 5.777574e+00 -1.398102e+01
    endloop
  endfacet
  facet normal 9.432213e-01 -2.788632e-01 1.804684e-01
    outer loop
      vertex   -1.438015e+01 5.777574e+00 -1.398102e+01
      vertex   -1.437765e+01 5.762626e+00 -1.401722e+01
      vertex   -1.437659e+01 5.787812e+00 -1.398382e+01
    endloop
  endfacet
  facet normal 9.205081e-01 -2.348838e-01 3.122411e-01
    outer loop
      vertex   -1.438015e+01 5.777574e+00 -1.398102e+01
      vertex   -1.437659e+01 5.787812e+00 -1.398382e+01
      vertex   -1.438639e+01 5.800733e+00 -1.394522e+01
    endloop
  endfacet
  facet normal 9.309193e-01 -2.024014e-01 3.040113e-01
    outer loop
      vertex   -1.438639e+01 5.800733e+00 -1.394522e+01
      vertex   -1.437659e+01 5.787812e+00 -1.398382e+01
      vertex   -1.438135e+01 5.815129e+00 -1.395107e+01
    endloop
  endfacet
  facet normal 8.972092e-01 -1.445583e-01 4.172752e-01
    outer loop
      vertex   -1.438639e+01 5.800733e+00 -1.394522e+01
      vertex   -1.438135e+01 5.815129e+00 -1.395107e+01
      vertex   -1.439880e+01 5.826597e+00 -1.390957e+01
    endloop
  endfacet
  facet normal 9.015782e-01 -1.257880e-01 4.139254e-01
    outer loop
      vertex   -1.439880e+01 5.826597e+00 -1.390957e+01
      vertex   -1.438135e+01 5.815129e+00 -1.395107e+01
      vertex   -1.439187e+01 5.844314e+00 -1.391928e+01
    endloop
  endfacet
  facet normal 8.324534e-01 -2.217199e-02 5.536513e-01
    outer loop
      vertex   -1.439880e+01 5.826597e+00 -1.390957e+01
      vertex   -1.439187e+01 5.844314e+00 -1.391928e+01
      vertex   -1.442975e+01 5.907148e+00 -1.385980e+01
    endloop
  endfacet
  facet normal 8.303284e-01 -2.488387e-02 5.567186e-01
    outer loop
      vertex   -1.439880e+01 5.826597e+00 -1.390957e+01
      vertex   -1.442975e+01 5.907148e+00 -1.385980e+01
      vertex   -1.444289e+01 5.885385e+00 -1.384118e+01
    endloop
  endfacet
  facet normal 7.338079e-01 1.278871e-01 6.672113e-01
    outer loop
      vertex   -1.444289e+01 5.885385e+00 -1.384118e+01
      vertex   -1.442975e+01 5.907148e+00 -1.385980e+01
      vertex   -1.448879e+01 5.973899e+00 -1.380767e+01
    endloop
  endfacet
  facet normal 7.092642e-01 1.037793e-01 6.972618e-01
    outer loop
      vertex   -1.444289e+01 5.885385e+00 -1.384118e+01
      vertex   -1.448879e+01 5.973899e+00 -1.380767e+01
      vertex   -1.451182e+01 5.950850e+00 -1.378081e+01
    endloop
  endfacet
  facet normal 6.222240e-01 2.447358e-01 7.436005e-01
    outer loop
      vertex   -1.451182e+01 5.950850e+00 -1.378081e+01
      vertex   -1.448879e+01 5.973899e+00 -1.380767e+01
      vertex   -1.456671e+01 6.042003e+00 -1.376488e+01
    endloop
  endfacet
  facet normal 5.889909e-01 2.187149e-01 7.779804e-01
    outer loop
      vertex   -1.451182e+01 5.950850e+00 -1.378081e+01
      vertex   -1.456671e+01 6.042003e+00 -1.376488e+01
      vertex   -1.459597e+01 6.014866e+00 -1.373510e+01
    endloop
  endfacet
  facet normal 5.053798e-01 3.300536e-01 7.972803e-01
    outer loop
      vertex   -1.459597e+01 6.014866e+00 -1.373510e+01
      vertex   -1.456671e+01 6.042003e+00 -1.376488e+01
      vertex   -1.466052e+01 6.108841e+00 -1.373309e+01
    endloop
  endfacet
  facet normal 4.740933e-01 3.079750e-01 8.248557e-01
    outer loop
      vertex   -1.459597e+01 6.014866e+00 -1.373510e+01
      vertex   -1.466052e+01 6.108841e+00 -1.373309e+01
      vertex   -1.469312e+01 6.077269e+00 -1.370256e+01
    endloop
  endfacet
  facet normal 3.412078e-01 4.471101e-01 8.268433e-01
    outer loop
      vertex   -1.469312e+01 6.077269e+00 -1.370256e+01
      vertex   -1.466052e+01 6.108841e+00 -1.373309e+01
      vertex   -1.488090e+01 6.228595e+00 -1.370690e+01
    endloop
  endfacet
  facet normal 3.149483e-01 4.152860e-01 8.534314e-01
    outer loop
      vertex   -1.469312e+01 6.077269e+00 -1.370256e+01
      vertex   -1.488090e+01 6.228595e+00 -1.370690e+01
      vertex   -1.490283e+01 6.180091e+00 -1.367520e+01
    endloop
  endfacet
  facet normal 2.688157e-01 3.051975e-01 9.135604e-01
    outer loop
      vertex   -1.469312e+01 6.077269e+00 -1.370256e+01
      vertex   -1.490283e+01 6.180091e+00 -1.367520e+01
      vertex   -1.471550e+01 6.027762e+00 -1.367944e+01
    endloop
  endfacet
  facet normal 2.612268e-01 2.957174e-01 9.188644e-01
    outer loop
      vertex   -1.471550e+01 6.027762e+00 -1.367944e+01
      vertex   -1.490283e+01 6.180091e+00 -1.367520e+01
      vertex   -1.492644e+01 6.127867e+00 -1.365168e+01
    endloop
  endfacet
  facet normal 2.065182e-01 1.679446e-01 9.639216e-01
    outer loop
      vertex   -1.471550e+01 6.027762e+00 -1.367944e+01
      vertex   -1.492644e+01 6.127867e+00 -1.365168e+01
      vertex   -1.474211e+01 5.968904e+00 -1.366348e+01
    endloop
  endfacet
  facet normal 2.062648e-01 1.676429e-01 9.640283e-01
    outer loop
      vertex   -1.474211e+01 5.968904e+00 -1.366348e+01
      vertex   -1.492644e+01 6.127867e+00 -1.365168e+01
      vertex   -1.495122e+01 6.073058e+00 -1.363685e+01
    endloop
  endfacet
  facet normal 2.704161e-01 3.098660e-01 9.115142e-01
    outer loop
      vertex   -1.474211e+01 5.968904e+00 -1.366348e+01
      vertex   -1.495122e+01 6.073058e+00 -1.363685e+01
      vertex   -1.476002e+01 5.969964e+00 -1.365853e+01
    endloop
  endfacet
  facet normal 2.623067e-01 -6.616619e-02 9.627135e-01
    outer loop
      vertex   -1.476002e+01 5.969964e+00 -1.365853e+01
      vertex   -1.467736e+01 5.912245e+00 -1.368502e+01
      vertex   -1.474211e+01 5.968904e+00 -1.366348e+01
    endloop
  endfacet
  facet normal 3.616109e-01 5.958336e-02 9.304232e-01
    outer loop
      vertex   -1.474211e+01 5.968904e+00 -1.366348e+01
      vertex   -1.467736e+01 5.912245e+00 -1.368502e+01
      vertex   -1.464039e+01 5.916621e+00 -1.369967e+01
    endloop
  endfacet
  facet normal 3.714932e-01 8.274308e-02 9.247412e-01
    outer loop
      vertex   -1.474211e+01 5.968904e+00 -1.366348e+01
      vertex   -1.464039e+01 5.916621e+00 -1.369967e+01
      vertex   -1.471550e+01 6.027762e+00 -1.367944e+01
    endloop
  endfacet
  facet normal 3.714932e-01 8.274308e-02 9.247412e-01
    outer loop
      vertex   -1.471550e+01 6.027762e+00 -1.367944e+01
      vertex   -1.464039e+01 5.916621e+00 -1.369967e+01
      vertex   -1.461626e+01 5.969982e+00 -1.371413e+01
    endloop
  endfacet
  facet normal 4.312465e-01 2.144045e-01 8.763887e-01
    outer loop
      vertex   -1.471550e+01 6.027762e+00 -1.367944e+01
      vertex   -1.461626e+01 5.969982e+00 -1.371413e+01
      vertex   -1.469312e+01 6.077269e+00 -1.370256e+01
    endloop
  endfacet
  facet normal 4.312465e-01 2.144045e-01 8.763887e-01
    outer loop
      vertex   -1.469312e+01 6.077269e+00 -1.370256e+01
      vertex   -1.461626e+01 5.969982e+00 -1.371413e+01
      vertex   -1.459597e+01 6.014866e+00 -1.373510e+01
    endloop
  endfacet
  facet normal 3.773949e-01 -1.105777e-01 9.194268e-01
    outer loop
      vertex   -1.467736e+01 5.912245e+00 -1.368502e+01
      vertex   -1.460789e+01 5.853494e+00 -1.372060e+01
      vertex   -1.464039e+01 5.916621e+00 -1.369967e+01
    endloop
  endfacet
  facet normal 4.666786e-01 -5.249063e-02 8.828680e-01
    outer loop
      vertex   -1.464039e+01 5.916621e+00 -1.369967e+01
      vertex   -1.460789e+01 5.853494e+00 -1.372060e+01
      vertex   -1.454981e+01 5.866825e+00 -1.375051e+01
    endloop
  endfacet
  facet normal 4.944568e-01 1.207632e-02 8.691183e-01
    outer loop
      vertex   -1.464039e+01 5.916621e+00 -1.369967e+01
      vertex   -1.454981e+01 5.866825e+00 -1.375051e+01
      vertex   -1.461626e+01 5.969982e+00 -1.371413e+01
    endloop
  endfacet
  facet normal 4.944568e-01 1.207632e-02 8.691183e-01
    outer loop
      vertex   -1.461626e+01 5.969982e+00 -1.371413e+01
      vertex   -1.454981e+01 5.866825e+00 -1.375051e+01
      vertex   -1.452917e+01 5.912463e+00 -1.376288e+01
    endloop
  endfacet
  facet normal 5.506724e-01 1.357615e-01 8.236071e-01
    outer loop
      vertex   -1.461626e+01 5.969982e+00 -1.371413e+01
      vertex   -1.452917e+01 5.912463e+00 -1.376288e+01
      vertex   -1.459597e+01 6.014866e+00 -1.373510e+01
    endloop
  endfacet
  facet normal 5.506724e-01 1.357615e-01 8.236071e-01
    outer loop
      vertex   -1.459597e+01 6.014866e+00 -1.373510e+01
      vertex   -1.452917e+01 5.912463e+00 -1.376288e+01
      vertex   -1.451182e+01 5.950850e+00 -1.378081e+01
    endloop
  endfacet
  facet normal 4.835254e-01 -1.892497e-01 8.546273e-01
    outer loop
      vertex   -1.460789e+01 5.853494e+00 -1.372060e+01
      vertex   -1.455360e+01 5.795481e+00 -1.376416e+01
      vertex   -1.454981e+01 5.866825e+00 -1.375051e+01
    endloop
  endfacet
  facet normal 5.890884e-01 -1.819872e-01 7.873090e-01
    outer loop
      vertex   -1.454981e+01 5.866825e+00 -1.375051e+01
      vertex   -1.455360e+01 5.795481e+00 -1.376416e+01
      vertex   -1.449080e+01 5.779407e+00 -1.381486e+01
    endloop
  endfacet
  facet normal 5.690053e-01 -2.026568e-01 7.969712e-01
    outer loop
      vertex   -1.454981e+01 5.866825e+00 -1.375051e+01
      vertex   -1.449080e+01 5.779407e+00 -1.381486e+01
      vertex   -1.447238e+01 5.820139e+00 -1.381765e+01
    endloop
  endfacet
  facet normal 7.142373e-01 -2.789290e-01 6.419219e-01
    outer loop
      vertex   -1.447238e+01 5.820139e+00 -1.381765e+01
      vertex   -1.449080e+01 5.779407e+00 -1.381486e+01
      vertex   -1.443109e+01 5.755171e+00 -1.389183e+01
    endloop
  endfacet
  facet normal 7.142373e-01 -2.789290e-01 6.419219e-01
    outer loop
      vertex   -1.447238e+01 5.820139e+00 -1.381765e+01
      vertex   -1.443109e+01 5.755171e+00 -1.389183e+01
      vertex   -1.441868e+01 5.782624e+00 -1.389371e+01
    endloop
  endfacet
  facet normal 8.108971e-01 -3.336630e-01 4.807442e-01
    outer loop
      vertex   -1.441868e+01 5.782624e+00 -1.389371e+01
      vertex   -1.443109e+01 5.755171e+00 -1.389183e+01
      vertex   -1.441053e+01 5.747317e+00 -1.393195e+01
    endloop
  endfacet
  facet normal 8.108971e-01 -3.336630e-01 4.807442e-01
    outer loop
      vertex   -1.441868e+01 5.782624e+00 -1.389371e+01
      vertex   -1.441053e+01 5.747317e+00 -1.393195e+01
      vertex   -1.440125e+01 5.767847e+00 -1.393336e+01
    endloop
  endfacet
  facet normal 8.610932e-01 -3.650391e-01 3.539278e-01
    outer loop
      vertex   -1.440125e+01 5.767847e+00 -1.393336e+01
      vertex   -1.441053e+01 5.747317e+00 -1.393195e+01
      vertex   -1.439612e+01 5.742246e+00 -1.397225e+01
    endloop
  endfacet
  facet normal 8.610932e-01 -3.650391e-01 3.539278e-01
    outer loop
      vertex   -1.440125e+01 5.767847e+00 -1.393336e+01
      vertex   -1.439612e+01 5.742246e+00 -1.397225e+01
      vertex   -1.438998e+01 5.755824e+00 -1.397317e+01
    endloop
  endfacet
  facet normal 9.051664e-01 -3.992026e-01 1.459831e-01
    outer loop
      vertex   -1.438998e+01 5.755824e+00 -1.397317e+01
      vertex   -1.439612e+01 5.742246e+00 -1.397225e+01
      vertex   -1.438450e+01 5.739813e+00 -1.405094e+01
    endloop
  endfacet
  facet normal 5.338089e-01 -3.469706e-01 7.711417e-01
    outer loop
      vertex   -1.455360e+01 5.795481e+00 -1.376416e+01
      vertex   -1.451465e+01 5.736892e+00 -1.381749e+01
      vertex   -1.449080e+01 5.779407e+00 -1.381486e+01
    endloop
  endfacet
  facet normal 5.913488e-01 -3.756986e-01 7.135525e-01
    outer loop
      vertex   -1.449080e+01 5.779407e+00 -1.381486e+01
      vertex   -1.451465e+01 5.736892e+00 -1.381749e+01
      vertex   -1.451098e+01 5.734770e+00 -1.382164e+01
    endloop
  endfacet
  facet normal 6.611110e-01 -3.956814e-01 6.374704e-01
    outer loop
      vertex   -1.449080e+01 5.779407e+00 -1.381486e+01
      vertex   -1.451098e+01 5.734770e+00 -1.382164e+01
      vertex   -1.444469e+01 5.725087e+00 -1.389640e+01
    endloop
  endfacet
  facet normal 6.542646e-01 -4.128644e-01 6.336251e-01
    outer loop
      vertex   -1.444469e+01 5.725087e+00 -1.389640e+01
      vertex   -1.451098e+01 5.734770e+00 -1.382164e+01
      vertex   -1.450234e+01 5.707754e+00 -1.384816e+01
    endloop
  endfacet
  facet normal 6.345913e-01 -5.202367e-01 5.715309e-01
    outer loop
      vertex   -1.444469e+01 5.725087e+00 -1.389640e+01
      vertex   -1.450234e+01 5.707754e+00 -1.384816e+01
      vertex   -1.445864e+01 5.694213e+00 -1.390901e+01
    endloop
  endfacet
  facet normal 6.316204e-01 -5.250069e-01 5.704590e-01
    outer loop
      vertex   -1.445864e+01 5.694213e+00 -1.390901e+01
      vertex   -1.450234e+01 5.707754e+00 -1.384816e+01
      vertex   -1.449600e+01 5.679518e+00 -1.388118e+01
    endloop
  endfacet
  facet normal 6.078731e-01 -6.302019e-01 4.830484e-01
    outer loop
      vertex   -1.445864e+01 5.694213e+00 -1.390901e+01
      vertex   -1.449600e+01 5.679518e+00 -1.388118e+01
      vertex   -1.447175e+01 5.665216e+00 -1.393034e+01
    endloop
  endfacet
  facet normal 5.991851e-01 -6.396311e-01 4.815074e-01
    outer loop
      vertex   -1.447175e+01 5.665216e+00 -1.393034e+01
      vertex   -1.449600e+01 5.679518e+00 -1.388118e+01
      vertex   -1.449639e+01 5.652863e+00 -1.391610e+01
    endloop
  endfacet
  facet normal 5.803430e-01 -7.212478e-01 3.781582e-01
    outer loop
      vertex   -1.447175e+01 5.665216e+00 -1.393034e+01
      vertex   -1.449639e+01 5.652863e+00 -1.391610e+01
      vertex   -1.448266e+01 5.641079e+00 -1.395963e+01
    endloop
  endfacet
  facet normal 5.615787e-01 -7.368232e-01 3.764585e-01
    outer loop
      vertex   -1.448266e+01 5.641079e+00 -1.395963e+01
      vertex   -1.449639e+01 5.652863e+00 -1.391610e+01
      vertex   -1.450399e+01 5.628748e+00 -1.395195e+01
    endloop
  endfacet
  facet normal 5.519525e-01 -7.918521e-01 2.613784e-01
    outer loop
      vertex   -1.448266e+01 5.641079e+00 -1.395963e+01
      vertex   -1.450399e+01 5.628748e+00 -1.395195e+01
      vertex   -1.449027e+01 5.624255e+00 -1.399454e+01
    endloop
  endfacet
  facet normal 5.264743e-01 -8.109895e-01 2.551877e-01
    outer loop
      vertex   -1.449027e+01 5.624255e+00 -1.399454e+01
      vertex   -1.450399e+01 5.628748e+00 -1.395195e+01
      vertex   -1.451870e+01 5.607967e+00 -1.398765e+01
    endloop
  endfacet
  facet normal 5.172181e-01 -8.447939e-01 1.371449e-01
    outer loop
      vertex   -1.449027e+01 5.624255e+00 -1.399454e+01
      vertex   -1.451870e+01 5.607967e+00 -1.398765e+01
      vertex   -1.449405e+01 5.615905e+00 -1.403174e+01
    endloop
  endfacet
  facet normal 4.932179e-01 -8.614889e-01 1.207188e-01
    outer loop
      vertex   -1.449405e+01 5.615905e+00 -1.403174e+01
      vertex   -1.451870e+01 5.607967e+00 -1.398765e+01
      vertex   -1.453989e+01 5.590995e+00 -1.402220e+01
    endloop
  endfacet
  facet normal 4.716200e-01 -8.811338e-01 -3.432046e-02
    outer loop
      vertex   -1.449405e+01 5.615905e+00 -1.403174e+01
      vertex   -1.453989e+01 5.590995e+00 -1.402220e+01
      vertex   -1.456646e+01 5.578038e+00 -1.405469e+01
    endloop
  endfacet
  facet normal 4.835259e-01 -5.295986e-01 6.969419e-01
    outer loop
      vertex   -1.451465e+01 5.736892e+00 -1.381749e+01
      vertex   -1.450234e+01 5.707754e+00 -1.384816e+01
      vertex   -1.451098e+01 5.734770e+00 -1.382164e+01
    endloop
  endfacet
  facet normal 2.089004e-01 -9.745822e-01 8.093295e-02
    outer loop
      vertex   -1.459738e+01 5.568913e+00 -1.408476e+01
      vertex   -1.458437e+01 5.572423e+00 -1.407609e+01
      vertex   -1.456646e+01 5.578038e+00 -1.405469e+01
    endloop
  endfacet
  facet normal 4.382383e-01 -8.888938e-01 -1.334730e-01
    outer loop
      vertex   -1.456646e+01 5.578038e+00 -1.405469e+01
      vertex   -1.458437e+01 5.572423e+00 -1.407609e+01
      vertex   -1.449415e+01 5.615671e+00 -1.406789e+01
    endloop
  endfacet
  facet normal 4.622737e-01 -8.867264e-01 4.394657e-03
    outer loop
      vertex   -1.456646e+01 5.578038e+00 -1.405469e+01
      vertex   -1.449415e+01 5.615671e+00 -1.406789e+01
      vertex   -1.449405e+01 5.615905e+00 -1.403174e+01
    endloop
  endfacet
  facet normal 5.994590e-01 -8.003981e-01 3.432750e-03
    outer loop
      vertex   -1.449405e+01 5.615905e+00 -1.403174e+01
      vertex   -1.449415e+01 5.615671e+00 -1.406789e+01
      vertex   -1.445770e+01 5.642992e+00 -1.406362e+01
    endloop
  endfacet
  facet normal 5.994590e-01 -8.003981e-01 3.432750e-03
    outer loop
      vertex   -1.449405e+01 5.615905e+00 -1.403174e+01
      vertex   -1.445770e+01 5.642992e+00 -1.406362e+01
      vertex   -1.445762e+01 5.643168e+00 -1.403658e+01
    endloop
  endfacet
  facet normal 7.054578e-01 -7.087474e-01 2.527750e-03
    outer loop
      vertex   -1.445762e+01 5.643168e+00 -1.403658e+01
      vertex   -1.445770e+01 5.642992e+00 -1.406362e+01
      vertex   -1.442731e+01 5.673248e+00 -1.405932e+01
    endloop
  endfacet
  facet normal 7.054578e-01 -7.087474e-01 2.527750e-03
    outer loop
      vertex   -1.445762e+01 5.643168e+00 -1.403658e+01
      vertex   -1.442731e+01 5.673248e+00 -1.405932e+01
      vertex   -1.442726e+01 5.673364e+00 -1.404144e+01
    endloop
  endfacet
  facet normal 8.410089e-01 -5.410202e-01 1.042825e-03
    outer loop
      vertex   -1.442726e+01 5.673364e+00 -1.404144e+01
      vertex   -1.442731e+01 5.673248e+00 -1.405932e+01
      vertex   -1.438450e+01 5.739813e+00 -1.405094e+01
    endloop
  endfacet
  facet normal 3.493623e-01 -9.248884e-01 -1.500913e-01
    outer loop
      vertex   -1.458437e+01 5.572423e+00 -1.407609e+01
      vertex   -1.459738e+01 5.568913e+00 -1.408476e+01
      vertex   -1.458009e+01 5.581885e+00 -1.412444e+01
    endloop
  endfacet
  facet normal 2.523071e-01 -9.468452e-01 -1.995626e-01
    outer loop
      vertex   -1.458009e+01 5.581885e+00 -1.412444e+01
      vertex   -1.459738e+01 5.568913e+00 -1.408476e+01
      vertex   -1.466833e+01 5.560980e+00 -1.413682e+01
    endloop
  endfacet
  facet normal 2.604544e-01 -9.123481e-01 -3.158869e-01
    outer loop
      vertex   -1.458009e+01 5.581885e+00 -1.412444e+01
      vertex   -1.466833e+01 5.560980e+00 -1.413682e+01
      vertex   -1.457271e+01 5.598205e+00 -1.416549e+01
    endloop
  endfacet
  facet normal 2.515922e-01 -9.068035e-01 -3.382437e-01
    outer loop
      vertex   -1.457271e+01 5.598205e+00 -1.416549e+01
      vertex   -1.466833e+01 5.560980e+00 -1.413682e+01
      vertex   -1.467901e+01 5.581011e+00 -1.419846e+01
    endloop
  endfacet
  facet normal 2.758262e-01 -8.520265e-01 -4.449391e-01
    outer loop
      vertex   -1.457271e+01 5.598205e+00 -1.416549e+01
      vertex   -1.467901e+01 5.581011e+00 -1.419846e+01
      vertex   -1.456352e+01 5.618551e+00 -1.419875e+01
    endloop
  endfacet
  facet normal 2.758262e-01 -8.520265e-01 -4.449391e-01
    outer loop
      vertex   -1.456352e+01 5.618551e+00 -1.419875e+01
      vertex   -1.467901e+01 5.581011e+00 -1.419846e+01
      vertex   -1.466717e+01 5.607213e+00 -1.424130e+01
    endloop
  endfacet
  facet normal 3.089016e-01 -7.795784e-01 -5.448278e-01
    outer loop
      vertex   -1.456352e+01 5.618551e+00 -1.419875e+01
      vertex   -1.466717e+01 5.607213e+00 -1.424130e+01
      vertex   -1.455352e+01 5.640668e+00 -1.422473e+01
    endloop
  endfacet
  facet normal 3.089016e-01 -7.795784e-01 -5.448278e-01
    outer loop
      vertex   -1.455352e+01 5.640668e+00 -1.422473e+01
      vertex   -1.466717e+01 5.607213e+00 -1.424130e+01
      vertex   -1.465429e+01 5.635696e+00 -1.427475e+01
    endloop
  endfacet
  facet normal 3.345390e-01 -7.251297e-01 -6.018892e-01
    outer loop
      vertex   -1.455352e+01 5.640668e+00 -1.422473e+01
      vertex   -1.465429e+01 5.635696e+00 -1.427475e+01
      vertex   -1.462913e+01 5.663460e+00 -1.429422e+01
    endloop
  endfacet
  facet normal 2.044665e-01 -6.793626e-01 -7.047410e-01
    outer loop
      vertex   -1.462913e+01 5.663460e+00 -1.429422e+01
      vertex   -1.465429e+01 5.635696e+00 -1.427475e+01
      vertex   -1.473173e+01 5.676965e+00 -1.433700e+01
    endloop
  endfacet
  facet normal 1.680624e-01 -7.123979e-01 -6.813547e-01
    outer loop
      vertex   -1.473173e+01 5.676965e+00 -1.433700e+01
      vertex   -1.465429e+01 5.635696e+00 -1.427475e+01
      vertex   -1.476255e+01 5.646379e+00 -1.431263e+01
    endloop
  endfacet
  facet normal 5.881750e-02 -6.577622e-01 -7.509257e-01
    outer loop
      vertex   -1.473173e+01 5.676965e+00 -1.433700e+01
      vertex   -1.476255e+01 5.646379e+00 -1.431263e+01
      vertex   -1.484388e+01 5.703233e+00 -1.436880e+01
    endloop
  endfacet
  facet normal 2.580299e-02 -6.836633e-01 -7.293413e-01
    outer loop
      vertex   -1.484388e+01 5.703233e+00 -1.436880e+01
      vertex   -1.476255e+01 5.646379e+00 -1.431263e+01
      vertex   -1.487686e+01 5.670823e+00 -1.433958e+01
    endloop
  endfacet
  facet normal -1.273784e-01 -5.894236e-01 -7.977183e-01
    outer loop
      vertex   -1.484388e+01 5.703233e+00 -1.436880e+01
      vertex   -1.487686e+01 5.670823e+00 -1.433958e+01
      vertex   -1.507937e+01 5.789568e+00 -1.439498e+01
    endloop
  endfacet
  facet normal -1.531381e-01 -6.201422e-01 -7.693975e-01
    outer loop
      vertex   -1.507937e+01 5.789568e+00 -1.439498e+01
      vertex   -1.487686e+01 5.670823e+00 -1.433958e+01
      vertex   -1.509914e+01 5.745840e+00 -1.435581e+01
    endloop
  endfacet
  facet normal -1.902058e-01 -7.101786e-01 -6.778408e-01
    outer loop
      vertex   -1.509914e+01 5.745840e+00 -1.435581e+01
      vertex   -1.487686e+01 5.670823e+00 -1.433958e+01
      vertex   -1.489347e+01 5.634090e+00 -1.429644e+01
    endloop
  endfacet
  facet normal -1.966591e-01 -7.171467e-01 -6.685999e-01
    outer loop
      vertex   -1.509914e+01 5.745840e+00 -1.435581e+01
      vertex   -1.489347e+01 5.634090e+00 -1.429644e+01
      vertex   -1.511632e+01 5.707840e+00 -1.430999e+01
    endloop
  endfacet
  facet normal -2.239581e-01 -7.833286e-01 -5.798613e-01
    outer loop
      vertex   -1.511632e+01 5.707840e+00 -1.430999e+01
      vertex   -1.489347e+01 5.634090e+00 -1.429644e+01
      vertex   -1.493640e+01 5.603750e+00 -1.423887e+01
    endloop
  endfacet
  facet normal -2.419876e-01 -7.966976e-01 -5.538185e-01
    outer loop
      vertex   -1.511632e+01 5.707840e+00 -1.430999e+01
      vertex   -1.493640e+01 5.603750e+00 -1.423887e+01
      vertex   -1.513054e+01 5.676394e+00 -1.425854e+01
    endloop
  endfacet
  facet normal 1.296380e-01 -9.362061e-01 -3.266682e-01
    outer loop
      vertex   -1.466833e+01 5.560980e+00 -1.413682e+01
      vertex   -1.474865e+01 5.564671e+00 -1.417927e+01
      vertex   -1.467901e+01 5.581011e+00 -1.419846e+01
    endloop
  endfacet
  facet normal 8.710452e-02 -8.920705e-01 -4.434220e-01
    outer loop
      vertex   -1.467901e+01 5.581011e+00 -1.419846e+01
      vertex   -1.474865e+01 5.564671e+00 -1.417927e+01
      vertex   -1.479146e+01 5.582440e+00 -1.422343e+01
    endloop
  endfacet
  facet normal 9.983990e-02 -8.608339e-01 -4.989959e-01
    outer loop
      vertex   -1.467901e+01 5.581011e+00 -1.419846e+01
      vertex   -1.479146e+01 5.582440e+00 -1.422343e+01
      vertex   -1.466717e+01 5.607213e+00 -1.424130e+01
    endloop
  endfacet
  facet normal 9.983990e-02 -8.608339e-01 -4.989959e-01
    outer loop
      vertex   -1.466717e+01 5.607213e+00 -1.424130e+01
      vertex   -1.479146e+01 5.582440e+00 -1.422343e+01
      vertex   -1.477761e+01 5.613077e+00 -1.427351e+01
    endloop
  endfacet
  facet normal 1.368483e-01 -7.796361e-01 -6.110975e-01
    outer loop
      vertex   -1.466717e+01 5.607213e+00 -1.424130e+01
      vertex   -1.477761e+01 5.613077e+00 -1.427351e+01
      vertex   -1.465429e+01 5.635696e+00 -1.427475e+01
    endloop
  endfacet
  facet normal 1.368483e-01 -7.796361e-01 -6.110975e-01
    outer loop
      vertex   -1.465429e+01 5.635696e+00 -1.427475e+01
      vertex   -1.477761e+01 5.613077e+00 -1.427351e+01
      vertex   -1.476255e+01 5.646379e+00 -1.431263e+01
    endloop
  endfacet
  facet normal -9.844559e-03 -9.309253e-01 -3.650768e-01
    outer loop
      vertex   -1.474865e+01 5.564671e+00 -1.417927e+01
      vertex   -1.483921e+01 5.579137e+00 -1.421372e+01
      vertex   -1.479146e+01 5.582440e+00 -1.422343e+01
    endloop
  endfacet
  facet normal -4.891115e-02 -8.473639e-01 -5.287553e-01
    outer loop
      vertex   -1.479146e+01 5.582440e+00 -1.422343e+01
      vertex   -1.483921e+01 5.579137e+00 -1.421372e+01
      vertex   -1.490874e+01 5.600298e+00 -1.424120e+01
    endloop
  endfacet
  facet normal -4.837883e-02 -8.460328e-01 -5.309313e-01
    outer loop
      vertex   -1.479146e+01 5.582440e+00 -1.422343e+01
      vertex   -1.490874e+01 5.600298e+00 -1.424120e+01
      vertex   -1.477761e+01 5.613077e+00 -1.427351e+01
    endloop
  endfacet
  facet normal -4.837883e-02 -8.460328e-01 -5.309313e-01
    outer loop
      vertex   -1.477761e+01 5.613077e+00 -1.427351e+01
      vertex   -1.490874e+01 5.600298e+00 -1.424120e+01
      vertex   -1.489347e+01 5.634090e+00 -1.429644e+01
    endloop
  endfacet
  facet normal -9.097890e-03 -7.596571e-01 -6.502602e-01
    outer loop
      vertex   -1.477761e+01 5.613077e+00 -1.427351e+01
      vertex   -1.489347e+01 5.634090e+00 -1.429644e+01
      vertex   -1.476255e+01 5.646379e+00 -1.431263e+01
    endloop
  endfacet
  facet normal -9.097890e-03 -7.596571e-01 -6.502602e-01
    outer loop
      vertex   -1.476255e+01 5.646379e+00 -1.431263e+01
      vertex   -1.489347e+01 5.634090e+00 -1.429644e+01
      vertex   -1.487686e+01 5.670823e+00 -1.433958e+01
    endloop
  endfacet
  facet normal -1.448773e-01 -9.266260e-01 -3.469508e-01
    outer loop
      vertex   -1.483921e+01 5.579137e+00 -1.421372e+01
      vertex   -1.493640e+01 5.603750e+00 -1.423887e+01
      vertex   -1.490874e+01 5.600298e+00 -1.424120e+01
    endloop
  endfacet
  facet normal -1.488848e-01 -8.246745e-01 -5.456604e-01
    outer loop
      vertex   -1.490874e+01 5.600298e+00 -1.424120e+01
      vertex   -1.493640e+01 5.603750e+00 -1.423887e+01
      vertex   -1.489347e+01 5.634090e+00 -1.429644e+01
    endloop
  endfacet
  facet normal 3.620205e-01 -6.945233e-01 -6.217544e-01
    outer loop
      vertex   -1.462913e+01 5.663460e+00 -1.429422e+01
      vertex   -1.454002e+01 5.663238e+00 -1.424208e+01
      vertex   -1.455352e+01 5.640668e+00 -1.422473e+01
    endloop
  endfacet
  facet normal 5.282661e-01 -6.930591e-01 -4.905140e-01
    outer loop
      vertex   -1.455352e+01 5.640668e+00 -1.422473e+01
      vertex   -1.454002e+01 5.663238e+00 -1.424208e+01
      vertex   -1.447336e+01 5.661665e+00 -1.416807e+01
    endloop
  endfacet
  facet normal 5.048201e-01 -7.434562e-01 -4.386679e-01
    outer loop
      vertex   -1.455352e+01 5.640668e+00 -1.422473e+01
      vertex   -1.447336e+01 5.661665e+00 -1.416807e+01
      vertex   -1.456352e+01 5.618551e+00 -1.419875e+01
    endloop
  endfacet
  facet normal 5.048201e-01 -7.434562e-01 -4.386679e-01
    outer loop
      vertex   -1.456352e+01 5.618551e+00 -1.419875e+01
      vertex   -1.447336e+01 5.661665e+00 -1.416807e+01
      vertex   -1.448010e+01 5.646759e+00 -1.415056e+01
    endloop
  endfacet
  facet normal 4.781465e-01 -8.018691e-01 -3.583042e-01
    outer loop
      vertex   -1.456352e+01 5.618551e+00 -1.419875e+01
      vertex   -1.448010e+01 5.646759e+00 -1.415056e+01
      vertex   -1.457271e+01 5.598205e+00 -1.416549e+01
    endloop
  endfacet
  facet normal 4.781465e-01 -8.018691e-01 -3.583042e-01
    outer loop
      vertex   -1.457271e+01 5.598205e+00 -1.416549e+01
      vertex   -1.448010e+01 5.646759e+00 -1.415056e+01
      vertex   -1.448630e+01 5.633047e+00 -1.412815e+01
    endloop
  endfacet
  facet normal 4.548992e-01 -8.525965e-01 -2.571884e-01
    outer loop
      vertex   -1.457271e+01 5.598205e+00 -1.416549e+01
      vertex   -1.448630e+01 5.633047e+00 -1.412815e+01
      vertex   -1.458009e+01 5.581885e+00 -1.412444e+01
    endloop
  endfacet
  facet normal 4.548992e-01 -8.525965e-01 -2.571884e-01
    outer loop
      vertex   -1.458009e+01 5.581885e+00 -1.412444e+01
      vertex   -1.448630e+01 5.633047e+00 -1.412815e+01
      vertex   -1.449127e+01 5.622048e+00 -1.410048e+01
    endloop
  endfacet
  facet normal 4.382630e-01 -8.886311e-01 -1.351308e-01
    outer loop
      vertex   -1.458009e+01 5.581885e+00 -1.412444e+01
      vertex   -1.449127e+01 5.622048e+00 -1.410048e+01
      vertex   -1.458437e+01 5.572423e+00 -1.407609e+01
    endloop
  endfacet
  facet normal 4.382630e-01 -8.886311e-01 -1.351308e-01
    outer loop
      vertex   -1.458437e+01 5.572423e+00 -1.407609e+01
      vertex   -1.449127e+01 5.622048e+00 -1.410048e+01
      vertex   -1.449415e+01 5.615671e+00 -1.406789e+01
    endloop
  endfacet
  facet normal 5.306714e-01 -6.897273e-01 -4.926096e-01
    outer loop
      vertex   -1.454002e+01 5.663238e+00 -1.424208e+01
      vertex   -1.446782e+01 5.676306e+00 -1.418260e+01
      vertex   -1.447336e+01 5.661665e+00 -1.416807e+01
    endloop
  endfacet
  facet normal 6.717558e-01 -6.341654e-01 -3.828557e-01
    outer loop
      vertex   -1.447336e+01 5.661665e+00 -1.416807e+01
      vertex   -1.446782e+01 5.676306e+00 -1.418260e+01
      vertex   -1.443896e+01 5.687686e+00 -1.415081e+01
    endloop
  endfacet
  facet normal 6.712138e-01 -6.444702e-01 -3.662378e-01
    outer loop
      vertex   -1.447336e+01 5.661665e+00 -1.416807e+01
      vertex   -1.443896e+01 5.687686e+00 -1.415081e+01
      vertex   -1.444215e+01 5.677389e+00 -1.413853e+01
    endloop
  endfacet
  facet normal 7.592895e-01 -5.820542e-01 -2.910194e-01
    outer loop
      vertex   -1.444215e+01 5.677389e+00 -1.413853e+01
      vertex   -1.443896e+01 5.687686e+00 -1.415081e+01
      vertex   -1.441531e+01 5.702162e+00 -1.411806e+01
    endloop
  endfacet
  facet normal 7.548775e-01 -6.012661e-01 -2.619907e-01
    outer loop
      vertex   -1.444215e+01 5.677389e+00 -1.413853e+01
      vertex   -1.441531e+01 5.702162e+00 -1.411806e+01
      vertex   -1.441703e+01 5.695997e+00 -1.410887e+01
    endloop
  endfacet
  facet normal 8.369247e-01 -5.139961e-01 -1.880560e-01
    outer loop
      vertex   -1.441703e+01 5.695997e+00 -1.410887e+01
      vertex   -1.441531e+01 5.702162e+00 -1.411806e+01
      vertex   -1.439710e+01 5.719593e+00 -1.408466e+01
    endloop
  endfacet
  facet normal 6.252861e-01 -7.498834e-01 2.160837e-01
    outer loop
      vertex   -1.441703e+01 5.695997e+00 -1.410887e+01
      vertex   -1.439710e+01 5.719593e+00 -1.408466e+01
      vertex   -1.438450e+01 5.739813e+00 -1.405094e+01
    endloop
  endfacet
  facet normal 8.574929e-01 -5.047444e-01 -9.969448e-02
    outer loop
      vertex   -1.441703e+01 5.695997e+00 -1.410887e+01
      vertex   -1.438450e+01 5.739813e+00 -1.405094e+01
      vertex   -1.442036e+01 5.688625e+00 -1.410021e+01
    endloop
  endfacet
  facet normal 8.514514e-01 -5.180690e-01 -8.145504e-02
    outer loop
      vertex   -1.442036e+01 5.688625e+00 -1.410021e+01
      vertex   -1.438450e+01 5.739813e+00 -1.405094e+01
      vertex   -1.442343e+01 5.681842e+00 -1.408913e+01
    endloop
  endfacet
  facet normal 8.461889e-01 -5.296635e-01 -5.848867e-02
    outer loop
      vertex   -1.442343e+01 5.681842e+00 -1.408913e+01
      vertex   -1.438450e+01 5.739813e+00 -1.405094e+01
      vertex   -1.442589e+01 5.676402e+00 -1.407544e+01
    endloop
  endfacet
  facet normal 8.424287e-01 -5.379301e-01 -3.074285e-02
    outer loop
      vertex   -1.442589e+01 5.676402e+00 -1.407544e+01
      vertex   -1.438450e+01 5.739813e+00 -1.405094e+01
      vertex   -1.442731e+01 5.673248e+00 -1.405932e+01
    endloop
  endfacet
  facet normal 8.426980e-01 -5.372424e-01 3.508084e-02
    outer loop
      vertex   -1.442726e+01 5.673364e+00 -1.404144e+01
      vertex   -1.438450e+01 5.739813e+00 -1.405094e+01
      vertex   -1.442540e+01 5.677494e+00 -1.402305e+01
    endloop
  endfacet
  facet normal 8.479215e-01 -5.256642e-01 6.860322e-02
    outer loop
      vertex   -1.442540e+01 5.677494e+00 -1.402305e+01
      vertex   -1.438450e+01 5.739813e+00 -1.405094e+01
      vertex   -1.442163e+01 5.685815e+00 -1.400578e+01
    endloop
  endfacet
  facet normal 8.565217e-01 -5.066399e-01 9.841994e-02
    outer loop
      vertex   -1.442163e+01 5.685815e+00 -1.400578e+01
      vertex   -1.438450e+01 5.739813e+00 -1.405094e+01
      vertex   -1.441624e+01 5.697753e+00 -1.399129e+01
    endloop
  endfacet
  facet normal 8.677173e-01 -4.818987e-01 1.218213e-01
    outer loop
      vertex   -1.441624e+01 5.697753e+00 -1.399129e+01
      vertex   -1.438450e+01 5.739813e+00 -1.405094e+01
      vertex   -1.440975e+01 5.712095e+00 -1.398074e+01
    endloop
  endfacet
  facet normal 8.803256e-01 -4.540500e-01 1.373516e-01
    outer loop
      vertex   -1.440975e+01 5.712095e+00 -1.398074e+01
      vertex   -1.438450e+01 5.739813e+00 -1.405094e+01
      vertex   -1.440285e+01 5.727366e+00 -1.397450e+01
    endloop
  endfacet
  facet normal 8.931276e-01 -4.257819e-01 1.450274e-01
    outer loop
      vertex   -1.440285e+01 5.727366e+00 -1.397450e+01
      vertex   -1.438450e+01 5.739813e+00 -1.405094e+01
      vertex   -1.439612e+01 5.742246e+00 -1.397225e+01
    endloop
  endfacet
  facet normal 9.158679e-01 -3.755770e-01 1.418730e-01
    outer loop
      vertex   -1.438998e+01 5.755824e+00 -1.397317e+01
      vertex   -1.438450e+01 5.739813e+00 -1.405094e+01
      vertex   -1.438464e+01 5.767637e+00 -1.397638e+01
    endloop
  endfacet
  facet normal 9.250042e-01 -3.554064e-01 1.343633e-01
    outer loop
      vertex   -1.438464e+01 5.767637e+00 -1.397638e+01
      vertex   -1.438450e+01 5.739813e+00 -1.405094e+01
      vertex   -1.438015e+01 5.777574e+00 -1.398102e+01
    endloop
  endfacet
  facet normal 6.778490e-01 3.654992e-02 7.342920e-01
    outer loop
      vertex   -1.444289e+01 5.885385e+00 -1.384118e+01
      vertex   -1.451182e+01 5.950850e+00 -1.378081e+01
      vertex   -1.445636e+01 5.855577e+00 -1.382726e+01
    endloop
  endfacet
  facet normal 6.778490e-01 3.654992e-02 7.342920e-01
    outer loop
      vertex   -1.445636e+01 5.855577e+00 -1.382726e+01
      vertex   -1.451182e+01 5.950850e+00 -1.378081e+01
      vertex   -1.452917e+01 5.912463e+00 -1.376288e+01
    endloop
  endfacet
  facet normal 6.276938e-01 -7.367962e-02 7.749657e-01
    outer loop
      vertex   -1.445636e+01 5.855577e+00 -1.382726e+01
      vertex   -1.452917e+01 5.912463e+00 -1.376288e+01
      vertex   -1.447238e+01 5.820139e+00 -1.381765e+01
    endloop
  endfacet
  facet normal 6.276938e-01 -7.367962e-02 7.749657e-01
    outer loop
      vertex   -1.447238e+01 5.820139e+00 -1.381765e+01
      vertex   -1.452917e+01 5.912463e+00 -1.376288e+01
      vertex   -1.454981e+01 5.866825e+00 -1.375051e+01
    endloop
  endfacet
  facet normal 8.018780e-01 -8.635074e-02 5.912150e-01
    outer loop
      vertex   -1.439880e+01 5.826597e+00 -1.390957e+01
      vertex   -1.444289e+01 5.885385e+00 -1.384118e+01
      vertex   -1.440788e+01 5.806508e+00 -1.390019e+01
    endloop
  endfacet
  facet normal 8.018780e-01 -8.635074e-02 5.912150e-01
    outer loop
      vertex   -1.440788e+01 5.806508e+00 -1.390019e+01
      vertex   -1.444289e+01 5.885385e+00 -1.384118e+01
      vertex   -1.445636e+01 5.855577e+00 -1.382726e+01
    endloop
  endfacet
  facet normal 7.615013e-01 -1.750755e-01 6.240708e-01
    outer loop
      vertex   -1.440788e+01 5.806508e+00 -1.390019e+01
      vertex   -1.445636e+01 5.855577e+00 -1.382726e+01
      vertex   -1.441868e+01 5.782624e+00 -1.389371e+01
    endloop
  endfacet
  facet normal 7.615013e-01 -1.750755e-01 6.240708e-01
    outer loop
      vertex   -1.441868e+01 5.782624e+00 -1.389371e+01
      vertex   -1.445636e+01 5.855577e+00 -1.382726e+01
      vertex   -1.447238e+01 5.820139e+00 -1.381765e+01
    endloop
  endfacet
  facet normal 9.092999e-01 -2.588813e-01 3.258132e-01
    outer loop
      vertex   -1.438464e+01 5.767637e+00 -1.397638e+01
      vertex   -1.438015e+01 5.777574e+00 -1.398102e+01
      vertex   -1.438639e+01 5.800733e+00 -1.394522e+01
    endloop
  endfacet
  facet normal 8.764570e-01 -1.894672e-01 4.426345e-01
    outer loop
      vertex   -1.438639e+01 5.800733e+00 -1.394522e+01
      vertex   -1.439880e+01 5.826597e+00 -1.390957e+01
      vertex   -1.439318e+01 5.785709e+00 -1.393820e+01
    endloop
  endfacet
  facet normal 8.764570e-01 -1.894672e-01 4.426345e-01
    outer loop
      vertex   -1.439318e+01 5.785709e+00 -1.393820e+01
      vertex   -1.439880e+01 5.826597e+00 -1.390957e+01
      vertex   -1.440788e+01 5.806508e+00 -1.390019e+01
    endloop
  endfacet
  facet normal 8.462579e-01 -2.558902e-01 4.672983e-01
    outer loop
      vertex   -1.439318e+01 5.785709e+00 -1.393820e+01
      vertex   -1.440788e+01 5.806508e+00 -1.390019e+01
      vertex   -1.440125e+01 5.767847e+00 -1.393336e+01
    endloop
  endfacet
  facet normal 8.462579e-01 -2.558902e-01 4.672983e-01
    outer loop
      vertex   -1.440125e+01 5.767847e+00 -1.393336e+01
      vertex   -1.440788e+01 5.806508e+00 -1.390019e+01
      vertex   -1.441868e+01 5.782624e+00 -1.389371e+01
    endloop
  endfacet
  facet normal 8.870963e-01 -3.077776e-01 3.439958e-01
    outer loop
      vertex   -1.438998e+01 5.755824e+00 -1.397317e+01
      vertex   -1.438464e+01 5.767637e+00 -1.397638e+01
      vertex   -1.439318e+01 5.785709e+00 -1.393820e+01
    endloop
  endfacet
  facet normal 9.092999e-01 -2.588813e-01 3.258132e-01
    outer loop
      vertex   -1.439318e+01 5.785709e+00 -1.393820e+01
      vertex   -1.438464e+01 5.767637e+00 -1.397638e+01
      vertex   -1.438639e+01 5.800733e+00 -1.394522e+01
    endloop
  endfacet
  facet normal 8.870963e-01 -3.077776e-01 3.439958e-01
    outer loop
      vertex   -1.438998e+01 5.755824e+00 -1.397317e+01
      vertex   -1.439318e+01 5.785709e+00 -1.393820e+01
      vertex   -1.440125e+01 5.767847e+00 -1.393336e+01
    endloop
  endfacet
  facet normal 6.611110e-01 -3.956814e-01 6.374704e-01
    outer loop
      vertex   -1.449080e+01 5.779407e+00 -1.381486e+01
      vertex   -1.444469e+01 5.725087e+00 -1.389640e+01
      vertex   -1.443109e+01 5.755171e+00 -1.389183e+01
    endloop
  endfacet
  facet normal 7.711358e-01 -4.211252e-01 4.774967e-01
    outer loop
      vertex   -1.443109e+01 5.755171e+00 -1.389183e+01
      vertex   -1.444469e+01 5.725087e+00 -1.389640e+01
      vertex   -1.442070e+01 5.724819e+00 -1.393537e+01
    endloop
  endfacet
  facet normal 7.711358e-01 -4.211252e-01 4.774967e-01
    outer loop
      vertex   -1.443109e+01 5.755171e+00 -1.389183e+01
      vertex   -1.442070e+01 5.724819e+00 -1.393537e+01
      vertex   -1.441053e+01 5.747317e+00 -1.393195e+01
    endloop
  endfacet
  facet normal 8.318477e-01 -4.294473e-01 3.515742e-01
    outer loop
      vertex   -1.441053e+01 5.747317e+00 -1.393195e+01
      vertex   -1.442070e+01 5.724819e+00 -1.393537e+01
      vertex   -1.440285e+01 5.727366e+00 -1.397450e+01
    endloop
  endfacet
  facet normal 8.318477e-01 -4.294473e-01 3.515742e-01
    outer loop
      vertex   -1.441053e+01 5.747317e+00 -1.393195e+01
      vertex   -1.440285e+01 5.727366e+00 -1.397450e+01
      vertex   -1.439612e+01 5.742246e+00 -1.397225e+01
    endloop
  endfacet
  facet normal 8.007593e-01 -4.979363e-01 3.329325e-01
    outer loop
      vertex   -1.440975e+01 5.712095e+00 -1.398074e+01
      vertex   -1.440285e+01 5.727366e+00 -1.397450e+01
      vertex   -1.442070e+01 5.724819e+00 -1.393537e+01
    endloop
  endfacet
  facet normal 7.288809e-01 -5.141111e-01 4.521310e-01
    outer loop
      vertex   -1.442070e+01 5.724819e+00 -1.393537e+01
      vertex   -1.444469e+01 5.725087e+00 -1.389640e+01
      vertex   -1.443114e+01 5.701730e+00 -1.394480e+01
    endloop
  endfacet
  facet normal 7.288809e-01 -5.141111e-01 4.521310e-01
    outer loop
      vertex   -1.443114e+01 5.701730e+00 -1.394480e+01
      vertex   -1.444469e+01 5.725087e+00 -1.389640e+01
      vertex   -1.445864e+01 5.694213e+00 -1.390901e+01
    endloop
  endfacet
  facet normal 6.872976e-01 -6.056969e-01 4.009405e-01
    outer loop
      vertex   -1.443114e+01 5.701730e+00 -1.394480e+01
      vertex   -1.445864e+01 5.694213e+00 -1.390901e+01
      vertex   -1.444095e+01 5.680045e+00 -1.396075e+01
    endloop
  endfacet
  facet normal 6.872976e-01 -6.056969e-01 4.009405e-01
    outer loop
      vertex   -1.444095e+01 5.680045e+00 -1.396075e+01
      vertex   -1.445864e+01 5.694213e+00 -1.390901e+01
      vertex   -1.447175e+01 5.665216e+00 -1.393034e+01
    endloop
  endfacet
  facet normal 6.504089e-01 -6.870687e-01 3.238902e-01
    outer loop
      vertex   -1.444095e+01 5.680045e+00 -1.396075e+01
      vertex   -1.447175e+01 5.665216e+00 -1.393034e+01
      vertex   -1.444911e+01 5.661994e+00 -1.398266e+01
    endloop
  endfacet
  facet normal 6.504089e-01 -6.870687e-01 3.238902e-01
    outer loop
      vertex   -1.444911e+01 5.661994e+00 -1.398266e+01
      vertex   -1.447175e+01 5.665216e+00 -1.393034e+01
      vertex   -1.448266e+01 5.641079e+00 -1.395963e+01
    endloop
  endfacet
  facet normal 6.221062e-01 -7.496756e-01 2.257663e-01
    outer loop
      vertex   -1.444911e+01 5.661994e+00 -1.398266e+01
      vertex   -1.448266e+01 5.641079e+00 -1.395963e+01
      vertex   -1.445479e+01 5.649412e+00 -1.400876e+01
    endloop
  endfacet
  facet normal 6.221062e-01 -7.496756e-01 2.257663e-01
    outer loop
      vertex   -1.445479e+01 5.649412e+00 -1.400876e+01
      vertex   -1.448266e+01 5.641079e+00 -1.395963e+01
      vertex   -1.449027e+01 5.624255e+00 -1.399454e+01
    endloop
  endfacet
  facet normal 6.049536e-01 -7.878454e-01 1.154587e-01
    outer loop
      vertex   -1.445479e+01 5.649412e+00 -1.400876e+01
      vertex   -1.449027e+01 5.624255e+00 -1.399454e+01
      vertex   -1.445762e+01 5.643168e+00 -1.403658e+01
    endloop
  endfacet
  facet normal 6.049536e-01 -7.878454e-01 1.154587e-01
    outer loop
      vertex   -1.445762e+01 5.643168e+00 -1.403658e+01
      vertex   -1.449027e+01 5.624255e+00 -1.399454e+01
      vertex   -1.449405e+01 5.615905e+00 -1.403174e+01
    endloop
  endfacet
  facet normal 7.701555e-01 -5.654028e-01 2.952630e-01
    outer loop
      vertex   -1.441624e+01 5.697753e+00 -1.399129e+01
      vertex   -1.440975e+01 5.712095e+00 -1.398074e+01
      vertex   -1.443114e+01 5.701730e+00 -1.394480e+01
    endloop
  endfacet
  facet normal 8.007593e-01 -4.979363e-01 3.329325e-01
    outer loop
      vertex   -1.443114e+01 5.701730e+00 -1.394480e+01
      vertex   -1.440975e+01 5.712095e+00 -1.398074e+01
      vertex   -1.442070e+01 5.724819e+00 -1.393537e+01
    endloop
  endfacet
  facet normal 7.701555e-01 -5.654028e-01 2.952630e-01
    outer loop
      vertex   -1.441624e+01 5.697753e+00 -1.399129e+01
      vertex   -1.443114e+01 5.701730e+00 -1.394480e+01
      vertex   -1.444095e+01 5.680045e+00 -1.396075e+01
    endloop
  endfacet
  facet normal 7.429978e-01 -6.253450e-01 2.385329e-01
    outer loop
      vertex   -1.442163e+01 5.685815e+00 -1.400578e+01
      vertex   -1.441624e+01 5.697753e+00 -1.399129e+01
      vertex   -1.444095e+01 5.680045e+00 -1.396075e+01
    endloop
  endfacet
  facet normal 7.429978e-01 -6.253450e-01 2.385329e-01
    outer loop
      vertex   -1.442163e+01 5.685815e+00 -1.400578e+01
      vertex   -1.444095e+01 5.680045e+00 -1.396075e+01
      vertex   -1.444911e+01 5.661994e+00 -1.398266e+01
    endloop
  endfacet
  facet normal 7.221539e-01 -6.714526e-01 1.662683e-01
    outer loop
      vertex   -1.442540e+01 5.677494e+00 -1.402305e+01
      vertex   -1.442163e+01 5.685815e+00 -1.400578e+01
      vertex   -1.444911e+01 5.661994e+00 -1.398266e+01
    endloop
  endfacet
  facet normal 7.221539e-01 -6.714526e-01 1.662683e-01
    outer loop
      vertex   -1.442540e+01 5.677494e+00 -1.402305e+01
      vertex   -1.444911e+01 5.661994e+00 -1.398266e+01
      vertex   -1.445479e+01 5.649412e+00 -1.400876e+01
    endloop
  endfacet
  facet normal 7.095152e-01 -6.995417e-01 8.502683e-02
    outer loop
      vertex   -1.442726e+01 5.673364e+00 -1.404144e+01
      vertex   -1.442540e+01 5.677494e+00 -1.402305e+01
      vertex   -1.445479e+01 5.649412e+00 -1.400876e+01
    endloop
  endfacet
  facet normal 7.095152e-01 -6.995417e-01 8.502683e-02
    outer loop
      vertex   -1.442726e+01 5.673364e+00 -1.404144e+01
      vertex   -1.445479e+01 5.649412e+00 -1.400876e+01
      vertex   -1.445762e+01 5.643168e+00 -1.403658e+01
    endloop
  endfacet
  facet normal 7.089438e-01 -7.013163e-01 -7.452658e-02
    outer loop
      vertex   -1.442589e+01 5.676402e+00 -1.407544e+01
      vertex   -1.442731e+01 5.673248e+00 -1.405932e+01
      vertex   -1.445770e+01 5.642992e+00 -1.406362e+01
    endloop
  endfacet
  facet normal 6.042118e-01 -7.903687e-01 -1.012196e-01
    outer loop
      vertex   -1.445770e+01 5.642992e+00 -1.406362e+01
      vertex   -1.449415e+01 5.615671e+00 -1.406789e+01
      vertex   -1.445554e+01 5.647761e+00 -1.408799e+01
    endloop
  endfacet
  facet normal 6.042118e-01 -7.903687e-01 -1.012196e-01
    outer loop
      vertex   -1.445554e+01 5.647761e+00 -1.408799e+01
      vertex   -1.449415e+01 5.615671e+00 -1.406789e+01
      vertex   -1.449127e+01 5.622048e+00 -1.410048e+01
    endloop
  endfacet
  facet normal 6.166752e-01 -7.632905e-01 -1.926120e-01
    outer loop
      vertex   -1.445554e+01 5.647761e+00 -1.408799e+01
      vertex   -1.449127e+01 5.622048e+00 -1.410048e+01
      vertex   -1.445182e+01 5.655987e+00 -1.410868e+01
    endloop
  endfacet
  facet normal 6.166752e-01 -7.632905e-01 -1.926120e-01
    outer loop
      vertex   -1.445182e+01 5.655987e+00 -1.410868e+01
      vertex   -1.449127e+01 5.622048e+00 -1.410048e+01
      vertex   -1.448630e+01 5.633047e+00 -1.412815e+01
    endloop
  endfacet
  facet normal 6.340845e-01 -7.252274e-01 -2.682948e-01
    outer loop
      vertex   -1.445182e+01 5.655987e+00 -1.410868e+01
      vertex   -1.448630e+01 5.633047e+00 -1.412815e+01
      vertex   -1.444719e+01 5.666242e+00 -1.412544e+01
    endloop
  endfacet
  facet normal 6.340845e-01 -7.252274e-01 -2.682948e-01
    outer loop
      vertex   -1.444719e+01 5.666242e+00 -1.412544e+01
      vertex   -1.448630e+01 5.633047e+00 -1.412815e+01
      vertex   -1.448010e+01 5.646759e+00 -1.415056e+01
    endloop
  endfacet
  facet normal 6.540539e-01 -6.814329e-01 -3.284246e-01
    outer loop
      vertex   -1.444719e+01 5.666242e+00 -1.412544e+01
      vertex   -1.448010e+01 5.646759e+00 -1.415056e+01
      vertex   -1.444215e+01 5.677389e+00 -1.413853e+01
    endloop
  endfacet
  facet normal 6.540539e-01 -6.814329e-01 -3.284246e-01
    outer loop
      vertex   -1.444215e+01 5.677389e+00 -1.413853e+01
      vertex   -1.448010e+01 5.646759e+00 -1.415056e+01
      vertex   -1.447336e+01 5.661665e+00 -1.416807e+01
    endloop
  endfacet
  facet normal 7.181055e-01 -6.813344e-01 -1.418025e-01
    outer loop
      vertex   -1.442343e+01 5.681842e+00 -1.408913e+01
      vertex   -1.442589e+01 5.676402e+00 -1.407544e+01
      vertex   -1.445554e+01 5.647761e+00 -1.408799e+01
    endloop
  endfacet
  facet normal 7.089438e-01 -7.013163e-01 -7.452658e-02
    outer loop
      vertex   -1.445554e+01 5.647761e+00 -1.408799e+01
      vertex   -1.442589e+01 5.676402e+00 -1.407544e+01
      vertex   -1.445770e+01 5.642992e+00 -1.406362e+01
    endloop
  endfacet
  facet normal 7.181055e-01 -6.813344e-01 -1.418025e-01
    outer loop
      vertex   -1.442343e+01 5.681842e+00 -1.408913e+01
      vertex   -1.445554e+01 5.647761e+00 -1.408799e+01
      vertex   -1.445182e+01 5.655987e+00 -1.410868e+01
    endloop
  endfacet
  facet normal 7.309075e-01 -6.532743e-01 -1.975019e-01
    outer loop
      vertex   -1.442036e+01 5.688625e+00 -1.410021e+01
      vertex   -1.442343e+01 5.681842e+00 -1.408913e+01
      vertex   -1.445182e+01 5.655987e+00 -1.410868e+01
    endloop
  endfacet
  facet normal 7.309075e-01 -6.532743e-01 -1.975019e-01
    outer loop
      vertex   -1.442036e+01 5.688625e+00 -1.410021e+01
      vertex   -1.445182e+01 5.655987e+00 -1.410868e+01
      vertex   -1.444719e+01 5.666242e+00 -1.412544e+01
    endloop
  endfacet
  facet normal 7.455939e-01 -6.210061e-01 -2.417459e-01
    outer loop
      vertex   -1.441703e+01 5.695997e+00 -1.410887e+01
      vertex   -1.442036e+01 5.688625e+00 -1.410021e+01
      vertex   -1.444719e+01 5.666242e+00 -1.412544e+01
    endloop
  endfacet
  facet normal 7.455939e-01 -6.210061e-01 -2.417459e-01
    outer loop
      vertex   -1.441703e+01 5.695997e+00 -1.410887e+01
      vertex   -1.444719e+01 5.666242e+00 -1.412544e+01
      vertex   -1.444215e+01 5.677389e+00 -1.413853e+01
    endloop
  endfacet
  facet normal -3.374357e-01 -7.464229e-01 5.735764e-01
    outer loop
      vertex   -1.493640e+01 5.603750e+00 -1.423887e+01
      vertex   -1.511176e+01 5.778831e+00 -1.411419e+01
      vertex   -1.513054e+01 5.676394e+00 -1.425854e+01
    endloop
  endfacet
  facet normal -3.374357e-01 -7.464229e-01 5.735764e-01
    outer loop
      vertex   -1.513054e+01 5.676394e+00 -1.425854e+01
      vertex   -1.511176e+01 5.778831e+00 -1.411419e+01
      vertex   -1.532494e+01 5.864662e+00 -1.412791e+01
    endloop
  endfacet
  facet normal -3.374357e-01 -7.464229e-01 5.735764e-01
    outer loop
      vertex   -1.513054e+01 5.676394e+00 -1.425854e+01
      vertex   -1.532494e+01 5.864662e+00 -1.412791e+01
      vertex   -1.553021e+01 5.967999e+00 -1.411419e+01
    endloop
  endfacet
  facet normal -3.374357e-01 -7.464229e-01 5.735764e-01
    outer loop
      vertex   -1.493640e+01 5.603750e+00 -1.423887e+01
      vertex   -1.483921e+01 5.579137e+00 -1.421372e+01
      vertex   -1.511176e+01 5.778831e+00 -1.411419e+01
    endloop
  endfacet
  facet normal -3.374357e-01 -7.464229e-01 5.735764e-01
    outer loop
      vertex   -1.511176e+01 5.778831e+00 -1.411419e+01
      vertex   -1.483921e+01 5.579137e+00 -1.421372e+01
      vertex   -1.492312e+01 5.723572e+00 -1.407513e+01
    endloop
  endfacet
  facet normal -3.374357e-01 -7.464229e-01 5.735764e-01
    outer loop
      vertex   -1.492312e+01 5.723572e+00 -1.407513e+01
      vertex   -1.483921e+01 5.579137e+00 -1.421372e+01
      vertex   -1.474865e+01 5.564671e+00 -1.417927e+01
    endloop
  endfacet
  facet normal -3.374357e-01 -7.464229e-01 5.735764e-01
    outer loop
      vertex   -1.492312e+01 5.723572e+00 -1.407513e+01
      vertex   -1.474865e+01 5.564671e+00 -1.417927e+01
      vertex   -1.466833e+01 5.560980e+00 -1.413682e+01
    endloop
  endfacet
  facet normal -3.374357e-01 -7.464229e-01 5.735764e-01
    outer loop
      vertex   -1.492312e+01 5.723572e+00 -1.407513e+01
      vertex   -1.466833e+01 5.560980e+00 -1.413682e+01
      vertex   -1.484726e+01 5.710258e+00 -1.404782e+01
    endloop
  endfacet
  facet normal -3.374357e-01 -7.464229e-01 5.735764e-01
    outer loop
      vertex   -1.484726e+01 5.710258e+00 -1.404782e+01
      vertex   -1.466833e+01 5.560980e+00 -1.413682e+01
      vertex   -1.459738e+01 5.568913e+00 -1.408476e+01
    endloop
  endfacet
  facet normal -3.374357e-01 -7.464229e-01 5.735764e-01
    outer loop
      vertex   -1.484726e+01 5.710258e+00 -1.404782e+01
      vertex   -1.459738e+01 5.568913e+00 -1.408476e+01
      vertex   -1.478775e+01 5.707297e+00 -1.401666e+01
    endloop
  endfacet
  facet normal -3.374357e-01 -7.464229e-01 5.735764e-01
    outer loop
      vertex   -1.478775e+01 5.707297e+00 -1.401666e+01
      vertex   -1.459738e+01 5.568913e+00 -1.408476e+01
      vertex   -1.456646e+01 5.578038e+00 -1.405469e+01
    endloop
  endfacet
  facet normal -3.374357e-01 -7.464229e-01 5.735764e-01
    outer loop
      vertex   -1.478775e+01 5.707297e+00 -1.401666e+01
      vertex   -1.456646e+01 5.578038e+00 -1.405469e+01
      vertex   -1.476487e+01 5.709750e+00 -1.400001e+01
    endloop
  endfacet
  facet normal -3.374357e-01 -7.464229e-01 5.735764e-01
    outer loop
      vertex   -1.476487e+01 5.709750e+00 -1.400001e+01
      vertex   -1.456646e+01 5.578038e+00 -1.405469e+01
      vertex   -1.453989e+01 5.590995e+00 -1.402220e+01
    endloop
  endfacet
  facet normal -3.374357e-01 -7.464229e-01 5.735764e-01
    outer loop
      vertex   -1.476487e+01 5.709750e+00 -1.400001e+01
      vertex   -1.453989e+01 5.590995e+00 -1.402220e+01
      vertex   -1.474688e+01 5.714803e+00 -1.398286e+01
    endloop
  endfacet
  facet normal -3.374357e-01 -7.464229e-01 5.735764e-01
    outer loop
      vertex   -1.474688e+01 5.714803e+00 -1.398286e+01
      vertex   -1.453989e+01 5.590995e+00 -1.402220e+01
      vertex   -1.451870e+01 5.607967e+00 -1.398765e+01
    endloop
  endfacet
  facet normal -3.374357e-01 -7.464229e-01 5.735764e-01
    outer loop
      vertex   -1.474688e+01 5.714803e+00 -1.398286e+01
      vertex   -1.451870e+01 5.607967e+00 -1.398765e+01
      vertex   -1.473396e+01 5.722406e+00 -1.396536e+01
    endloop
  endfacet
  facet normal -3.374357e-01 -7.464229e-01 5.735764e-01
    outer loop
      vertex   -1.473396e+01 5.722406e+00 -1.396536e+01
      vertex   -1.451870e+01 5.607967e+00 -1.398765e+01
      vertex   -1.450399e+01 5.628748e+00 -1.395195e+01
    endloop
  endfacet
  facet normal -3.374357e-01 -7.464229e-01 5.735764e-01
    outer loop
      vertex   -1.473396e+01 5.722406e+00 -1.396536e+01
      vertex   -1.450399e+01 5.628748e+00 -1.395195e+01
      vertex   -1.472945e+01 5.727141e+00 -1.395654e+01
    endloop
  endfacet
  facet normal -3.374357e-01 -7.464229e-01 5.735764e-01
    outer loop
      vertex   -1.472945e+01 5.727141e+00 -1.395654e+01
      vertex   -1.450399e+01 5.628748e+00 -1.395195e+01
      vertex   -1.472624e+01 5.732486e+00 -1.394770e+01
    endloop
  endfacet
  facet normal -3.374357e-01 -7.464229e-01 5.735764e-01
    outer loop
      vertex   -1.472624e+01 5.732486e+00 -1.394770e+01
      vertex   -1.450399e+01 5.628748e+00 -1.395195e+01
      vertex   -1.472434e+01 5.738425e+00 -1.393885e+01
    endloop
  endfacet
  facet normal -3.374357e-01 -7.464229e-01 5.735764e-01
    outer loop
      vertex   -1.472434e+01 5.738425e+00 -1.393885e+01
      vertex   -1.450399e+01 5.628748e+00 -1.395195e+01
      vertex   -1.449639e+01 5.652863e+00 -1.391610e+01
    endloop
  endfacet
  facet normal -3.374357e-01 -7.464229e-01 5.735764e-01
    outer loop
      vertex   -1.472434e+01 5.738425e+00 -1.393885e+01
      vertex   -1.449639e+01 5.652863e+00 -1.391610e+01
      vertex   -1.472377e+01 5.744946e+00 -1.393003e+01
    endloop
  endfacet
  facet normal -3.374357e-01 -7.464229e-01 5.735764e-01
    outer loop
      vertex   -1.472377e+01 5.744946e+00 -1.393003e+01
      vertex   -1.449639e+01 5.652863e+00 -1.391610e+01
      vertex   -1.472660e+01 5.759667e+00 -1.391254e+01
    endloop
  endfacet
  facet normal -3.374357e-01 -7.464229e-01 5.735764e-01
    outer loop
      vertex   -1.472660e+01 5.759667e+00 -1.391254e+01
      vertex   -1.449639e+01 5.652863e+00 -1.391610e+01
      vertex   -1.449600e+01 5.679518e+00 -1.388118e+01
    endloop
  endfacet
  facet normal -3.374357e-01 -7.464229e-01 5.735764e-01
    outer loop
      vertex   -1.472660e+01 5.759667e+00 -1.391254e+01
      vertex   -1.449600e+01 5.679518e+00 -1.388118e+01
      vertex   -1.473469e+01 5.776506e+00 -1.389538e+01
    endloop
  endfacet
  facet normal -3.374357e-01 -7.464229e-01 5.735764e-01
    outer loop
      vertex   -1.473469e+01 5.776506e+00 -1.389538e+01
      vertex   -1.449600e+01 5.679518e+00 -1.388118e+01
      vertex   -1.450234e+01 5.707754e+00 -1.384816e+01
    endloop
  endfacet
  facet normal -3.374357e-01 -7.464229e-01 5.735764e-01
    outer loop
      vertex   -1.473469e+01 5.776506e+00 -1.389538e+01
      vertex   -1.450234e+01 5.707754e+00 -1.384816e+01
      vertex   -1.474796e+01 5.795302e+00 -1.387873e+01
    endloop
  endfacet
  facet normal -3.374357e-01 -7.464229e-01 5.735764e-01
    outer loop
      vertex   -1.474796e+01 5.795302e+00 -1.387873e+01
      vertex   -1.450234e+01 5.707754e+00 -1.384816e+01
      vertex   -1.451465e+01 5.736892e+00 -1.381749e+01
    endloop
  endfacet
  facet normal -3.374357e-01 -7.464229e-01 5.735764e-01
    outer loop
      vertex   -1.474796e+01 5.795302e+00 -1.387873e+01
      vertex   -1.451465e+01 5.736892e+00 -1.381749e+01
      vertex   -1.478950e+01 5.838021e+00 -1.384758e+01
    endloop
  endfacet
  facet normal -3.374357e-01 -7.464229e-01 5.735764e-01
    outer loop
      vertex   -1.478950e+01 5.838021e+00 -1.384758e+01
      vertex   -1.451465e+01 5.736892e+00 -1.381749e+01
      vertex   -1.455360e+01 5.795481e+00 -1.376416e+01
    endloop
  endfacet
  facet normal -3.374357e-01 -7.464229e-01 5.735764e-01
    outer loop
      vertex   -1.478950e+01 5.838021e+00 -1.384758e+01
      vertex   -1.455360e+01 5.795481e+00 -1.376416e+01
      vertex   -1.484961e+01 5.886183e+00 -1.382027e+01
    endloop
  endfacet
  facet normal -3.374357e-01 -7.464229e-01 5.735764e-01
    outer loop
      vertex   -1.484961e+01 5.886183e+00 -1.382027e+01
      vertex   -1.455360e+01 5.795481e+00 -1.376416e+01
      vertex   -1.460789e+01 5.853494e+00 -1.372060e+01
    endloop
  endfacet
  facet normal -3.374357e-01 -7.464229e-01 5.735764e-01
    outer loop
      vertex   -1.484961e+01 5.886183e+00 -1.382027e+01
      vertex   -1.460789e+01 5.853494e+00 -1.372060e+01
      vertex   -1.467736e+01 5.912245e+00 -1.368502e+01
    endloop
  endfacet
  facet normal -3.374357e-01 -7.464229e-01 5.735764e-01
    outer loop
      vertex   -1.484961e+01 5.886183e+00 -1.382027e+01
      vertex   -1.467736e+01 5.912245e+00 -1.368502e+01
      vertex   -1.501572e+01 5.991292e+00 -1.378120e+01
    endloop
  endfacet
  facet normal -3.374357e-01 -7.464229e-01 5.735764e-01
    outer loop
      vertex   -1.501572e+01 5.991292e+00 -1.378120e+01
      vertex   -1.467736e+01 5.912245e+00 -1.368502e+01
      vertex   -1.476002e+01 5.969964e+00 -1.365853e+01
    endloop
  endfacet
  facet normal -3.374357e-01 -7.464229e-01 5.735764e-01
    outer loop
      vertex   -1.501572e+01 5.991292e+00 -1.378120e+01
      vertex   -1.476002e+01 5.969964e+00 -1.365853e+01
      vertex   -1.495122e+01 6.073058e+00 -1.363685e+01
    endloop
  endfacet
  facet normal -3.374357e-01 -7.464229e-01 5.735764e-01
    outer loop
      vertex   -1.598014e+01 6.467367e+00 -1.372904e+01
      vertex   -1.543416e+01 6.180460e+00 -1.378120e+01
      vertex   -1.495122e+01 6.073058e+00 -1.363685e+01
    endloop
  endfacet
  facet normal -3.374357e-01 -7.464229e-01 5.735764e-01
    outer loop
      vertex   -1.495122e+01 6.073058e+00 -1.363685e+01
      vertex   -1.543416e+01 6.180460e+00 -1.378120e+01
      vertex   -1.522098e+01 6.094629e+00 -1.376748e+01
    endloop
  endfacet
  facet normal -3.374357e-01 -7.464229e-01 5.735764e-01
    outer loop
      vertex   -1.495122e+01 6.073058e+00 -1.363685e+01
      vertex   -1.522098e+01 6.094629e+00 -1.376748e+01
      vertex   -1.501572e+01 5.991292e+00 -1.378120e+01
    endloop
  endfacet
  facet normal -3.374357e-01 -7.464229e-01 5.735764e-01
    outer loop
      vertex   -1.610628e+01 6.188337e+00 -1.416636e+01
      vertex   -1.581969e+01 6.226805e+00 -1.394770e+01
      vertex   -1.598014e+01 6.467367e+00 -1.372904e+01
    endloop
  endfacet
  facet normal -3.374357e-01 -7.464229e-01 5.735764e-01
    outer loop
      vertex   -1.598014e+01 6.467367e+00 -1.372904e+01
      vertex   -1.581969e+01 6.226805e+00 -1.394770e+01
      vertex   -1.581648e+01 6.232149e+00 -1.393885e+01
    endloop
  endfacet
  facet normal -3.374357e-01 -7.464229e-01 5.735764e-01
    outer loop
      vertex   -1.598014e+01 6.467367e+00 -1.372904e+01
      vertex   -1.581648e+01 6.232149e+00 -1.393885e+01
      vertex   -1.581197e+01 6.236885e+00 -1.393003e+01
    endloop
  endfacet
  facet normal -3.374357e-01 -7.464229e-01 5.735764e-01
    outer loop
      vertex   -1.513054e+01 5.676394e+00 -1.425854e+01
      vertex   -1.553021e+01 5.967999e+00 -1.411419e+01
      vertex   -1.610628e+01 6.188337e+00 -1.416636e+01
    endloop
  endfacet
  facet normal -3.374357e-01 -7.464229e-01 5.735764e-01
    outer loop
      vertex   -1.610628e+01 6.188337e+00 -1.416636e+01
      vertex   -1.553021e+01 5.967999e+00 -1.411419e+01
      vertex   -1.569632e+01 6.073108e+00 -1.407513e+01
    endloop
  endfacet
  facet normal -3.374357e-01 -7.464229e-01 5.735764e-01
    outer loop
      vertex   -1.610628e+01 6.188337e+00 -1.416636e+01
      vertex   -1.569632e+01 6.073108e+00 -1.407513e+01
      vertex   -1.575643e+01 6.121270e+00 -1.404782e+01
    endloop
  endfacet
  facet normal -3.374357e-01 -7.464229e-01 5.735764e-01
    outer loop
      vertex   -1.575643e+01 6.121270e+00 -1.404782e+01
      vertex   -1.579797e+01 6.163989e+00 -1.401666e+01
      vertex   -1.610628e+01 6.188337e+00 -1.416636e+01
    endloop
  endfacet
  facet normal -3.374357e-01 -7.464229e-01 5.735764e-01
    outer loop
      vertex   -1.610628e+01 6.188337e+00 -1.416636e+01
      vertex   -1.579797e+01 6.163989e+00 -1.401666e+01
      vertex   -1.581124e+01 6.182785e+00 -1.400001e+01
    endloop
  endfacet
  facet normal -3.374357e-01 -7.464229e-01 5.735764e-01
    outer loop
      vertex   -1.610628e+01 6.188337e+00 -1.416636e+01
      vertex   -1.581124e+01 6.182785e+00 -1.400001e+01
      vertex   -1.581933e+01 6.199624e+00 -1.398286e+01
    endloop
  endfacet
  facet normal -3.374357e-01 -7.464229e-01 5.735764e-01
    outer loop
      vertex   -1.581933e+01 6.199624e+00 -1.398286e+01
      vertex   -1.582216e+01 6.214345e+00 -1.396536e+01
      vertex   -1.610628e+01 6.188337e+00 -1.416636e+01
    endloop
  endfacet
  facet normal -3.374357e-01 -7.464229e-01 5.735764e-01
    outer loop
      vertex   -1.610628e+01 6.188337e+00 -1.416636e+01
      vertex   -1.582216e+01 6.214345e+00 -1.396536e+01
      vertex   -1.582158e+01 6.220866e+00 -1.395654e+01
    endloop
  endfacet
  facet normal -3.374357e-01 -7.464229e-01 5.735764e-01
    outer loop
      vertex   -1.610628e+01 6.188337e+00 -1.416636e+01
      vertex   -1.582158e+01 6.220866e+00 -1.395654e+01
      vertex   -1.581969e+01 6.226805e+00 -1.394770e+01
    endloop
  endfacet
  facet normal -3.374357e-01 -7.464229e-01 5.735764e-01
    outer loop
      vertex   -1.581197e+01 6.236885e+00 -1.393003e+01
      vertex   -1.579905e+01 6.244488e+00 -1.391254e+01
      vertex   -1.598014e+01 6.467367e+00 -1.372904e+01
    endloop
  endfacet
  facet normal -3.374357e-01 -7.464229e-01 5.735764e-01
    outer loop
      vertex   -1.598014e+01 6.467367e+00 -1.372904e+01
      vertex   -1.579905e+01 6.244488e+00 -1.391254e+01
      vertex   -1.578106e+01 6.249540e+00 -1.389538e+01
    endloop
  endfacet
  facet normal -3.374357e-01 -7.464229e-01 5.735764e-01
    outer loop
      vertex   -1.598014e+01 6.467367e+00 -1.372904e+01
      vertex   -1.578106e+01 6.249540e+00 -1.389538e+01
      vertex   -1.575818e+01 6.251994e+00 -1.387873e+01
    endloop
  endfacet
  facet normal -3.374357e-01 -7.464229e-01 5.735764e-01
    outer loop
      vertex   -1.575818e+01 6.251994e+00 -1.387873e+01
      vertex   -1.569867e+01 6.249033e+00 -1.384758e+01
      vertex   -1.598014e+01 6.467367e+00 -1.372904e+01
    endloop
  endfacet
  facet normal -3.374357e-01 -7.464229e-01 5.735764e-01
    outer loop
      vertex   -1.598014e+01 6.467367e+00 -1.372904e+01
      vertex   -1.569867e+01 6.249033e+00 -1.384758e+01
      vertex   -1.562280e+01 6.235719e+00 -1.382027e+01
    endloop
  endfacet
  facet normal -3.374357e-01 -7.464229e-01 5.735764e-01
    outer loop
      vertex   -1.598014e+01 6.467367e+00 -1.372904e+01
      vertex   -1.562280e+01 6.235719e+00 -1.382027e+01
      vertex   -1.543416e+01 6.180460e+00 -1.378120e+01
    endloop
  endfacet
  facet normal 9.112142e-01 -4.119329e-01 1.013383e-14
    outer loop
      vertex   -1.610628e+01 6.188337e+00 -1.416636e+01
      vertex   -1.598014e+01 6.467367e+00 -1.372904e+01
      vertex   -1.611411e+01 6.171028e+00 -1.409021e+01
    endloop
  endfacet
  facet normal 9.112142e-01 -4.119329e-01 4.757090e-15
    outer loop
      vertex   -1.611411e+01 6.171028e+00 -1.409021e+01
      vertex   -1.598014e+01 6.467367e+00 -1.372904e+01
      vertex   -1.601230e+01 6.396242e+00 -1.373723e+01
    endloop
  endfacet
  facet normal 9.112142e-01 -4.119329e-01 -4.649729e-15
    outer loop
      vertex   -1.611411e+01 6.171028e+00 -1.409021e+01
      vertex   -1.601230e+01 6.396242e+00 -1.373723e+01
      vertex   -1.604268e+01 6.329038e+00 -1.376407e+01
    endloop
  endfacet
  facet normal 9.112142e-01 -4.119329e-01 -9.173817e-15
    outer loop
      vertex   -1.611411e+01 6.171028e+00 -1.409021e+01
      vertex   -1.604268e+01 6.329038e+00 -1.376407e+01
      vertex   -1.611411e+01 6.171022e+00 -1.401173e+01
    endloop
  endfacet
  facet normal 9.112142e-01 -4.119329e-01 3.732743e-14
    outer loop
      vertex   -1.611411e+01 6.171022e+00 -1.401173e+01
      vertex   -1.604268e+01 6.329038e+00 -1.376407e+01
      vertex   -1.606948e+01 6.269747e+00 -1.380795e+01
    endloop
  endfacet
  facet normal 9.112142e-01 -4.119329e-01 2.988509e-14
    outer loop
      vertex   -1.611411e+01 6.171022e+00 -1.401173e+01
      vertex   -1.606948e+01 6.269747e+00 -1.380795e+01
      vertex   -1.610629e+01 6.188320e+00 -1.393557e+01
    endloop
  endfacet
  facet normal 9.112142e-01 -4.119329e-01 -1.587357e-13
    outer loop
      vertex   -1.610629e+01 6.188320e+00 -1.393557e+01
      vertex   -1.606948e+01 6.269747e+00 -1.380795e+01
      vertex   -1.609111e+01 6.221893e+00 -1.386627e+01
    endloop
  endfacet
  facet normal 3.374357e-01 7.464229e-01 -5.735764e-01
    outer loop
      vertex   -1.464696e+01 6.244019e+00 -1.386301e+01
      vertex   -1.489424e+01 6.260004e+00 -1.398769e+01
      vertex   -1.482974e+01 6.341770e+00 -1.384334e+01
    endloop
  endfacet
  facet normal 3.374357e-01 7.464229e-01 -5.735764e-01
    outer loop
      vertex   -1.482974e+01 6.341770e+00 -1.384334e+01
      vertex   -1.489424e+01 6.260004e+00 -1.398769e+01
      vertex   -1.509951e+01 6.363341e+00 -1.397397e+01
    endloop
  endfacet
  facet normal 3.374357e-01 7.464229e-01 -5.735764e-01
    outer loop
      vertex   -1.482974e+01 6.341770e+00 -1.384334e+01
      vertex   -1.509951e+01 6.363341e+00 -1.397397e+01
      vertex   -1.531269e+01 6.449172e+00 -1.398769e+01
    endloop
  endfacet
  facet normal 3.374357e-01 7.464229e-01 -5.735764e-01
    outer loop
      vertex   -1.464696e+01 6.244019e+00 -1.386301e+01
      vertex   -1.456427e+01 6.187313e+00 -1.388816e+01
      vertex   -1.489424e+01 6.260004e+00 -1.398769e+01
    endloop
  endfacet
  facet normal 3.374357e-01 7.464229e-01 -5.735764e-01
    outer loop
      vertex   -1.489424e+01 6.260004e+00 -1.398769e+01
      vertex   -1.456427e+01 6.187313e+00 -1.388816e+01
      vertex   -1.472814e+01 6.154895e+00 -1.402675e+01
    endloop
  endfacet
  facet normal 3.374357e-01 7.464229e-01 -5.735764e-01
    outer loop
      vertex   -1.472814e+01 6.154895e+00 -1.402675e+01
      vertex   -1.456427e+01 6.187313e+00 -1.388816e+01
      vertex   -1.449359e+01 6.128890e+00 -1.392261e+01
    endloop
  endfacet
  facet normal 3.374357e-01 7.464229e-01 -5.735764e-01
    outer loop
      vertex   -1.472814e+01 6.154895e+00 -1.402675e+01
      vertex   -1.449359e+01 6.128890e+00 -1.392261e+01
      vertex   -1.443776e+01 6.071030e+00 -1.396506e+01
    endloop
  endfacet
  facet normal 3.374357e-01 7.464229e-01 -5.735764e-01
    outer loop
      vertex   -1.472814e+01 6.154895e+00 -1.402675e+01
      vertex   -1.443776e+01 6.071030e+00 -1.396506e+01
      vertex   -1.466802e+01 6.106733e+00 -1.405406e+01
    endloop
  endfacet
  facet normal 3.374357e-01 7.464229e-01 -5.735764e-01
    outer loop
      vertex   -1.466802e+01 6.106733e+00 -1.405406e+01
      vertex   -1.443776e+01 6.071030e+00 -1.396506e+01
      vertex   -1.439684e+01 6.012526e+00 -1.401712e+01
    endloop
  endfacet
  facet normal 3.374357e-01 7.464229e-01 -5.735764e-01
    outer loop
      vertex   -1.466802e+01 6.106733e+00 -1.405406e+01
      vertex   -1.439684e+01 6.012526e+00 -1.401712e+01
      vertex   -1.462648e+01 6.064014e+00 -1.408522e+01
    endloop
  endfacet
  facet normal 3.374357e-01 7.464229e-01 -5.735764e-01
    outer loop
      vertex   -1.462648e+01 6.064014e+00 -1.408522e+01
      vertex   -1.439684e+01 6.012526e+00 -1.401712e+01
      vertex   -1.438326e+01 5.983285e+00 -1.404719e+01
    endloop
  endfacet
  facet normal 3.374357e-01 7.464229e-01 -5.735764e-01
    outer loop
      vertex   -1.462648e+01 6.064014e+00 -1.408522e+01
      vertex   -1.438326e+01 5.983285e+00 -1.404719e+01
      vertex   -1.461321e+01 6.045218e+00 -1.410187e+01
    endloop
  endfacet
  facet normal 3.374357e-01 7.464229e-01 -5.735764e-01
    outer loop
      vertex   -1.461321e+01 6.045218e+00 -1.410187e+01
      vertex   -1.438326e+01 5.983285e+00 -1.404719e+01
      vertex   -1.437544e+01 5.954776e+00 -1.407968e+01
    endloop
  endfacet
  facet normal 3.374357e-01 7.464229e-01 -5.735764e-01
    outer loop
      vertex   -1.461321e+01 6.045218e+00 -1.410187e+01
      vertex   -1.437544e+01 5.954776e+00 -1.407968e+01
      vertex   -1.460512e+01 6.028379e+00 -1.411903e+01
    endloop
  endfacet
  facet normal 3.374357e-01 7.464229e-01 -5.735764e-01
    outer loop
      vertex   -1.460512e+01 6.028379e+00 -1.411903e+01
      vertex   -1.437544e+01 5.954776e+00 -1.407968e+01
      vertex   -1.437418e+01 5.927658e+00 -1.411424e+01
    endloop
  endfacet
  facet normal 3.374357e-01 7.464229e-01 -5.735764e-01
    outer loop
      vertex   -1.460512e+01 6.028379e+00 -1.411903e+01
      vertex   -1.437418e+01 5.927658e+00 -1.411424e+01
      vertex   -1.460230e+01 6.013658e+00 -1.413652e+01
    endloop
  endfacet
  facet normal 3.374357e-01 7.464229e-01 -5.735764e-01
    outer loop
      vertex   -1.460230e+01 6.013658e+00 -1.413652e+01
      vertex   -1.437418e+01 5.927658e+00 -1.411424e+01
      vertex   -1.438006e+01 5.902888e+00 -1.414993e+01
    endloop
  endfacet
  facet normal 3.374357e-01 7.464229e-01 -5.735764e-01
    outer loop
      vertex   -1.460230e+01 6.013658e+00 -1.413652e+01
      vertex   -1.438006e+01 5.902888e+00 -1.414993e+01
      vertex   -1.460287e+01 6.007138e+00 -1.414534e+01
    endloop
  endfacet
  facet normal 3.374357e-01 7.464229e-01 -5.735764e-01
    outer loop
      vertex   -1.460287e+01 6.007138e+00 -1.414534e+01
      vertex   -1.438006e+01 5.902888e+00 -1.414993e+01
      vertex   -1.460476e+01 6.001198e+00 -1.415418e+01
    endloop
  endfacet
  facet normal 3.374357e-01 7.464229e-01 -5.735764e-01
    outer loop
      vertex   -1.460476e+01 6.001198e+00 -1.415418e+01
      vertex   -1.438006e+01 5.902888e+00 -1.414993e+01
      vertex   -1.460797e+01 5.995854e+00 -1.416303e+01
    endloop
  endfacet
  facet normal 3.374357e-01 7.464229e-01 -5.735764e-01
    outer loop
      vertex   -1.460797e+01 5.995854e+00 -1.416303e+01
      vertex   -1.438006e+01 5.902888e+00 -1.414993e+01
      vertex   -1.439314e+01 5.881248e+00 -1.418579e+01
    endloop
  endfacet
  facet normal 3.374357e-01 7.464229e-01 -5.735764e-01
    outer loop
      vertex   -1.460797e+01 5.995854e+00 -1.416303e+01
      vertex   -1.439314e+01 5.881248e+00 -1.418579e+01
      vertex   -1.461249e+01 5.991118e+00 -1.417185e+01
    endloop
  endfacet
  facet normal 3.374357e-01 7.464229e-01 -5.735764e-01
    outer loop
      vertex   -1.461249e+01 5.991118e+00 -1.417185e+01
      vertex   -1.439314e+01 5.881248e+00 -1.418579e+01
      vertex   -1.462541e+01 5.983515e+00 -1.418934e+01
    endloop
  endfacet
  facet normal 3.374357e-01 7.464229e-01 -5.735764e-01
    outer loop
      vertex   -1.462541e+01 5.983515e+00 -1.418934e+01
      vertex   -1.439314e+01 5.881248e+00 -1.418579e+01
      vertex   -1.441289e+01 5.863344e+00 -1.422071e+01
    endloop
  endfacet
  facet normal 3.374357e-01 7.464229e-01 -5.735764e-01
    outer loop
      vertex   -1.462541e+01 5.983515e+00 -1.418934e+01
      vertex   -1.441289e+01 5.863344e+00 -1.422071e+01
      vertex   -1.464339e+01 5.978463e+00 -1.420650e+01
    endloop
  endfacet
  facet normal 3.374357e-01 7.464229e-01 -5.735764e-01
    outer loop
      vertex   -1.464339e+01 5.978463e+00 -1.420650e+01
      vertex   -1.441289e+01 5.863344e+00 -1.422071e+01
      vertex   -1.443828e+01 5.849454e+00 -1.425372e+01
    endloop
  endfacet
  facet normal 3.374357e-01 7.464229e-01 -5.735764e-01
    outer loop
      vertex   -1.464339e+01 5.978463e+00 -1.420650e+01
      vertex   -1.443828e+01 5.849454e+00 -1.425372e+01
      vertex   -1.466627e+01 5.976010e+00 -1.422315e+01
    endloop
  endfacet
  facet normal 3.374357e-01 7.464229e-01 -5.735764e-01
    outer loop
      vertex   -1.466627e+01 5.976010e+00 -1.422315e+01
      vertex   -1.443828e+01 5.849454e+00 -1.425372e+01
      vertex   -1.446829e+01 5.839443e+00 -1.428440e+01
    endloop
  endfacet
  facet normal 3.374357e-01 7.464229e-01 -5.735764e-01
    outer loop
      vertex   -1.466627e+01 5.976010e+00 -1.422315e+01
      vertex   -1.446829e+01 5.839443e+00 -1.428440e+01
      vertex   -1.472578e+01 5.978971e+00 -1.425431e+01
    endloop
  endfacet
  facet normal 3.374357e-01 7.464229e-01 -5.735764e-01
    outer loop
      vertex   -1.472578e+01 5.978971e+00 -1.425431e+01
      vertex   -1.446829e+01 5.839443e+00 -1.428440e+01
      vertex   -1.453801e+01 5.829982e+00 -1.433772e+01
    endloop
  endfacet
  facet normal 3.374357e-01 7.464229e-01 -5.735764e-01
    outer loop
      vertex   -1.472578e+01 5.978971e+00 -1.425431e+01
      vertex   -1.453801e+01 5.829982e+00 -1.433772e+01
      vertex   -1.480165e+01 5.992284e+00 -1.428161e+01
    endloop
  endfacet
  facet normal 3.374357e-01 7.464229e-01 -5.735764e-01
    outer loop
      vertex   -1.480165e+01 5.992284e+00 -1.428161e+01
      vertex   -1.453801e+01 5.829982e+00 -1.433772e+01
      vertex   -1.461742e+01 5.832410e+00 -1.438128e+01
    endloop
  endfacet
  facet normal 3.374357e-01 7.464229e-01 -5.735764e-01
    outer loop
      vertex   -1.480165e+01 5.992284e+00 -1.428161e+01
      vertex   -1.461742e+01 5.832410e+00 -1.438128e+01
      vertex   -1.470742e+01 5.845754e+00 -1.441687e+01
    endloop
  endfacet
  facet normal 3.374357e-01 7.464229e-01 -5.735764e-01
    outer loop
      vertex   -1.480165e+01 5.992284e+00 -1.428161e+01
      vertex   -1.470742e+01 5.845754e+00 -1.441687e+01
      vertex   -1.499029e+01 6.047543e+00 -1.432068e+01
    endloop
  endfacet
  facet normal 3.374357e-01 7.464229e-01 -5.735764e-01
    outer loop
      vertex   -1.499029e+01 6.047543e+00 -1.432068e+01
      vertex   -1.470742e+01 5.845754e+00 -1.441687e+01
      vertex   -1.480535e+01 5.869674e+00 -1.444335e+01
    endloop
  endfacet
  facet normal 3.374357e-01 7.464229e-01 -5.735764e-01
    outer loop
      vertex   -1.499029e+01 6.047543e+00 -1.432068e+01
      vertex   -1.480535e+01 5.869674e+00 -1.444335e+01
      vertex   -1.500906e+01 5.945106e+00 -1.446503e+01
    endloop
  endfacet
  facet normal 3.374357e-01 7.464229e-01 -5.735764e-01
    outer loop
      vertex   -1.598481e+01 6.457049e+00 -1.437285e+01
      vertex   -1.540874e+01 6.236711e+00 -1.432068e+01
      vertex   -1.500906e+01 5.945106e+00 -1.446503e+01
    endloop
  endfacet
  facet normal 3.374357e-01 7.464229e-01 -5.735764e-01
    outer loop
      vertex   -1.500906e+01 5.945106e+00 -1.446503e+01
      vertex   -1.540874e+01 6.236711e+00 -1.432068e+01
      vertex   -1.520347e+01 6.133375e+00 -1.433440e+01
    endloop
  endfacet
  facet normal 3.374357e-01 7.464229e-01 -5.735764e-01
    outer loop
      vertex   -1.500906e+01 5.945106e+00 -1.446503e+01
      vertex   -1.520347e+01 6.133375e+00 -1.433440e+01
      vertex   -1.499029e+01 6.047543e+00 -1.432068e+01
    endloop
  endfacet
  facet normal 3.374357e-01 7.464229e-01 -5.735764e-01
    outer loop
      vertex   -1.585867e+01 6.736079e+00 -1.393552e+01
      vertex   -1.569822e+01 6.495518e+00 -1.415418e+01
      vertex   -1.598481e+01 6.457049e+00 -1.437285e+01
    endloop
  endfacet
  facet normal 3.374357e-01 7.464229e-01 -5.735764e-01
    outer loop
      vertex   -1.598481e+01 6.457049e+00 -1.437285e+01
      vertex   -1.569822e+01 6.495518e+00 -1.415418e+01
      vertex   -1.570011e+01 6.489578e+00 -1.416303e+01
    endloop
  endfacet
  facet normal 3.374357e-01 7.464229e-01 -5.735764e-01
    outer loop
      vertex   -1.598481e+01 6.457049e+00 -1.437285e+01
      vertex   -1.570011e+01 6.489578e+00 -1.416303e+01
      vertex   -1.570068e+01 6.483057e+00 -1.417185e+01
    endloop
  endfacet
  facet normal 3.374357e-01 7.464229e-01 -5.735764e-01
    outer loop
      vertex   -1.482974e+01 6.341770e+00 -1.384334e+01
      vertex   -1.531269e+01 6.449172e+00 -1.398769e+01
      vertex   -1.585867e+01 6.736079e+00 -1.393552e+01
    endloop
  endfacet
  facet normal 3.374357e-01 7.464229e-01 -5.735764e-01
    outer loop
      vertex   -1.585867e+01 6.736079e+00 -1.393552e+01
      vertex   -1.531269e+01 6.449172e+00 -1.398769e+01
      vertex   -1.550133e+01 6.504432e+00 -1.402675e+01
    endloop
  endfacet
  facet normal 3.374357e-01 7.464229e-01 -5.735764e-01
    outer loop
      vertex   -1.585867e+01 6.736079e+00 -1.393552e+01
      vertex   -1.550133e+01 6.504432e+00 -1.402675e+01
      vertex   -1.557720e+01 6.517745e+00 -1.405406e+01
    endloop
  endfacet
  facet normal 3.374357e-01 7.464229e-01 -5.735764e-01
    outer loop
      vertex   -1.557720e+01 6.517745e+00 -1.405406e+01
      vertex   -1.563671e+01 6.520706e+00 -1.408522e+01
      vertex   -1.585867e+01 6.736079e+00 -1.393552e+01
    endloop
  endfacet
  facet normal 3.374357e-01 7.464229e-01 -5.735764e-01
    outer loop
      vertex   -1.585867e+01 6.736079e+00 -1.393552e+01
      vertex   -1.563671e+01 6.520706e+00 -1.408522e+01
      vertex   -1.565959e+01 6.518253e+00 -1.410187e+01
    endloop
  endfacet
  facet normal 3.374357e-01 7.464229e-01 -5.735764e-01
    outer loop
      vertex   -1.585867e+01 6.736079e+00 -1.393552e+01
      vertex   -1.565959e+01 6.518253e+00 -1.410187e+01
      vertex   -1.567757e+01 6.513201e+00 -1.411903e+01
    endloop
  endfacet
  facet normal 3.374357e-01 7.464229e-01 -5.735764e-01
    outer loop
      vertex   -1.567757e+01 6.513201e+00 -1.411903e+01
      vertex   -1.569049e+01 6.505598e+00 -1.413652e+01
      vertex   -1.585867e+01 6.736079e+00 -1.393552e+01
    endloop
  endfacet
  facet normal 3.374357e-01 7.464229e-01 -5.735764e-01
    outer loop
      vertex   -1.585867e+01 6.736079e+00 -1.393552e+01
      vertex   -1.569049e+01 6.505598e+00 -1.413652e+01
      vertex   -1.569501e+01 6.500862e+00 -1.414534e+01
    endloop
  endfacet
  facet normal 3.374357e-01 7.464229e-01 -5.735764e-01
    outer loop
      vertex   -1.585867e+01 6.736079e+00 -1.393552e+01
      vertex   -1.569501e+01 6.500862e+00 -1.414534e+01
      vertex   -1.569822e+01 6.495518e+00 -1.415418e+01
    endloop
  endfacet
  facet normal 3.374357e-01 7.464229e-01 -5.735764e-01
    outer loop
      vertex   -1.570068e+01 6.483057e+00 -1.417185e+01
      vertex   -1.569785e+01 6.468336e+00 -1.418934e+01
      vertex   -1.598481e+01 6.457049e+00 -1.437285e+01
    endloop
  endfacet
  facet normal 3.374357e-01 7.464229e-01 -5.735764e-01
    outer loop
      vertex   -1.598481e+01 6.457049e+00 -1.437285e+01
      vertex   -1.569785e+01 6.468336e+00 -1.418934e+01
      vertex   -1.568976e+01 6.451497e+00 -1.420650e+01
    endloop
  endfacet
  facet normal 3.374357e-01 7.464229e-01 -5.735764e-01
    outer loop
      vertex   -1.598481e+01 6.457049e+00 -1.437285e+01
      vertex   -1.568976e+01 6.451497e+00 -1.420650e+01
      vertex   -1.567649e+01 6.432701e+00 -1.422315e+01
    endloop
  endfacet
  facet normal 3.374357e-01 7.464229e-01 -5.735764e-01
    outer loop
      vertex   -1.567649e+01 6.432701e+00 -1.422315e+01
      vertex   -1.563495e+01 6.389982e+00 -1.425431e+01
      vertex   -1.598481e+01 6.457049e+00 -1.437285e+01
    endloop
  endfacet
  facet normal 3.374357e-01 7.464229e-01 -5.735764e-01
    outer loop
      vertex   -1.598481e+01 6.457049e+00 -1.437285e+01
      vertex   -1.563495e+01 6.389982e+00 -1.425431e+01
      vertex   -1.557484e+01 6.341821e+00 -1.428161e+01
    endloop
  endfacet
  facet normal 3.374357e-01 7.464229e-01 -5.735764e-01
    outer loop
      vertex   -1.598481e+01 6.457049e+00 -1.437285e+01
      vertex   -1.557484e+01 6.341821e+00 -1.428161e+01
      vertex   -1.540874e+01 6.236711e+00 -1.432068e+01
    endloop
  endfacet
  facet normal 9.112142e-01 -4.119329e-01 3.181391e-15
    outer loop
      vertex   -1.598481e+01 6.457049e+00 -1.437285e+01
      vertex   -1.595265e+01 6.528174e+00 -1.436465e+01
      vertex   -1.585867e+01 6.736079e+00 -1.393552e+01
    endloop
  endfacet
  facet normal 9.112142e-01 -4.119329e-01 -1.095830e-15
    outer loop
      vertex   -1.585867e+01 6.736079e+00 -1.393552e+01
      vertex   -1.595265e+01 6.528174e+00 -1.436465e+01
      vertex   -1.585084e+01 6.753388e+00 -1.401167e+01
    endloop
  endfacet
  facet normal 9.112142e-01 -4.119329e-01 1.144807e-14
    outer loop
      vertex   -1.585084e+01 6.753388e+00 -1.401167e+01
      vertex   -1.595265e+01 6.528174e+00 -1.436465e+01
      vertex   -1.585084e+01 6.753394e+00 -1.409016e+01
    endloop
  endfacet
  facet normal 9.112142e-01 -4.119329e-01 -2.803770e-15
    outer loop
      vertex   -1.585084e+01 6.753394e+00 -1.409016e+01
      vertex   -1.595265e+01 6.528174e+00 -1.436465e+01
      vertex   -1.592227e+01 6.595378e+00 -1.433782e+01
    endloop
  endfacet
  facet normal 9.112142e-01 -4.119329e-01 -1.861272e-15
    outer loop
      vertex   -1.585084e+01 6.753394e+00 -1.409016e+01
      vertex   -1.592227e+01 6.595378e+00 -1.433782e+01
      vertex   -1.585866e+01 6.736096e+00 -1.416631e+01
    endloop
  endfacet
  facet normal 9.112142e-01 -4.119329e-01 8.708237e-15
    outer loop
      vertex   -1.585866e+01 6.736096e+00 -1.416631e+01
      vertex   -1.592227e+01 6.595378e+00 -1.433782e+01
      vertex   -1.589547e+01 6.654669e+00 -1.429393e+01
    endloop
  endfacet
  facet normal 9.112142e-01 -4.119329e-01 3.535544e-14
    outer loop
      vertex   -1.585866e+01 6.736096e+00 -1.416631e+01
      vertex   -1.589547e+01 6.654669e+00 -1.429393e+01
      vertex   -1.587383e+01 6.702523e+00 -1.423561e+01
    endloop
  endfacet
  facet normal 8.933953e-01 -4.459265e-01 -5.472037e-02
    outer loop
      vertex   -1.569822e+01 6.495518e+00 -1.415418e+01
      vertex   -1.569501e+01 6.500862e+00 -1.414534e+01
      vertex   -1.581969e+01 6.226805e+00 -1.394770e+01
    endloop
  endfacet
  facet normal 8.933953e-01 -4.459265e-01 -5.472037e-02
    outer loop
      vertex   -1.581969e+01 6.226805e+00 -1.394770e+01
      vertex   -1.569501e+01 6.500862e+00 -1.414534e+01
      vertex   -1.581648e+01 6.232149e+00 -1.393885e+01
    endloop
  endfacet
  facet normal 8.467173e-01 -5.069214e-01 -1.615567e-01
    outer loop
      vertex   -1.581648e+01 6.232149e+00 -1.393885e+01
      vertex   -1.569501e+01 6.500862e+00 -1.414534e+01
      vertex   -1.569049e+01 6.505598e+00 -1.413652e+01
    endloop
  endfacet
  facet normal 8.467173e-01 -5.069214e-01 -1.615567e-01
    outer loop
      vertex   -1.581648e+01 6.232149e+00 -1.393885e+01
      vertex   -1.569049e+01 6.505598e+00 -1.413652e+01
      vertex   -1.581197e+01 6.236885e+00 -1.393003e+01
    endloop
  endfacet
  facet normal 7.560992e-01 -5.778755e-01 -3.072034e-01
    outer loop
      vertex   -1.581197e+01 6.236885e+00 -1.393003e+01
      vertex   -1.569049e+01 6.505598e+00 -1.413652e+01
      vertex   -1.567757e+01 6.513201e+00 -1.411903e+01
    endloop
  endfacet
  facet normal 7.560992e-01 -5.778755e-01 -3.072034e-01
    outer loop
      vertex   -1.581197e+01 6.236885e+00 -1.393003e+01
      vertex   -1.567757e+01 6.513201e+00 -1.411903e+01
      vertex   -1.579905e+01 6.244488e+00 -1.391254e+01
    endloop
  endfacet
  facet normal 6.191254e-01 -6.349595e-01 -4.620715e-01
    outer loop
      vertex   -1.579905e+01 6.244488e+00 -1.391254e+01
      vertex   -1.567757e+01 6.513201e+00 -1.411903e+01
      vertex   -1.565959e+01 6.518253e+00 -1.410187e+01
    endloop
  endfacet
  facet normal 6.191254e-01 -6.349595e-01 -4.620715e-01
    outer loop
      vertex   -1.579905e+01 6.244488e+00 -1.391254e+01
      vertex   -1.565959e+01 6.518253e+00 -1.410187e+01
      vertex   -1.578106e+01 6.249540e+00 -1.389538e+01
    endloop
  endfacet
  facet normal 4.871417e-01 -6.598437e-01 -5.721007e-01
    outer loop
      vertex   -1.578106e+01 6.249540e+00 -1.389538e+01
      vertex   -1.565959e+01 6.518253e+00 -1.410187e+01
      vertex   -1.563671e+01 6.520706e+00 -1.408522e+01
    endloop
  endfacet
  facet normal 4.871417e-01 -6.598437e-01 -5.721007e-01
    outer loop
      vertex   -1.578106e+01 6.249540e+00 -1.389538e+01
      vertex   -1.563671e+01 6.520706e+00 -1.408522e+01
      vertex   -1.575818e+01 6.251994e+00 -1.387873e+01
    endloop
  endfacet
  facet normal 3.206176e-01 -6.640132e-01 -6.754930e-01
    outer loop
      vertex   -1.575818e+01 6.251994e+00 -1.387873e+01
      vertex   -1.563671e+01 6.520706e+00 -1.408522e+01
      vertex   -1.557720e+01 6.517745e+00 -1.405406e+01
    endloop
  endfacet
  facet normal 3.206176e-01 -6.640132e-01 -6.754930e-01
    outer loop
      vertex   -1.575818e+01 6.251994e+00 -1.387873e+01
      vertex   -1.557720e+01 6.517745e+00 -1.405406e+01
      vertex   -1.569867e+01 6.249033e+00 -1.384758e+01
    endloop
  endfacet
  facet normal 1.559811e-01 -6.452256e-01 -7.478996e-01
    outer loop
      vertex   -1.569867e+01 6.249033e+00 -1.384758e+01
      vertex   -1.557720e+01 6.517745e+00 -1.405406e+01
      vertex   -1.550133e+01 6.504432e+00 -1.402675e+01
    endloop
  endfacet
  facet normal 1.559811e-01 -6.452256e-01 -7.478996e-01
    outer loop
      vertex   -1.569867e+01 6.249033e+00 -1.384758e+01
      vertex   -1.550133e+01 6.504432e+00 -1.402675e+01
      vertex   -1.562280e+01 6.235719e+00 -1.382027e+01
    endloop
  endfacet
  facet normal -1.265437e-02 -6.056617e-01 -7.956216e-01
    outer loop
      vertex   -1.562280e+01 6.235719e+00 -1.382027e+01
      vertex   -1.550133e+01 6.504432e+00 -1.402675e+01
      vertex   -1.531269e+01 6.449172e+00 -1.398769e+01
    endloop
  endfacet
  facet normal -1.265437e-02 -6.056617e-01 -7.956216e-01
    outer loop
      vertex   -1.562280e+01 6.235719e+00 -1.382027e+01
      vertex   -1.531269e+01 6.449172e+00 -1.398769e+01
      vertex   -1.543416e+01 6.180460e+00 -1.378120e+01
    endloop
  endfacet
  facet normal -1.693662e-01 -5.512309e-01 -8.169820e-01
    outer loop
      vertex   -1.543416e+01 6.180460e+00 -1.378120e+01
      vertex   -1.531269e+01 6.449172e+00 -1.398769e+01
      vertex   -1.509951e+01 6.363341e+00 -1.397397e+01
    endloop
  endfacet
  facet normal -1.693662e-01 -5.512309e-01 -8.169820e-01
    outer loop
      vertex   -1.543416e+01 6.180460e+00 -1.378120e+01
      vertex   -1.509951e+01 6.363341e+00 -1.397397e+01
      vertex   -1.522098e+01 6.094629e+00 -1.376748e+01
    endloop
  endfacet
  facet normal -3.019320e-01 -4.913018e-01 -8.169820e-01
    outer loop
      vertex   -1.522098e+01 6.094629e+00 -1.376748e+01
      vertex   -1.509951e+01 6.363341e+00 -1.397397e+01
      vertex   -1.489424e+01 6.260004e+00 -1.398769e+01
    endloop
  endfacet
  facet normal -3.019320e-01 -4.913018e-01 -8.169820e-01
    outer loop
      vertex   -1.522098e+01 6.094629e+00 -1.376748e+01
      vertex   -1.489424e+01 6.260004e+00 -1.398769e+01
      vertex   -1.501572e+01 5.991292e+00 -1.378120e+01
    endloop
  endfacet
  facet normal -4.463215e-01 -4.096136e-01 -7.956216e-01
    outer loop
      vertex   -1.501572e+01 5.991292e+00 -1.378120e+01
      vertex   -1.489424e+01 6.260004e+00 -1.398769e+01
      vertex   -1.472814e+01 6.154895e+00 -1.402675e+01
    endloop
  endfacet
  facet normal -4.463215e-01 -4.096136e-01 -7.956216e-01
    outer loop
      vertex   -1.501572e+01 5.991292e+00 -1.378120e+01
      vertex   -1.472814e+01 6.154895e+00 -1.402675e+01
      vertex   -1.484961e+01 5.886183e+00 -1.382027e+01
    endloop
  endfacet
  facet normal -5.874273e-01 -3.091527e-01 -7.478996e-01
    outer loop
      vertex   -1.484961e+01 5.886183e+00 -1.382027e+01
      vertex   -1.472814e+01 6.154895e+00 -1.402675e+01
      vertex   -1.466802e+01 6.106733e+00 -1.405406e+01
    endloop
  endfacet
  facet normal -5.874273e-01 -3.091527e-01 -7.478996e-01
    outer loop
      vertex   -1.484961e+01 5.886183e+00 -1.382027e+01
      vertex   -1.466802e+01 6.106733e+00 -1.405406e+01
      vertex   -1.478950e+01 5.838021e+00 -1.384758e+01
    endloop
  endfacet
  facet normal -7.102941e-01 -1.979686e-01 -6.754930e-01
    outer loop
      vertex   -1.478950e+01 5.838021e+00 -1.384758e+01
      vertex   -1.466802e+01 6.106733e+00 -1.405406e+01
      vertex   -1.462648e+01 6.064014e+00 -1.408522e+01
    endloop
  endfacet
  facet normal -7.102941e-01 -1.979686e-01 -6.754930e-01
    outer loop
      vertex   -1.478950e+01 5.838021e+00 -1.384758e+01
      vertex   -1.462648e+01 6.064014e+00 -1.408522e+01
      vertex   -1.474796e+01 5.795302e+00 -1.387873e+01
    endloop
  endfacet
  facet normal -8.171735e-01 -7.020142e-02 -5.721007e-01
    outer loop
      vertex   -1.474796e+01 5.795302e+00 -1.387873e+01
      vertex   -1.462648e+01 6.064014e+00 -1.408522e+01
      vertex   -1.461321e+01 6.045218e+00 -1.410187e+01
    endloop
  endfacet
  facet normal -8.171735e-01 -7.020142e-02 -5.721007e-01
    outer loop
      vertex   -1.474796e+01 5.795302e+00 -1.387873e+01
      vertex   -1.461321e+01 6.045218e+00 -1.410187e+01
      vertex   -1.473469e+01 5.776506e+00 -1.389538e+01
    endloop
  endfacet
  facet normal -8.856839e-01 4.532019e-02 -4.620715e-01
    outer loop
      vertex   -1.473469e+01 5.776506e+00 -1.389538e+01
      vertex   -1.461321e+01 6.045218e+00 -1.410187e+01
      vertex   -1.460512e+01 6.028379e+00 -1.411903e+01
    endloop
  endfacet
  facet normal -8.856839e-01 4.532019e-02 -4.620715e-01
    outer loop
      vertex   -1.473469e+01 5.776506e+00 -1.389538e+01
      vertex   -1.460512e+01 6.028379e+00 -1.411903e+01
      vertex   -1.472660e+01 5.759667e+00 -1.391254e+01
    endloop
  endfacet
  facet normal -9.333178e-01 1.858600e-01 -3.072034e-01
    outer loop
      vertex   -1.472660e+01 5.759667e+00 -1.391254e+01
      vertex   -1.460512e+01 6.028379e+00 -1.411903e+01
      vertex   -1.460230e+01 6.013658e+00 -1.413652e+01
    endloop
  endfacet
  facet normal -9.333178e-01 1.858600e-01 -3.072034e-01
    outer loop
      vertex   -1.472660e+01 5.759667e+00 -1.391254e+01
      vertex   -1.460230e+01 6.013658e+00 -1.413652e+01
      vertex   -1.472377e+01 5.744946e+00 -1.393003e+01
    endloop
  endfacet
  facet normal -9.399156e-01 3.007624e-01 -1.615567e-01
    outer loop
      vertex   -1.472377e+01 5.744946e+00 -1.393003e+01
      vertex   -1.460230e+01 6.013658e+00 -1.413652e+01
      vertex   -1.460287e+01 6.007138e+00 -1.414534e+01
    endloop
  endfacet
  facet normal -9.399156e-01 3.007624e-01 -1.615567e-01
    outer loop
      vertex   -1.472377e+01 5.744946e+00 -1.393003e+01
      vertex   -1.460287e+01 6.007138e+00 -1.414534e+01
      vertex   -1.472434e+01 5.738425e+00 -1.393885e+01
    endloop
  endfacet
  facet normal -9.249622e-01 3.760991e-01 -5.472037e-02
    outer loop
      vertex   -1.472434e+01 5.738425e+00 -1.393885e+01
      vertex   -1.460287e+01 6.007138e+00 -1.414534e+01
      vertex   -1.460476e+01 6.001198e+00 -1.415418e+01
    endloop
  endfacet
  facet normal -9.249622e-01 3.760991e-01 -5.472037e-02
    outer loop
      vertex   -1.472434e+01 5.738425e+00 -1.393885e+01
      vertex   -1.460476e+01 6.001198e+00 -1.415418e+01
      vertex   -1.472624e+01 5.732486e+00 -1.394770e+01
    endloop
  endfacet
endsolid
